2026-04-20T17:29:55.483040 [GNB     ] [I] Built in Release mode using commit  on branch 
2026-04-20T17:29:55.483803 [CONFIG  ] [I] Input configuration (only non-default values): 
log:
  filename: /tmp/gnb.log
  all_level: info
metrics:
  autostart_stdout_metrics: true
  enable_json: true
remote_control:
  enabled: true
  bind_addr: 0.0.0.0
cu_cp:
  inactivity_timer: 7200
  amf:
    addr: 10.53.1.2
    port: 38412
    bind_addr: 10.53.1.3
    supported_tracking_areas: "tac: 7\nplmn_list:\n  - plmn: 00101\n    tai_slice_support_list:\n      - sst: 1"
pcap:
  ngap_filename: /tmp/gnb_ngap.pcap
  ngap_enable: enable
  mac_filename: /tmp/gnb_mac.pcap
  mac_enable: enable
cell_cfg:
  dl_arfcn: 368500
  band: 3
  common_scs: 15
  channel_bandwidth_MHz: 20
  plmn: 00101
  tac: 7
  pdcch:
    common:
      coreset0_index: 12
      ss0_index: 0
    dedicated:
      dci_format_0_1_and_1_1: false
      ss2_type: common
  pdsch:
    mcs_table: qam64
  pusch:
    mcs_table: qam64
  prach:
    prach_config_index: 1
    total_nof_ra_preambles: 64
ru_sdr:
  srate: 23.04
  device_driver: zmq
  device_args: tx_port=tcp://10.53.1.3:2000,rx_port=tcp://10.53.1.6:2001,base_srate=23.04e6
  tx_gain: 80
  rx_gain: 40
2026-04-20T17:29:56.447445 [GNB     ] [W] Could not check scaling governor. filename=/sys/devices/system/cpu/cpu0/cpufreq/scaling_governor error=No such file or directory
2026-04-20T17:29:56.447466 [GNB     ] [W] DRM KMS polling is enabled, which may hinder performance. You can disable it using the "srsran_performance" script
2026-04-20T17:29:56.448956 [CONFIG  ] [I] Worker pool "main_pool" instantiated with #workers=5, task_queue_size=2048, backoff_period=50us and priority=96.
2026-04-20T17:29:56.474992 [GTPU    ] [I] GTP-U demux. queue_size=2046 batch_size=256 warn_on_drop=false test_mode=false
2026-04-20T17:29:56.475197 [GTPU    ] [I] Tunnel added. teid=0x000000
2026-04-20T17:29:56.563370 [DU-MNG  ] [I] The upper-bound on the number of UEs supported by cell {pci=1, du_cell_index=0} is 160 (the actual number might be lower than that). This is determined by the lowest of the following limits: SR (160), CSI (160) and SRS (n/a).
2026-04-20T17:29:56.563737 [DU      ] [I] DU created successfully
2026-04-20T17:29:56.563747 [DU      ] [I] O-DU created successfully
2026-04-20T17:29:56.587655 [zmq:tx:0:0] [I] Binding to address tcp://10.53.1.3:2000.
2026-04-20T17:29:56.619485 [zmq:rx:0:0] [I] Connecting to address tcp://10.53.1.6:2001.
2026-04-20T17:29:57.750524 [GNB     ] [I] SSB derived parameters for cell: 1, band: 3, dl_arfcn:368500, nof_crbs: 106 scs:15kHz, ssb_scs:15kHz:
	 - SSB offset pointA:40 
	 - k_SSB:6 
	 - SSB arfcn:368410 
	 - Coreset index:12 
	 - Searchspace index:0
2026-04-20T17:29:57.750564 [IO-EPOLL] [E] fd=0: Failed to register file descriptor. Cause: epoll_ctl failed with "Operation not permitted"
2026-04-20T17:29:57.750636 [APP     ] [E] Couldn't register stdin handler
2026-04-20T17:29:57.750638 [GNB     ] [I] Starting CU-CP...
2026-04-20T17:29:57.789436 [CU-CP   ] [I] N2: Connection to AMF on 10.53.1.2:38412 was established
2026-04-20T17:29:57.789515 [NGAP    ] [I] Tx PDU: NGSetupRequest
2026-04-20T17:29:57.793659 [NGAP    ] [I] Rx PDU: NGSetupResponse
2026-04-20T17:29:57.793681 [CU-CP   ] [I] Connected to AMF. Supported PLMNs: 00101
2026-04-20T17:29:57.793710 [GNB     ] [I] CU-CP started successfully
2026-04-20T17:29:57.793738 [CU-UP   ] [I] CU-UP starting...
2026-04-20T17:29:57.793791 [CU-CP   ] [I] Added TNL connection to CU-UP 0
2026-04-20T17:29:57.793815 [CU-UP-E1] [I] Sending E1SetupRequest
2026-04-20T17:29:57.793821 [CU-UP-E1] [I] Tx PDU tid=0: GNB-CU-UP-E1SetupRequest
2026-04-20T17:29:57.793828 [CU-CP-E1] [I] Rx PDU tid=0: GNB-CU-UP-E1SetupRequest
2026-04-20T17:29:57.793833 [CU-CP-E1] [I] Tx PDU tid=0: GNB-CU-UP-E1SetupResponse
2026-04-20T17:29:57.793850 [CU-UP-E1] [I] Rx PDU tid=0: GNB-CU-UP-E1SetupResponse
2026-04-20T17:29:57.793852 [CU-UP-E1] [I] "E1AP CU-UP Setup Procedure" finalized
2026-04-20T17:29:57.793876 [CU-UP   ] [I] CU-UP started successfully
2026-04-20T17:29:57.793880 [DU      ] [I] Starting DU...
2026-04-20T17:29:57.793881 [DU      ] [I] Starting DU-High...
2026-04-20T17:29:57.793883 [DU-MNG  ] [I] DU manager starting...
2026-04-20T17:29:57.793922 [CU-CP   ] [I] Added TNL connection to DU 0
2026-04-20T17:29:57.812298 [DU-MNG  ] [I] SIB1 cell=0: {
  "cellSelectionInfo": {
    "q-RxLevMin": -70,
    "q-QualMin": -20
  },
  "cellAccessRelatedInfo": {
    "plmn-IdentityInfoList": [
      {
        "plmn-IdentityList": [
          {
            "mcc": [
              0,
              0,
              1
            ],
            "mnc": [
              0,
              1
            ]
          }
        ],
        "trackingAreaCode": "000000000000000000000111",
        "cellIdentity": "000000000000011001101100000000000000",
        "cellReservedForOperatorUse": "notReserved"
      }
    ]
  },
  "connEstFailureControl": {
    "connEstFailCount": "n1",
    "connEstFailOffsetValidity": "s30",
    "connEstFailOffset": 1
  },
  "servingCellConfigCommon": {
    "downlinkConfigCommon": {
      "frequencyInfoDL": {
        "frequencyBandList": [
          {
            "freqBandIndicatorNR": 3
          }
        ],
        "offsetToPointA": 40,
        "scs-SpecificCarrierList": [
          {
            "offsetToCarrier": 0,
            "subcarrierSpacing": "kHz15",
            "carrierBandwidth": 106,
            "txDirectCurrentLocation": 636
          }
        ]
      },
      "initialDownlinkBWP": {
        "genericParameters": {
          "locationAndBandwidth": 28875,
          "subcarrierSpacing": "kHz15"
        },
        "pdcch-ConfigCommon": {
          {
            "commonSearchSpaceList": [
              {
                "searchSpaceId": 1,
                "controlResourceSetId": 0,
                "monitoringSlotPeriodicityAndOffset": {
                },
                "monitoringSymbolsWithinSlot": "10000000000000",
                "nrofCandidates": {
                  "aggregationLevel1": "n0",
                  "aggregationLevel2": "n0",
                  "aggregationLevel4": "n1",
                  "aggregationLevel8": "n0",
                  "aggregationLevel16": "n0"
                },
                "searchSpaceType": {
                  "common": {
                    "dci-Format0-0-AndFormat1-0": {
                    }
                  }
                }
              }
            ],
            "searchSpaceSIB1": 0,
            "pagingSearchSpace": 1,
            "ra-SearchSpace": 1
          }
        },
        "pdsch-ConfigCommon": {
          {
            "pdsch-TimeDomainAllocationList": [
              {
                "mappingType": "typeA",
                "startSymbolAndLength": 40
              }
            ]
          }
        }
      },
      "bcch-Config": {
        "modificationPeriodCoeff": "n4"
      },
      "pcch-Config": {
        "defaultPagingCycle": "rf128",
        "nAndPagingFrameOffset": {
        },
        "ns": "one"
      }
    },
    "uplinkConfigCommon": {
      "frequencyInfoUL": {
        "frequencyBandList": [
          {
            "freqBandIndicatorNR": 3
          }
        ],
        "absoluteFrequencyPointA": 347592,
        "scs-SpecificCarrierList": [
          {
            "offsetToCarrier": 0,
            "subcarrierSpacing": "kHz15",
            "carrierBandwidth": 106
          }
        ]
      },
      "initialUplinkBWP": {
        "genericParameters": {
          "locationAndBandwidth": 28875,
          "subcarrierSpacing": "kHz15"
        },
        "rach-ConfigCommon": {
          {
            "rach-ConfigGeneric": {
              "prach-ConfigurationIndex": 1,
              "msg1-FDM": "one",
              "msg1-FrequencyStart": 8,
              "zeroCorrelationZoneConfig": 0,
              "preambleReceivedTargetPower": -100,
              "preambleTransMax": "n7",
              "powerRampingStep": "dB4",
              "ra-ResponseWindow": "sl10"
            },
            "ssb-perRACH-OccasionAndCB-PreamblesPerSSB": {
              "one": "n64"
            },
            "ra-ContentionResolutionTimer": "sf64",
            "prach-RootSequenceIndex": {
              "l839": 1
            },
            "restrictedSetConfig": "unrestrictedSet"
          }
        },
        "pusch-ConfigCommon": {
          {
            "pusch-TimeDomainAllocationList": [
              {
                "k2": 4,
                "mappingType": "typeA",
                "startSymbolAndLength": 27
              }
            ],
            "msg3-DeltaPreamble": 6,
            "p0-NominalWithGrant": -76
          }
        },
        "pucch-ConfigCommon": {
          {
            "pucch-ResourceCommon": 11,
            "pucch-GroupHopping": "neither",
            "p0-nominal": -90
          }
        }
      },
      "timeAlignmentTimerCommon": "infinity"
    },
    "n-TimingAdvanceOffset": "n25600",
    "ssb-PositionsInBurst": {
      "inOneGroup": "10000000"
    },
    "ssb-PeriodicityServingCell": "ms10",
    "ss-PBCH-BlockPower": -16
  },
  "ue-TimersAndConstants": {
    "t300": "ms1000",
    "t301": "ms1000",
    "t310": "ms1000",
    "n310": "n1",
    "t311": "ms3000",
    "n311": "n1",
    "t319": "ms1000"
  }
}
2026-04-20T17:29:57.812424 [DU-F1   ] [I] F1 Setup: Sending F1 Setup Request to CU-CP...
2026-04-20T17:29:57.812431 [DU-F1   ] [I] Tx PDU du=0 tid=0: F1SetupRequest
2026-04-20T17:29:57.812482 [CU-CP-F1] [I] Rx PDU du=0 tid=0: F1SetupRequest
2026-04-20T17:29:57.812563 [CU-CP-F1] [I] Tx PDU du=0 tid=0: F1SetupResponse
2026-04-20T17:29:57.812567 [DU-F1   ] [I] Rx PDU du=0 tid=0: F1SetupResponse
2026-04-20T17:29:57.812570 [DU-F1   ] [I] F1 Setup: Procedure completed successfully.
2026-04-20T17:29:57.812576 [SCHED   ] [I] [     0.0] cell=0: Cell scheduling was activated.
2026-04-20T17:29:57.812619 [MAC     ] [I] [     0.0] cell=0: Cell was activated
2026-04-20T17:29:57.812672 [DU-MNG  ] [I] DU manager started successfully.
2026-04-20T17:29:57.812673 [DU      ] [I] DU-High started successfully
2026-04-20T17:29:57.812676 [DU      ] [I] DU started successfully
2026-04-20T17:29:58.812724 [zmq:tx:0:0] [I] Waiting for request.
2026-04-20T17:29:58.812729 [zmq:rx:0:0] [I] Waiting for data.
2026-04-20T17:29:58.812833 [zmq:rx:0:0] [I] Waiting for reading samples. Completed 0 of 23040 samples.
2026-04-20T17:29:59.812732 [zmq:rx:0:0] [I] Waiting for data.
2026-04-20T17:29:59.812891 [zmq:rx:0:0] [I] Waiting for reading samples. Completed 0 of 23040 samples.
2026-04-20T17:30:00.009726 [zmq:tx:0:0] [I] Waiting for request.
2026-04-20T17:30:00.812732 [zmq:rx:0:0] [I] Waiting for data.
2026-04-20T17:30:00.812956 [zmq:rx:0:0] [I] Waiting for reading samples. Completed 0 of 23040 samples.
2026-04-20T17:30:01.009727 [zmq:tx:0:0] [I] Waiting for request.
2026-04-20T17:30:01.812732 [zmq:rx:0:0] [I] Waiting for data.
2026-04-20T17:30:01.813022 [zmq:rx:0:0] [I] Waiting for reading samples. Completed 0 of 23040 samples.
2026-04-20T17:30:02.009727 [zmq:tx:0:0] [I] Waiting for request.
2026-04-20T17:30:02.812733 [zmq:rx:0:0] [I] Waiting for data.
2026-04-20T17:30:02.813032 [zmq:rx:0:0] [I] Waiting for reading samples. Completed 0 of 23040 samples.
2026-04-20T17:30:03.009728 [zmq:tx:0:0] [I] Waiting for request.
2026-04-20T17:30:03.812734 [zmq:rx:0:0] [I] Waiting for data.
2026-04-20T17:30:03.813044 [zmq:rx:0:0] [I] Waiting for reading samples. Completed 0 of 23040 samples.
2026-04-20T17:30:04.009728 [zmq:tx:0:0] [I] Waiting for request.
2026-04-20T17:30:04.812734 [zmq:rx:0:0] [I] Waiting for data.
2026-04-20T17:30:04.813097 [zmq:rx:0:0] [I] Waiting for reading samples. Completed 0 of 23040 samples.
2026-04-20T17:30:05.009729 [zmq:tx:0:0] [I] Waiting for request.
2026-04-20T17:30:05.812735 [zmq:rx:0:0] [I] Waiting for data.
2026-04-20T17:30:05.813100 [zmq:rx:0:0] [I] Waiting for reading samples. Completed 0 of 23040 samples.
2026-04-20T17:30:06.009729 [zmq:tx:0:0] [I] Waiting for request.
2026-04-20T17:30:06.812735 [zmq:rx:0:0] [I] Waiting for data.
2026-04-20T17:30:06.813157 [zmq:rx:0:0] [I] Waiting for reading samples. Completed 0 of 23040 samples.
2026-04-20T17:30:07.009730 [zmq:tx:0:0] [I] Waiting for request.
2026-04-20T17:30:07.812751 [zmq:rx:0:0] [I] Waiting for data.
2026-04-20T17:30:07.813175 [zmq:rx:0:0] [I] Waiting for reading samples. Completed 0 of 23040 samples.
2026-04-20T17:30:08.009736 [zmq:tx:0:0] [I] Waiting for request.
2026-04-20T17:30:08.812751 [zmq:rx:0:0] [I] Waiting for data.
2026-04-20T17:30:08.813222 [zmq:rx:0:0] [I] Waiting for reading samples. Completed 0 of 23040 samples.
2026-04-20T17:30:09.009736 [zmq:tx:0:0] [I] Waiting for request.
2026-04-20T17:30:09.812751 [zmq:rx:0:0] [I] Waiting for data.
2026-04-20T17:30:09.813277 [zmq:rx:0:0] [I] Waiting for reading samples. Completed 0 of 23040 samples.
2026-04-20T17:30:09.965910 [SCHED   ] [I] [    10.3] Processed slot events pci=1: Cell creation idx=0 pci=1
2026-04-20T17:30:10.009736 [zmq:tx:0:0] [I] Waiting for request.
2026-04-20T17:30:10.965797 [zmq:rx:0:0] [I] Waiting for data.
2026-04-20T17:30:10.967061 [zmq:rx:0:0] [I] Waiting for reading samples. Completed 0 of 23040 samples.
2026-04-20T17:30:11.009737 [zmq:tx:0:0] [I] Waiting for request.
2026-04-20T17:30:11.965798 [zmq:rx:0:0] [I] Waiting for data.
2026-04-20T17:30:11.967064 [zmq:rx:0:0] [I] Waiting for reading samples. Completed 0 of 23040 samples.
2026-04-20T17:30:12.009737 [zmq:tx:0:0] [I] Waiting for request.
2026-04-20T17:30:14.650514 [zmq:rx:0:0] [I] Waiting for data.
2026-04-20T17:30:14.651820 [zmq:rx:0:0] [I] Waiting for reading samples. Completed 0 of 23040 samples.
2026-04-20T17:30:14.694454 [zmq:tx:0:0] [I] Waiting for request.
2026-04-20T17:30:15.650520 [zmq:rx:0:0] [I] Waiting for data.
2026-04-20T17:30:15.651881 [zmq:rx:0:0] [I] Waiting for reading samples. Completed 0 of 23040 samples.
2026-04-20T17:30:15.694454 [zmq:tx:0:0] [I] Waiting for request.
2026-04-20T17:30:16.650521 [zmq:rx:0:0] [I] Waiting for data.
2026-04-20T17:30:16.651944 [zmq:rx:0:0] [I] Waiting for reading samples. Completed 0 of 23040 samples.
2026-04-20T17:30:16.694455 [zmq:tx:0:0] [I] Waiting for request.
2026-04-20T17:30:17.650522 [zmq:rx:0:0] [I] Waiting for data.
2026-04-20T17:30:17.651977 [zmq:rx:0:0] [I] Waiting for reading samples. Completed 0 of 23040 samples.
2026-04-20T17:30:17.694455 [zmq:tx:0:0] [I] Waiting for request.
2026-04-20T17:30:18.650522 [zmq:rx:0:0] [I] Waiting for data.
2026-04-20T17:30:18.652036 [zmq:rx:0:0] [I] Waiting for reading samples. Completed 0 of 23040 samples.
2026-04-20T17:30:18.694456 [zmq:tx:0:0] [I] Waiting for request.
2026-04-20T17:30:19.650523 [zmq:rx:0:0] [I] Waiting for data.
2026-04-20T17:30:19.652038 [zmq:rx:0:0] [I] Waiting for reading samples. Completed 0 of 23040 samples.
2026-04-20T17:30:19.694456 [zmq:tx:0:0] [I] Waiting for request.
2026-04-20T17:30:20.650523 [zmq:rx:0:0] [I] Waiting for data.
2026-04-20T17:30:20.652059 [zmq:rx:0:0] [I] Waiting for reading samples. Completed 0 of 23040 samples.
2026-04-20T17:30:20.694456 [zmq:tx:0:0] [I] Waiting for request.
2026-04-20T17:30:21.650524 [zmq:rx:0:0] [I] Waiting for data.
2026-04-20T17:30:21.652080 [zmq:rx:0:0] [I] Waiting for reading samples. Completed 0 of 23040 samples.
2026-04-20T17:30:21.694457 [zmq:tx:0:0] [I] Waiting for request.
2026-04-20T17:30:22.650524 [zmq:rx:0:0] [I] Waiting for data.
2026-04-20T17:30:22.652088 [zmq:rx:0:0] [I] Waiting for reading samples. Completed 0 of 23040 samples.
2026-04-20T17:30:22.694458 [zmq:tx:0:0] [I] Waiting for request.
2026-04-20T17:30:23.650524 [zmq:rx:0:0] [I] Waiting for data.
2026-04-20T17:30:23.652138 [zmq:rx:0:0] [I] Waiting for reading samples. Completed 0 of 23040 samples.
2026-04-20T17:30:23.694458 [zmq:tx:0:0] [I] Waiting for request.
2026-04-20T17:30:24.650525 [zmq:rx:0:0] [I] Waiting for data.
2026-04-20T17:30:24.652200 [zmq:rx:0:0] [I] Waiting for reading samples. Completed 0 of 23040 samples.
2026-04-20T17:30:24.694466 [zmq:tx:0:0] [I] Waiting for request.
2026-04-20T17:30:25.650525 [zmq:rx:0:0] [I] Waiting for data.
2026-04-20T17:30:25.652215 [zmq:rx:0:0] [I] Waiting for reading samples. Completed 0 of 23040 samples.
2026-04-20T17:30:25.694467 [zmq:tx:0:0] [I] Waiting for request.
2026-04-20T17:30:26.650525 [zmq:rx:0:0] [I] Waiting for data.
2026-04-20T17:30:26.652232 [zmq:rx:0:0] [I] Waiting for reading samples. Completed 0 of 23040 samples.
2026-04-20T17:30:26.694467 [zmq:tx:0:0] [I] Waiting for request.
2026-04-20T17:30:27.650526 [zmq:rx:0:0] [I] Waiting for data.
2026-04-20T17:30:27.652294 [zmq:rx:0:0] [I] Waiting for reading samples. Completed 0 of 23040 samples.
2026-04-20T17:30:27.694467 [zmq:tx:0:0] [I] Waiting for request.
2026-04-20T17:30:28.650526 [zmq:rx:0:0] [I] Waiting for data.
2026-04-20T17:30:28.652298 [zmq:rx:0:0] [I] Waiting for reading samples. Completed 0 of 23040 samples.
2026-04-20T17:30:28.694467 [zmq:tx:0:0] [I] Waiting for request.
2026-04-20T17:30:29.650526 [zmq:rx:0:0] [I] Waiting for data.
2026-04-20T17:30:29.652424 [zmq:rx:0:0] [I] Waiting for reading samples. Completed 0 of 23040 samples.
2026-04-20T17:30:29.694469 [zmq:tx:0:0] [I] Waiting for request.
2026-04-20T17:30:30.650527 [zmq:rx:0:0] [I] Waiting for data.
2026-04-20T17:30:30.652440 [zmq:rx:0:0] [I] Waiting for reading samples. Completed 0 of 23040 samples.
2026-04-20T17:30:30.694469 [zmq:tx:0:0] [I] Waiting for request.
2026-04-20T17:30:31.650528 [zmq:rx:0:0] [I] Waiting for data.
2026-04-20T17:30:31.652467 [zmq:rx:0:0] [I] Waiting for reading samples. Completed 0 of 23040 samples.
2026-04-20T17:30:31.694469 [zmq:tx:0:0] [I] Waiting for request.
2026-04-20T17:30:32.650528 [zmq:rx:0:0] [I] Waiting for data.
2026-04-20T17:30:32.652514 [zmq:rx:0:0] [I] Waiting for reading samples. Completed 0 of 23040 samples.
2026-04-20T17:30:32.694469 [zmq:tx:0:0] [I] Waiting for request.
2026-04-20T17:30:33.650528 [zmq:rx:0:0] [I] Waiting for data.
2026-04-20T17:30:33.652580 [zmq:rx:0:0] [I] Waiting for reading samples. Completed 0 of 23040 samples.
2026-04-20T17:30:33.694470 [zmq:tx:0:0] [I] Waiting for request.
2026-04-20T17:30:34.650529 [zmq:rx:0:0] [I] Waiting for data.
2026-04-20T17:30:34.652603 [zmq:rx:0:0] [I] Waiting for reading samples. Completed 0 of 23040 samples.
2026-04-20T17:30:34.694470 [zmq:tx:0:0] [I] Waiting for request.
2026-04-20T17:30:35.650529 [zmq:rx:0:0] [I] Waiting for data.
2026-04-20T17:30:35.652616 [zmq:rx:0:0] [I] Waiting for reading samples. Completed 0 of 23040 samples.
2026-04-20T17:30:35.694471 [zmq:tx:0:0] [I] Waiting for request.
2026-04-20T17:30:36.650529 [zmq:rx:0:0] [I] Waiting for data.
2026-04-20T17:30:36.652633 [zmq:rx:0:0] [I] Waiting for reading samples. Completed 0 of 23040 samples.
2026-04-20T17:30:36.694471 [zmq:tx:0:0] [I] Waiting for request.
2026-04-20T17:30:37.650529 [zmq:rx:0:0] [I] Waiting for data.
2026-04-20T17:30:37.652656 [zmq:rx:0:0] [I] Waiting for reading samples. Completed 0 of 23040 samples.
2026-04-20T17:30:37.694472 [zmq:tx:0:0] [I] Waiting for request.
2026-04-20T17:30:38.650531 [zmq:rx:0:0] [I] Waiting for data.
2026-04-20T17:30:38.652707 [zmq:rx:0:0] [I] Waiting for reading samples. Completed 0 of 23040 samples.
2026-04-20T17:30:38.694472 [zmq:tx:0:0] [I] Waiting for request.
2026-04-20T17:30:39.650532 [zmq:rx:0:0] [I] Waiting for data.
2026-04-20T17:30:39.652734 [zmq:rx:0:0] [I] Waiting for reading samples. Completed 0 of 23040 samples.
2026-04-20T17:30:39.694473 [zmq:tx:0:0] [I] Waiting for request.
2026-04-20T17:30:40.650531 [zmq:rx:0:0] [I] Waiting for data.
2026-04-20T17:30:40.652767 [zmq:rx:0:0] [I] Waiting for reading samples. Completed 0 of 23040 samples.
2026-04-20T17:30:40.694473 [zmq:tx:0:0] [I] Waiting for request.
2026-04-20T17:30:41.650532 [zmq:rx:0:0] [I] Waiting for data.
2026-04-20T17:30:41.652819 [zmq:rx:0:0] [I] Waiting for reading samples. Completed 0 of 23040 samples.
2026-04-20T17:30:41.694474 [zmq:tx:0:0] [I] Waiting for request.
2026-04-20T17:30:42.650532 [zmq:rx:0:0] [I] Waiting for data.
2026-04-20T17:30:42.652869 [zmq:rx:0:0] [I] Waiting for reading samples. Completed 0 of 23040 samples.
2026-04-20T17:30:42.694474 [zmq:tx:0:0] [I] Waiting for request.
2026-04-20T17:30:43.650537 [zmq:rx:0:0] [I] Waiting for data.
2026-04-20T17:30:43.652914 [zmq:rx:0:0] [I] Waiting for reading samples. Completed 0 of 23040 samples.
2026-04-20T17:30:43.694474 [zmq:tx:0:0] [I] Waiting for request.
2026-04-20T17:30:44.650537 [zmq:rx:0:0] [I] Waiting for data.
2026-04-20T17:30:44.652938 [zmq:rx:0:0] [I] Waiting for reading samples. Completed 0 of 23040 samples.
2026-04-20T17:30:44.694475 [zmq:tx:0:0] [I] Waiting for request.
2026-04-20T17:30:45.650538 [zmq:rx:0:0] [I] Waiting for data.
2026-04-20T17:30:45.652948 [zmq:rx:0:0] [I] Waiting for reading samples. Completed 0 of 23040 samples.
2026-04-20T17:30:45.694475 [zmq:tx:0:0] [I] Waiting for request.
2026-04-20T17:30:48.414427 [zmq:rx:0:0] [I] Waiting for data.
2026-04-20T17:30:48.416889 [zmq:rx:0:0] [I] Waiting for reading samples. Completed 0 of 23040 samples.
2026-04-20T17:30:48.458363 [zmq:tx:0:0] [I] Waiting for request.
2026-04-20T17:30:49.414428 [zmq:rx:0:0] [I] Waiting for data.
2026-04-20T17:30:49.416927 [zmq:rx:0:0] [I] Waiting for reading samples. Completed 0 of 23040 samples.
2026-04-20T17:30:49.458363 [zmq:tx:0:0] [I] Waiting for request.
2026-04-20T17:30:50.414428 [zmq:rx:0:0] [I] Waiting for data.
2026-04-20T17:30:50.416952 [zmq:rx:0:0] [I] Waiting for reading samples. Completed 0 of 23040 samples.
2026-04-20T17:30:50.458365 [zmq:tx:0:0] [I] Waiting for request.
2026-04-20T17:30:51.414428 [zmq:rx:0:0] [I] Waiting for data.
2026-04-20T17:30:51.417018 [zmq:rx:0:0] [I] Waiting for reading samples. Completed 0 of 23040 samples.
2026-04-20T17:30:51.458407 [zmq:tx:0:0] [I] Waiting for request.
2026-04-20T17:30:52.414430 [zmq:rx:0:0] [I] Waiting for data.
2026-04-20T17:30:52.417026 [zmq:rx:0:0] [I] Waiting for reading samples. Completed 0 of 23040 samples.
2026-04-20T17:30:52.458407 [zmq:tx:0:0] [I] Waiting for request.
2026-04-20T17:30:53.414455 [zmq:rx:0:0] [I] Waiting for data.
2026-04-20T17:30:53.417083 [zmq:rx:0:0] [I] Waiting for reading samples. Completed 0 of 23040 samples.
2026-04-20T17:30:53.458407 [zmq:tx:0:0] [I] Waiting for request.
2026-04-20T17:30:54.414430 [zmq:rx:0:0] [I] Waiting for data.
2026-04-20T17:30:54.417102 [zmq:rx:0:0] [I] Waiting for reading samples. Completed 0 of 23040 samples.
2026-04-20T17:30:54.458416 [zmq:tx:0:0] [I] Waiting for request.
2026-04-20T17:30:55.414430 [zmq:rx:0:0] [I] Waiting for data.
2026-04-20T17:30:55.417116 [zmq:rx:0:0] [I] Waiting for reading samples. Completed 0 of 23040 samples.
2026-04-20T17:30:55.458416 [zmq:tx:0:0] [I] Waiting for request.
2026-04-20T17:30:56.414456 [zmq:rx:0:0] [I] Waiting for data.
2026-04-20T17:30:56.417124 [zmq:rx:0:0] [I] Waiting for reading samples. Completed 0 of 23040 samples.
2026-04-20T17:30:56.458414 [zmq:tx:0:0] [I] Waiting for request.
2026-04-20T17:30:57.414431 [zmq:rx:0:0] [I] Waiting for data.
2026-04-20T17:30:57.417130 [zmq:rx:0:0] [I] Waiting for reading samples. Completed 0 of 23040 samples.
2026-04-20T17:30:57.458415 [zmq:tx:0:0] [I] Waiting for request.
2026-04-20T17:30:58.414431 [zmq:rx:0:0] [I] Waiting for data.
2026-04-20T17:30:58.417151 [zmq:rx:0:0] [I] Waiting for reading samples. Completed 0 of 23040 samples.
2026-04-20T17:30:58.458414 [zmq:tx:0:0] [I] Waiting for request.
2026-04-20T17:30:59.414431 [zmq:rx:0:0] [I] Waiting for data.
2026-04-20T17:30:59.417191 [zmq:rx:0:0] [I] Waiting for reading samples. Completed 0 of 23040 samples.
2026-04-20T17:30:59.458416 [zmq:tx:0:0] [I] Waiting for request.
2026-04-20T17:31:00.414432 [zmq:rx:0:0] [I] Waiting for data.
2026-04-20T17:31:00.417195 [zmq:rx:0:0] [I] Waiting for reading samples. Completed 0 of 23040 samples.
2026-04-20T17:31:00.458416 [zmq:tx:0:0] [I] Waiting for request.
2026-04-20T17:31:01.414432 [zmq:rx:0:0] [I] Waiting for data.
2026-04-20T17:31:01.417238 [zmq:rx:0:0] [I] Waiting for reading samples. Completed 0 of 23040 samples.
2026-04-20T17:31:01.458417 [zmq:tx:0:0] [I] Waiting for request.
2026-04-20T17:31:02.414433 [zmq:rx:0:0] [I] Waiting for data.
2026-04-20T17:31:02.417282 [zmq:rx:0:0] [I] Waiting for reading samples. Completed 0 of 23040 samples.
2026-04-20T17:31:02.458418 [zmq:tx:0:0] [I] Waiting for request.
2026-04-20T17:31:03.414434 [zmq:rx:0:0] [I] Waiting for data.
2026-04-20T17:31:03.417336 [zmq:rx:0:0] [I] Waiting for reading samples. Completed 0 of 23040 samples.
2026-04-20T17:31:03.458418 [zmq:tx:0:0] [I] Waiting for request.
2026-04-20T17:31:04.414449 [zmq:rx:0:0] [I] Waiting for data.
2026-04-20T17:31:04.417347 [zmq:rx:0:0] [I] Waiting for reading samples. Completed 0 of 23040 samples.
2026-04-20T17:31:04.458417 [zmq:tx:0:0] [I] Waiting for request.
2026-04-20T17:31:05.414434 [zmq:rx:0:0] [I] Waiting for data.
2026-04-20T17:31:05.417387 [zmq:rx:0:0] [I] Waiting for reading samples. Completed 0 of 23040 samples.
2026-04-20T17:31:05.458417 [zmq:tx:0:0] [I] Waiting for request.
2026-04-20T17:31:06.414435 [zmq:rx:0:0] [I] Waiting for data.
2026-04-20T17:31:06.417450 [zmq:rx:0:0] [I] Waiting for reading samples. Completed 0 of 23040 samples.
2026-04-20T17:31:06.458418 [zmq:tx:0:0] [I] Waiting for request.
2026-04-20T17:31:07.414435 [zmq:rx:0:0] [I] Waiting for data.
2026-04-20T17:31:07.417478 [zmq:rx:0:0] [I] Waiting for reading samples. Completed 0 of 23040 samples.
2026-04-20T17:31:07.458418 [zmq:tx:0:0] [I] Waiting for request.
2026-04-20T17:31:08.414435 [zmq:rx:0:0] [I] Waiting for data.
2026-04-20T17:31:08.417506 [zmq:rx:0:0] [I] Waiting for reading samples. Completed 0 of 23040 samples.
2026-04-20T17:31:08.458418 [zmq:tx:0:0] [I] Waiting for request.
2026-04-20T17:31:09.414436 [zmq:rx:0:0] [I] Waiting for data.
2026-04-20T17:31:09.417550 [zmq:rx:0:0] [I] Waiting for reading samples. Completed 0 of 23040 samples.
2026-04-20T17:31:09.458419 [zmq:tx:0:0] [I] Waiting for request.
2026-04-20T17:31:10.414435 [zmq:rx:0:0] [I] Waiting for data.
2026-04-20T17:31:10.417617 [zmq:rx:0:0] [I] Waiting for reading samples. Completed 0 of 23040 samples.
2026-04-20T17:31:10.458419 [zmq:tx:0:0] [I] Waiting for request.
2026-04-20T17:31:11.414437 [zmq:rx:0:0] [I] Waiting for data.
2026-04-20T17:31:11.417641 [zmq:rx:0:0] [I] Waiting for reading samples. Completed 0 of 23040 samples.
2026-04-20T17:31:11.458420 [zmq:tx:0:0] [I] Waiting for request.
2026-04-20T17:31:12.414437 [zmq:rx:0:0] [I] Waiting for data.
2026-04-20T17:31:12.417676 [zmq:rx:0:0] [I] Waiting for reading samples. Completed 0 of 23040 samples.
2026-04-20T17:31:12.458420 [zmq:tx:0:0] [I] Waiting for request.
2026-04-20T17:31:13.414437 [zmq:rx:0:0] [I] Waiting for data.
2026-04-20T17:31:13.417685 [zmq:rx:0:0] [I] Waiting for reading samples. Completed 0 of 23040 samples.
2026-04-20T17:31:13.458420 [zmq:tx:0:0] [I] Waiting for request.
2026-04-20T17:31:14.414438 [zmq:rx:0:0] [I] Waiting for data.
2026-04-20T17:31:14.417738 [zmq:rx:0:0] [I] Waiting for reading samples. Completed 0 of 23040 samples.
2026-04-20T17:31:14.458421 [zmq:tx:0:0] [I] Waiting for request.
2026-04-20T17:31:15.414438 [zmq:rx:0:0] [I] Waiting for data.
2026-04-20T17:31:15.417764 [zmq:rx:0:0] [I] Waiting for reading samples. Completed 0 of 23040 samples.
2026-04-20T17:31:15.458421 [zmq:tx:0:0] [I] Waiting for request.
2026-04-20T17:31:16.414438 [zmq:rx:0:0] [I] Waiting for data.
2026-04-20T17:31:16.417785 [zmq:rx:0:0] [I] Waiting for reading samples. Completed 0 of 23040 samples.
2026-04-20T17:31:16.458438 [zmq:tx:0:0] [I] Waiting for request.
2026-04-20T17:31:17.414438 [zmq:rx:0:0] [I] Waiting for data.
2026-04-20T17:31:17.417849 [zmq:rx:0:0] [I] Waiting for reading samples. Completed 0 of 23040 samples.
2026-04-20T17:31:17.458446 [zmq:tx:0:0] [I] Waiting for request.
2026-04-20T17:31:18.414439 [zmq:rx:0:0] [I] Waiting for data.
2026-04-20T17:31:18.417918 [zmq:rx:0:0] [I] Waiting for reading samples. Completed 0 of 23040 samples.
2026-04-20T17:31:18.458422 [zmq:tx:0:0] [I] Waiting for request.
2026-04-20T17:31:19.414439 [zmq:rx:0:0] [I] Waiting for data.
2026-04-20T17:31:19.417950 [zmq:rx:0:0] [I] Waiting for reading samples. Completed 0 of 23040 samples.
2026-04-20T17:31:19.458422 [zmq:tx:0:0] [I] Waiting for request.
2026-04-20T17:31:22.592813 [zmq:rx:0:0] [I] Waiting for data.
2026-04-20T17:31:22.596363 [zmq:rx:0:0] [I] Waiting for reading samples. Completed 0 of 23040 samples.
2026-04-20T17:31:22.636806 [zmq:tx:0:0] [I] Waiting for request.
2026-04-20T17:31:23.592814 [zmq:rx:0:0] [I] Waiting for data.
2026-04-20T17:31:23.596410 [zmq:rx:0:0] [I] Waiting for reading samples. Completed 0 of 23040 samples.
2026-04-20T17:31:23.636808 [zmq:tx:0:0] [I] Waiting for request.
2026-04-20T17:31:24.592814 [zmq:rx:0:0] [I] Waiting for data.
2026-04-20T17:31:24.596420 [zmq:rx:0:0] [I] Waiting for reading samples. Completed 0 of 23040 samples.
2026-04-20T17:31:24.636809 [zmq:tx:0:0] [I] Waiting for request.
2026-04-20T17:31:25.592814 [zmq:rx:0:0] [I] Waiting for data.
2026-04-20T17:31:25.596462 [zmq:rx:0:0] [I] Waiting for reading samples. Completed 0 of 23040 samples.
2026-04-20T17:31:25.636810 [zmq:tx:0:0] [I] Waiting for request.
2026-04-20T17:31:26.592815 [zmq:rx:0:0] [I] Waiting for data.
2026-04-20T17:31:26.596493 [zmq:rx:0:0] [I] Waiting for reading samples. Completed 0 of 23040 samples.
2026-04-20T17:31:26.636810 [zmq:tx:0:0] [I] Waiting for request.
2026-04-20T17:31:27.592815 [zmq:rx:0:0] [I] Waiting for data.
2026-04-20T17:31:27.596496 [zmq:rx:0:0] [I] Waiting for reading samples. Completed 0 of 23040 samples.
2026-04-20T17:31:27.636810 [zmq:tx:0:0] [I] Waiting for request.
2026-04-20T17:31:28.592816 [zmq:rx:0:0] [I] Waiting for data.
2026-04-20T17:31:28.596503 [zmq:rx:0:0] [I] Waiting for reading samples. Completed 0 of 23040 samples.
2026-04-20T17:31:28.636811 [zmq:tx:0:0] [I] Waiting for request.
2026-04-20T17:31:29.592815 [zmq:rx:0:0] [I] Waiting for data.
2026-04-20T17:31:29.596523 [zmq:rx:0:0] [I] Waiting for reading samples. Completed 0 of 23040 samples.
2026-04-20T17:31:29.636812 [zmq:tx:0:0] [I] Waiting for request.
2026-04-20T17:31:30.592817 [zmq:rx:0:0] [I] Waiting for data.
2026-04-20T17:31:30.596593 [zmq:rx:0:0] [I] Waiting for reading samples. Completed 0 of 23040 samples.
2026-04-20T17:31:30.636813 [zmq:tx:0:0] [I] Waiting for request.
2026-04-20T17:31:31.592816 [zmq:rx:0:0] [I] Waiting for data.
2026-04-20T17:31:31.596645 [zmq:rx:0:0] [I] Waiting for reading samples. Completed 0 of 23040 samples.
2026-04-20T17:31:31.636813 [zmq:tx:0:0] [I] Waiting for request.
2026-04-20T17:31:32.592817 [zmq:rx:0:0] [I] Waiting for data.
2026-04-20T17:31:32.596681 [zmq:rx:0:0] [I] Waiting for reading samples. Completed 0 of 23040 samples.
2026-04-20T17:31:32.636814 [zmq:tx:0:0] [I] Waiting for request.
2026-04-20T17:31:33.592817 [zmq:rx:0:0] [I] Waiting for data.
2026-04-20T17:31:33.596702 [zmq:rx:0:0] [I] Waiting for reading samples. Completed 0 of 23040 samples.
2026-04-20T17:31:33.636814 [zmq:tx:0:0] [I] Waiting for request.
2026-04-20T17:31:34.592818 [zmq:rx:0:0] [I] Waiting for data.
2026-04-20T17:31:34.596760 [zmq:rx:0:0] [I] Waiting for reading samples. Completed 0 of 23040 samples.
2026-04-20T17:31:34.636815 [zmq:tx:0:0] [I] Waiting for request.
2026-04-20T17:31:35.592818 [zmq:rx:0:0] [I] Waiting for data.
2026-04-20T17:31:35.596795 [zmq:rx:0:0] [I] Waiting for reading samples. Completed 0 of 23040 samples.
2026-04-20T17:31:35.636815 [zmq:tx:0:0] [I] Waiting for request.
2026-04-20T17:31:36.592819 [zmq:rx:0:0] [I] Waiting for data.
2026-04-20T17:31:36.596801 [zmq:rx:0:0] [I] Waiting for reading samples. Completed 0 of 23040 samples.
2026-04-20T17:31:36.636815 [zmq:tx:0:0] [I] Waiting for request.
2026-04-20T17:31:37.592820 [zmq:rx:0:0] [I] Waiting for data.
2026-04-20T17:31:37.596818 [zmq:rx:0:0] [I] Waiting for reading samples. Completed 0 of 23040 samples.
2026-04-20T17:31:37.636816 [zmq:tx:0:0] [I] Waiting for request.
2026-04-20T17:31:38.592820 [zmq:rx:0:0] [I] Waiting for data.
2026-04-20T17:31:38.596875 [zmq:rx:0:0] [I] Waiting for reading samples. Completed 0 of 23040 samples.
2026-04-20T17:31:38.636816 [zmq:tx:0:0] [I] Waiting for request.
2026-04-20T17:31:39.592820 [zmq:rx:0:0] [I] Waiting for data.
2026-04-20T17:31:39.596900 [zmq:rx:0:0] [I] Waiting for reading samples. Completed 0 of 23040 samples.
2026-04-20T17:31:39.636816 [zmq:tx:0:0] [I] Waiting for request.
2026-04-20T17:31:40.592845 [zmq:rx:0:0] [I] Waiting for data.
2026-04-20T17:31:40.596915 [zmq:rx:0:0] [I] Waiting for reading samples. Completed 0 of 23040 samples.
2026-04-20T17:31:40.636817 [zmq:tx:0:0] [I] Waiting for request.
2026-04-20T17:31:41.592821 [zmq:rx:0:0] [I] Waiting for data.
2026-04-20T17:31:41.596969 [zmq:rx:0:0] [I] Waiting for reading samples. Completed 0 of 23040 samples.
2026-04-20T17:31:41.636841 [zmq:tx:0:0] [I] Waiting for request.
2026-04-20T17:31:42.592821 [zmq:rx:0:0] [I] Waiting for data.
2026-04-20T17:31:42.597022 [zmq:rx:0:0] [I] Waiting for reading samples. Completed 0 of 23040 samples.
2026-04-20T17:31:42.636818 [zmq:tx:0:0] [I] Waiting for request.
2026-04-20T17:31:43.592822 [zmq:rx:0:0] [I] Waiting for data.
2026-04-20T17:31:43.597080 [zmq:rx:0:0] [I] Waiting for reading samples. Completed 0 of 23040 samples.
2026-04-20T17:31:43.636818 [zmq:tx:0:0] [I] Waiting for request.
2026-04-20T17:31:44.592823 [zmq:rx:0:0] [I] Waiting for data.
2026-04-20T17:31:44.597095 [zmq:rx:0:0] [I] Waiting for reading samples. Completed 0 of 23040 samples.
2026-04-20T17:31:44.636818 [zmq:tx:0:0] [I] Waiting for request.
2026-04-20T17:31:45.592823 [zmq:rx:0:0] [I] Waiting for data.
2026-04-20T17:31:45.597132 [zmq:rx:0:0] [I] Waiting for reading samples. Completed 0 of 23040 samples.
2026-04-20T17:31:45.636818 [zmq:tx:0:0] [I] Waiting for request.
2026-04-20T17:31:46.592824 [zmq:rx:0:0] [I] Waiting for data.
2026-04-20T17:31:46.597165 [zmq:rx:0:0] [I] Waiting for reading samples. Completed 0 of 23040 samples.
2026-04-20T17:31:46.636819 [zmq:tx:0:0] [I] Waiting for request.
2026-04-20T17:31:47.592824 [zmq:rx:0:0] [I] Waiting for data.
2026-04-20T17:31:47.597187 [zmq:rx:0:0] [I] Waiting for reading samples. Completed 0 of 23040 samples.
2026-04-20T17:31:47.636819 [zmq:tx:0:0] [I] Waiting for request.
2026-04-20T17:31:48.592825 [zmq:rx:0:0] [I] Waiting for data.
2026-04-20T17:31:48.597245 [zmq:rx:0:0] [I] Waiting for reading samples. Completed 0 of 23040 samples.
2026-04-20T17:31:48.636820 [zmq:tx:0:0] [I] Waiting for request.
2026-04-20T17:31:49.592825 [zmq:rx:0:0] [I] Waiting for data.
2026-04-20T17:31:49.597303 [zmq:rx:0:0] [I] Waiting for reading samples. Completed 0 of 23040 samples.
2026-04-20T17:31:49.636820 [zmq:tx:0:0] [I] Waiting for request.
2026-04-20T17:31:50.592825 [zmq:rx:0:0] [I] Waiting for data.
2026-04-20T17:31:50.597331 [zmq:rx:0:0] [I] Waiting for reading samples. Completed 0 of 23040 samples.
2026-04-20T17:31:50.636821 [zmq:tx:0:0] [I] Waiting for request.
2026-04-20T17:31:51.592832 [zmq:rx:0:0] [I] Waiting for data.
2026-04-20T17:31:51.597364 [zmq:rx:0:0] [I] Waiting for reading samples. Completed 0 of 23040 samples.
2026-04-20T17:31:51.636822 [zmq:tx:0:0] [I] Waiting for request.
2026-04-20T17:31:52.592826 [zmq:rx:0:0] [I] Waiting for data.
2026-04-20T17:31:52.597414 [zmq:rx:0:0] [I] Waiting for reading samples. Completed 0 of 23040 samples.
2026-04-20T17:31:52.636823 [zmq:tx:0:0] [I] Waiting for request.
2026-04-20T17:31:53.592827 [zmq:rx:0:0] [I] Waiting for data.
2026-04-20T17:31:53.597476 [zmq:rx:0:0] [I] Waiting for reading samples. Completed 0 of 23040 samples.
2026-04-20T17:31:53.636823 [zmq:tx:0:0] [I] Waiting for request.
2026-04-20T17:31:54.592827 [zmq:rx:0:0] [I] Waiting for data.
2026-04-20T17:31:54.597492 [zmq:rx:0:0] [I] Waiting for reading samples. Completed 0 of 23040 samples.
2026-04-20T17:31:54.636823 [zmq:tx:0:0] [I] Waiting for request.
2026-04-20T17:31:57.872864 [zmq:rx:0:0] [I] Waiting for data.
2026-04-20T17:31:57.879585 [zmq:rx:0:0] [I] Waiting for reading samples. Completed 0 of 23040 samples.
2026-04-20T17:31:57.916860 [zmq:tx:0:0] [I] Waiting for request.
2026-04-20T17:31:58.872864 [zmq:rx:0:0] [I] Waiting for data.
2026-04-20T17:31:58.879628 [zmq:rx:0:0] [I] Waiting for reading samples. Completed 0 of 23040 samples.
2026-04-20T17:31:58.916860 [zmq:tx:0:0] [I] Waiting for request.
2026-04-20T17:31:59.872865 [zmq:rx:0:0] [I] Waiting for data.
2026-04-20T17:31:59.879739 [zmq:rx:0:0] [I] Waiting for reading samples. Completed 0 of 23040 samples.
2026-04-20T17:31:59.916861 [zmq:tx:0:0] [I] Waiting for request.
2026-04-20T17:32:00.872865 [zmq:rx:0:0] [I] Waiting for data.
2026-04-20T17:32:00.879800 [zmq:rx:0:0] [I] Waiting for reading samples. Completed 0 of 23040 samples.
2026-04-20T17:32:00.916861 [zmq:tx:0:0] [I] Waiting for request.
2026-04-20T17:32:01.872991 [zmq:rx:0:0] [I] Waiting for data.
2026-04-20T17:32:01.879829 [zmq:rx:0:0] [I] Waiting for reading samples. Completed 0 of 23040 samples.
2026-04-20T17:32:01.916894 [zmq:tx:0:0] [I] Waiting for request.
2026-04-20T17:32:02.872991 [zmq:rx:0:0] [I] Waiting for data.
2026-04-20T17:32:02.879882 [zmq:rx:0:0] [I] Waiting for reading samples. Completed 0 of 23040 samples.
2026-04-20T17:32:02.916862 [zmq:tx:0:0] [I] Waiting for request.
2026-04-20T17:32:03.872991 [zmq:rx:0:0] [I] Waiting for data.
2026-04-20T17:32:03.879941 [zmq:rx:0:0] [I] Waiting for reading samples. Completed 0 of 23040 samples.
2026-04-20T17:32:03.916862 [zmq:tx:0:0] [I] Waiting for request.
2026-04-20T17:32:04.872992 [zmq:rx:0:0] [I] Waiting for data.
2026-04-20T17:32:04.879952 [zmq:rx:0:0] [I] Waiting for reading samples. Completed 0 of 23040 samples.
2026-04-20T17:32:04.916863 [zmq:tx:0:0] [I] Waiting for request.
2026-04-20T17:32:05.872992 [zmq:rx:0:0] [I] Waiting for data.
2026-04-20T17:32:05.879976 [zmq:rx:0:0] [I] Waiting for reading samples. Completed 0 of 23040 samples.
2026-04-20T17:32:05.916863 [zmq:tx:0:0] [I] Waiting for request.
2026-04-20T17:32:06.872992 [zmq:rx:0:0] [I] Waiting for data.
2026-04-20T17:32:06.880032 [zmq:rx:0:0] [I] Waiting for reading samples. Completed 0 of 23040 samples.
2026-04-20T17:32:06.916864 [zmq:tx:0:0] [I] Waiting for request.
2026-04-20T17:32:07.872993 [zmq:rx:0:0] [I] Waiting for data.
2026-04-20T17:32:07.880071 [zmq:rx:0:0] [I] Waiting for reading samples. Completed 0 of 23040 samples.
2026-04-20T17:32:07.916864 [zmq:tx:0:0] [I] Waiting for request.
2026-04-20T17:32:08.872993 [zmq:rx:0:0] [I] Waiting for data.
2026-04-20T17:32:08.880105 [zmq:rx:0:0] [I] Waiting for reading samples. Completed 0 of 23040 samples.
2026-04-20T17:32:08.916864 [zmq:tx:0:0] [I] Waiting for request.
2026-04-20T17:32:09.872993 [zmq:rx:0:0] [I] Waiting for data.
2026-04-20T17:32:09.880140 [zmq:rx:0:0] [I] Waiting for reading samples. Completed 0 of 23040 samples.
2026-04-20T17:32:09.916864 [zmq:tx:0:0] [I] Waiting for request.
2026-04-20T17:32:10.872994 [zmq:rx:0:0] [I] Waiting for data.
2026-04-20T17:32:10.880176 [zmq:rx:0:0] [I] Waiting for reading samples. Completed 0 of 23040 samples.
2026-04-20T17:32:10.916865 [zmq:tx:0:0] [I] Waiting for request.
2026-04-20T17:32:11.872994 [zmq:rx:0:0] [I] Waiting for data.
2026-04-20T17:32:11.880186 [zmq:rx:0:0] [I] Waiting for reading samples. Completed 0 of 23040 samples.
2026-04-20T17:32:11.916865 [zmq:tx:0:0] [I] Waiting for request.
2026-04-20T17:32:12.872994 [zmq:rx:0:0] [I] Waiting for data.
2026-04-20T17:32:12.880192 [zmq:rx:0:0] [I] Waiting for reading samples. Completed 0 of 23040 samples.
2026-04-20T17:32:12.916865 [zmq:tx:0:0] [I] Waiting for request.
2026-04-20T17:32:13.872995 [zmq:rx:0:0] [I] Waiting for data.
2026-04-20T17:32:13.880218 [zmq:rx:0:0] [I] Waiting for reading samples. Completed 0 of 23040 samples.
2026-04-20T17:32:13.916867 [zmq:tx:0:0] [I] Waiting for request.
2026-04-20T17:32:14.872995 [zmq:rx:0:0] [I] Waiting for data.
2026-04-20T17:32:14.880243 [zmq:rx:0:0] [I] Waiting for reading samples. Completed 0 of 23040 samples.
2026-04-20T17:32:14.916865 [zmq:tx:0:0] [I] Waiting for request.
2026-04-20T17:32:15.872995 [zmq:rx:0:0] [I] Waiting for data.
2026-04-20T17:32:15.880299 [zmq:rx:0:0] [I] Waiting for reading samples. Completed 0 of 23040 samples.
2026-04-20T17:32:15.916866 [zmq:tx:0:0] [I] Waiting for request.
2026-04-20T17:32:16.873001 [zmq:rx:0:0] [I] Waiting for data.
2026-04-20T17:32:16.880337 [zmq:rx:0:0] [I] Waiting for reading samples. Completed 0 of 23040 samples.
2026-04-20T17:32:16.916867 [zmq:tx:0:0] [I] Waiting for request.
2026-04-20T17:32:17.872996 [zmq:rx:0:0] [I] Waiting for data.
2026-04-20T17:32:17.880385 [zmq:rx:0:0] [I] Waiting for reading samples. Completed 0 of 23040 samples.
2026-04-20T17:32:17.916867 [zmq:tx:0:0] [I] Waiting for request.
2026-04-20T17:32:18.872996 [zmq:rx:0:0] [I] Waiting for data.
2026-04-20T17:32:18.880410 [zmq:rx:0:0] [I] Waiting for reading samples. Completed 0 of 23040 samples.
2026-04-20T17:32:18.916868 [zmq:tx:0:0] [I] Waiting for request.
2026-04-20T17:32:19.872997 [zmq:rx:0:0] [I] Waiting for data.
2026-04-20T17:32:19.880457 [zmq:rx:0:0] [I] Waiting for reading samples. Completed 0 of 23040 samples.
2026-04-20T17:32:19.916868 [zmq:tx:0:0] [I] Waiting for request.
2026-04-20T17:32:20.872997 [zmq:rx:0:0] [I] Waiting for data.
2026-04-20T17:32:20.880490 [zmq:rx:0:0] [I] Waiting for reading samples. Completed 0 of 23040 samples.
2026-04-20T17:32:20.916868 [zmq:tx:0:0] [I] Waiting for request.
2026-04-20T17:32:21.872998 [zmq:rx:0:0] [I] Waiting for data.
2026-04-20T17:32:21.880494 [zmq:rx:0:0] [I] Waiting for reading samples. Completed 0 of 23040 samples.
2026-04-20T17:32:21.916869 [zmq:tx:0:0] [I] Waiting for request.
2026-04-20T17:32:22.872998 [zmq:rx:0:0] [I] Waiting for data.
2026-04-20T17:32:22.880512 [zmq:rx:0:0] [I] Waiting for reading samples. Completed 0 of 23040 samples.
2026-04-20T17:32:22.916870 [zmq:tx:0:0] [I] Waiting for request.
2026-04-20T17:32:23.872999 [zmq:rx:0:0] [I] Waiting for data.
2026-04-20T17:32:23.880548 [zmq:rx:0:0] [I] Waiting for reading samples. Completed 0 of 23040 samples.
2026-04-20T17:32:23.916869 [zmq:tx:0:0] [I] Waiting for request.
2026-04-20T17:32:24.872999 [zmq:rx:0:0] [I] Waiting for data.
2026-04-20T17:32:24.880592 [zmq:rx:0:0] [I] Waiting for reading samples. Completed 0 of 23040 samples.
2026-04-20T17:32:24.916869 [zmq:tx:0:0] [I] Waiting for request.
2026-04-20T17:32:25.872999 [zmq:rx:0:0] [I] Waiting for data.
2026-04-20T17:32:25.880602 [zmq:rx:0:0] [I] Waiting for reading samples. Completed 0 of 23040 samples.
2026-04-20T17:32:25.916870 [zmq:tx:0:0] [I] Waiting for request.
2026-04-20T17:32:26.872999 [zmq:rx:0:0] [I] Waiting for data.
2026-04-20T17:32:26.880612 [zmq:rx:0:0] [I] Waiting for reading samples. Completed 0 of 23040 samples.
2026-04-20T17:32:26.916893 [zmq:tx:0:0] [I] Waiting for request.
2026-04-20T17:32:27.873000 [zmq:rx:0:0] [I] Waiting for data.
2026-04-20T17:32:27.880658 [zmq:rx:0:0] [I] Waiting for reading samples. Completed 0 of 23040 samples.
2026-04-20T17:32:27.916871 [zmq:tx:0:0] [I] Waiting for request.
2026-04-20T17:32:28.873000 [zmq:rx:0:0] [I] Waiting for data.
2026-04-20T17:32:28.880685 [zmq:rx:0:0] [I] Waiting for reading samples. Completed 0 of 23040 samples.
2026-04-20T17:32:28.916872 [zmq:tx:0:0] [I] Waiting for request.
2026-04-20T17:32:32.204432 [zmq:rx:0:0] [I] Waiting for data.
2026-04-20T17:32:32.212129 [zmq:rx:0:0] [I] Waiting for reading samples. Completed 0 of 23040 samples.
2026-04-20T17:32:32.248304 [zmq:tx:0:0] [I] Waiting for request.
2026-04-20T17:32:33.204432 [zmq:rx:0:0] [I] Waiting for data.
2026-04-20T17:32:33.212186 [zmq:rx:0:0] [I] Waiting for reading samples. Completed 0 of 23040 samples.
2026-04-20T17:32:33.248304 [zmq:tx:0:0] [I] Waiting for request.
2026-04-20T17:32:34.204433 [zmq:rx:0:0] [I] Waiting for data.
2026-04-20T17:32:34.212250 [zmq:rx:0:0] [I] Waiting for reading samples. Completed 0 of 23040 samples.
2026-04-20T17:32:34.248305 [zmq:tx:0:0] [I] Waiting for request.
2026-04-20T17:32:35.204433 [zmq:rx:0:0] [I] Waiting for data.
2026-04-20T17:32:35.212321 [zmq:rx:0:0] [I] Waiting for reading samples. Completed 0 of 23040 samples.
2026-04-20T17:32:35.248305 [zmq:tx:0:0] [I] Waiting for request.
2026-04-20T17:32:36.204433 [zmq:rx:0:0] [I] Waiting for data.
2026-04-20T17:32:36.212385 [zmq:rx:0:0] [I] Waiting for reading samples. Completed 0 of 23040 samples.
2026-04-20T17:32:36.248306 [zmq:tx:0:0] [I] Waiting for request.
2026-04-20T17:32:37.204433 [zmq:rx:0:0] [I] Waiting for data.
2026-04-20T17:32:37.212567 [zmq:rx:0:0] [I] Waiting for reading samples. Completed 0 of 23040 samples.
2026-04-20T17:32:37.248306 [zmq:tx:0:0] [I] Waiting for request.
2026-04-20T17:32:38.204433 [zmq:rx:0:0] [I] Waiting for data.
2026-04-20T17:32:38.212627 [zmq:rx:0:0] [I] Waiting for reading samples. Completed 0 of 23040 samples.
2026-04-20T17:32:38.248307 [zmq:tx:0:0] [I] Waiting for request.
2026-04-20T17:32:39.204433 [zmq:rx:0:0] [I] Waiting for data.
2026-04-20T17:32:39.212674 [zmq:rx:0:0] [I] Waiting for reading samples. Completed 0 of 23040 samples.
2026-04-20T17:32:39.248331 [zmq:tx:0:0] [I] Waiting for request.
2026-04-20T17:32:40.204434 [zmq:rx:0:0] [I] Waiting for data.
2026-04-20T17:32:40.212699 [zmq:rx:0:0] [I] Waiting for reading samples. Completed 0 of 23040 samples.
2026-04-20T17:32:40.248307 [zmq:tx:0:0] [I] Waiting for request.
2026-04-20T17:32:41.204434 [zmq:rx:0:0] [I] Waiting for data.
2026-04-20T17:32:41.212728 [zmq:rx:0:0] [I] Waiting for reading samples. Completed 0 of 23040 samples.
2026-04-20T17:32:41.248314 [zmq:tx:0:0] [I] Waiting for request.
2026-04-20T17:32:42.204435 [zmq:rx:0:0] [I] Waiting for data.
2026-04-20T17:32:42.212818 [zmq:rx:0:0] [I] Waiting for reading samples. Completed 0 of 23040 samples.
2026-04-20T17:32:42.248309 [zmq:tx:0:0] [I] Waiting for request.
2026-04-20T17:32:43.204435 [zmq:rx:0:0] [I] Waiting for data.
2026-04-20T17:32:43.212837 [zmq:rx:0:0] [I] Waiting for reading samples. Completed 0 of 23040 samples.
2026-04-20T17:32:43.248309 [zmq:tx:0:0] [I] Waiting for request.
2026-04-20T17:32:44.204435 [zmq:rx:0:0] [I] Waiting for data.
2026-04-20T17:32:44.212887 [zmq:rx:0:0] [I] Waiting for reading samples. Completed 0 of 23040 samples.
2026-04-20T17:32:44.248310 [zmq:tx:0:0] [I] Waiting for request.
2026-04-20T17:32:45.204435 [zmq:rx:0:0] [I] Waiting for data.
2026-04-20T17:32:45.212920 [zmq:rx:0:0] [I] Waiting for reading samples. Completed 0 of 23040 samples.
2026-04-20T17:32:45.248310 [zmq:tx:0:0] [I] Waiting for request.
2026-04-20T17:32:46.204435 [zmq:rx:0:0] [I] Waiting for data.
2026-04-20T17:32:46.212941 [zmq:rx:0:0] [I] Waiting for reading samples. Completed 0 of 23040 samples.
2026-04-20T17:32:46.248311 [zmq:tx:0:0] [I] Waiting for request.
2026-04-20T17:32:47.204435 [zmq:rx:0:0] [I] Waiting for data.
2026-04-20T17:32:47.212978 [zmq:rx:0:0] [I] Waiting for reading samples. Completed 0 of 23040 samples.
2026-04-20T17:32:47.248310 [zmq:tx:0:0] [I] Waiting for request.
2026-04-20T17:32:48.204435 [zmq:rx:0:0] [I] Waiting for data.
2026-04-20T17:32:48.213036 [zmq:rx:0:0] [I] Waiting for reading samples. Completed 0 of 23040 samples.
2026-04-20T17:32:48.248311 [zmq:tx:0:0] [I] Waiting for request.
2026-04-20T17:32:49.204436 [zmq:rx:0:0] [I] Waiting for data.
2026-04-20T17:32:49.213074 [zmq:rx:0:0] [I] Waiting for reading samples. Completed 0 of 23040 samples.
2026-04-20T17:32:49.248311 [zmq:tx:0:0] [I] Waiting for request.
2026-04-20T17:32:50.204437 [zmq:rx:0:0] [I] Waiting for data.
2026-04-20T17:32:50.213125 [zmq:rx:0:0] [I] Waiting for reading samples. Completed 0 of 23040 samples.
2026-04-20T17:32:50.248312 [zmq:tx:0:0] [I] Waiting for request.
2026-04-20T17:32:51.204437 [zmq:rx:0:0] [I] Waiting for data.
2026-04-20T17:32:51.213167 [zmq:rx:0:0] [I] Waiting for reading samples. Completed 0 of 23040 samples.
2026-04-20T17:32:51.248334 [zmq:tx:0:0] [I] Waiting for request.
2026-04-20T17:32:52.204437 [zmq:rx:0:0] [I] Waiting for data.
2026-04-20T17:32:52.213262 [zmq:rx:0:0] [I] Waiting for reading samples. Completed 0 of 23040 samples.
2026-04-20T17:32:52.248312 [zmq:tx:0:0] [I] Waiting for request.
2026-04-20T17:32:53.204466 [zmq:rx:0:0] [I] Waiting for data.
2026-04-20T17:32:53.213305 [zmq:rx:0:0] [I] Waiting for reading samples. Completed 0 of 23040 samples.
2026-04-20T17:32:53.248314 [zmq:tx:0:0] [I] Waiting for request.
2026-04-20T17:32:54.204439 [zmq:rx:0:0] [I] Waiting for data.
2026-04-20T17:32:54.213341 [zmq:rx:0:0] [I] Waiting for reading samples. Completed 0 of 23040 samples.
2026-04-20T17:32:54.248313 [zmq:tx:0:0] [I] Waiting for request.
2026-04-20T17:32:55.204490 [zmq:rx:0:0] [I] Waiting for data.
2026-04-20T17:32:55.213402 [zmq:rx:0:0] [I] Waiting for reading samples. Completed 0 of 23040 samples.
2026-04-20T17:32:55.248313 [zmq:tx:0:0] [I] Waiting for request.
2026-04-20T17:32:56.204491 [zmq:rx:0:0] [I] Waiting for data.
2026-04-20T17:32:56.213433 [zmq:rx:0:0] [I] Waiting for reading samples. Completed 0 of 23040 samples.
2026-04-20T17:32:56.248314 [zmq:tx:0:0] [I] Waiting for request.
2026-04-20T17:32:57.204491 [zmq:rx:0:0] [I] Waiting for data.
2026-04-20T17:32:57.213479 [zmq:rx:0:0] [I] Waiting for reading samples. Completed 0 of 23040 samples.
2026-04-20T17:32:57.248315 [zmq:tx:0:0] [I] Waiting for request.
2026-04-20T17:32:58.204492 [zmq:rx:0:0] [I] Waiting for data.
2026-04-20T17:32:58.213508 [zmq:rx:0:0] [I] Waiting for reading samples. Completed 0 of 23040 samples.
2026-04-20T17:32:58.248315 [zmq:tx:0:0] [I] Waiting for request.
2026-04-20T17:32:59.204527 [zmq:rx:0:0] [I] Waiting for data.
2026-04-20T17:32:59.213533 [zmq:rx:0:0] [I] Waiting for reading samples. Completed 0 of 23040 samples.
2026-04-20T17:32:59.248315 [zmq:tx:0:0] [I] Waiting for request.
2026-04-20T17:33:00.204493 [zmq:rx:0:0] [I] Waiting for data.
2026-04-20T17:33:00.213537 [zmq:rx:0:0] [I] Waiting for reading samples. Completed 0 of 23040 samples.
2026-04-20T17:33:00.248316 [zmq:tx:0:0] [I] Waiting for request.
2026-04-20T17:33:01.204493 [zmq:rx:0:0] [I] Waiting for data.
2026-04-20T17:33:01.213591 [zmq:rx:0:0] [I] Waiting for reading samples. Completed 0 of 23040 samples.
2026-04-20T17:33:01.248316 [zmq:tx:0:0] [I] Waiting for request.
2026-04-20T17:33:02.204494 [zmq:rx:0:0] [I] Waiting for data.
2026-04-20T17:33:02.213604 [zmq:rx:0:0] [I] Waiting for reading samples. Completed 0 of 23040 samples.
2026-04-20T17:33:02.248316 [zmq:tx:0:0] [I] Waiting for request.
2026-04-20T17:33:03.204495 [zmq:rx:0:0] [I] Waiting for data.
2026-04-20T17:33:03.213640 [zmq:rx:0:0] [I] Waiting for reading samples. Completed 0 of 23040 samples.
2026-04-20T17:33:03.248317 [zmq:tx:0:0] [I] Waiting for request.
2026-04-20T17:33:06.556925 [zmq:rx:0:0] [I] Waiting for data.
2026-04-20T17:33:06.566130 [zmq:rx:0:0] [I] Waiting for reading samples. Completed 0 of 23040 samples.
2026-04-20T17:33:06.600747 [zmq:tx:0:0] [I] Waiting for request.
2026-04-20T17:33:07.556938 [zmq:rx:0:0] [I] Waiting for data.
2026-04-20T17:33:07.566205 [zmq:rx:0:0] [I] Waiting for reading samples. Completed 0 of 23040 samples.
2026-04-20T17:33:07.600748 [zmq:tx:0:0] [I] Waiting for request.
2026-04-20T17:33:08.556926 [zmq:rx:0:0] [I] Waiting for data.
2026-04-20T17:33:08.566238 [zmq:rx:0:0] [I] Waiting for reading samples. Completed 0 of 23040 samples.
2026-04-20T17:33:08.600748 [zmq:tx:0:0] [I] Waiting for request.
2026-04-20T17:33:09.556927 [zmq:rx:0:0] [I] Waiting for data.
2026-04-20T17:33:09.566367 [zmq:rx:0:0] [I] Waiting for reading samples. Completed 0 of 23040 samples.
2026-04-20T17:33:09.600749 [zmq:tx:0:0] [I] Waiting for request.
2026-04-20T17:33:10.556927 [zmq:rx:0:0] [I] Waiting for data.
2026-04-20T17:33:10.566378 [zmq:rx:0:0] [I] Waiting for reading samples. Completed 0 of 23040 samples.
2026-04-20T17:33:10.600749 [zmq:tx:0:0] [I] Waiting for request.
2026-04-20T17:33:11.556927 [zmq:rx:0:0] [I] Waiting for data.
2026-04-20T17:33:11.566411 [zmq:rx:0:0] [I] Waiting for reading samples. Completed 0 of 23040 samples.
2026-04-20T17:33:11.600750 [zmq:tx:0:0] [I] Waiting for request.
2026-04-20T17:33:12.556933 [zmq:rx:0:0] [I] Waiting for data.
2026-04-20T17:33:12.566461 [zmq:rx:0:0] [I] Waiting for reading samples. Completed 0 of 23040 samples.
2026-04-20T17:33:12.600751 [zmq:tx:0:0] [I] Waiting for request.
2026-04-20T17:33:13.556962 [zmq:rx:0:0] [I] Waiting for data.
2026-04-20T17:33:13.566495 [zmq:rx:0:0] [I] Waiting for reading samples. Completed 0 of 23040 samples.
2026-04-20T17:33:13.600751 [zmq:tx:0:0] [I] Waiting for request.
2026-04-20T17:33:14.556933 [zmq:rx:0:0] [I] Waiting for data.
2026-04-20T17:33:14.566536 [zmq:rx:0:0] [I] Waiting for reading samples. Completed 0 of 23040 samples.
2026-04-20T17:33:14.600752 [zmq:tx:0:0] [I] Waiting for request.
2026-04-20T17:33:15.556933 [zmq:rx:0:0] [I] Waiting for data.
2026-04-20T17:33:15.566539 [zmq:rx:0:0] [I] Waiting for reading samples. Completed 0 of 23040 samples.
2026-04-20T17:33:15.600752 [zmq:tx:0:0] [I] Waiting for request.
2026-04-20T17:33:16.556934 [zmq:rx:0:0] [I] Waiting for data.
2026-04-20T17:33:16.566557 [zmq:rx:0:0] [I] Waiting for reading samples. Completed 0 of 23040 samples.
2026-04-20T17:33:16.600752 [zmq:tx:0:0] [I] Waiting for request.
2026-04-20T17:33:17.556934 [zmq:rx:0:0] [I] Waiting for data.
2026-04-20T17:33:17.566598 [zmq:rx:0:0] [I] Waiting for reading samples. Completed 0 of 23040 samples.
2026-04-20T17:33:17.600758 [zmq:tx:0:0] [I] Waiting for request.
2026-04-20T17:33:18.556934 [zmq:rx:0:0] [I] Waiting for data.
2026-04-20T17:33:18.566648 [zmq:rx:0:0] [I] Waiting for reading samples. Completed 0 of 23040 samples.
2026-04-20T17:33:18.600758 [zmq:tx:0:0] [I] Waiting for request.
2026-04-20T17:33:19.556935 [zmq:rx:0:0] [I] Waiting for data.
2026-04-20T17:33:19.566653 [zmq:rx:0:0] [I] Waiting for reading samples. Completed 0 of 23040 samples.
2026-04-20T17:33:19.600758 [zmq:tx:0:0] [I] Waiting for request.
2026-04-20T17:33:20.556935 [zmq:rx:0:0] [I] Waiting for data.
2026-04-20T17:33:20.566681 [zmq:rx:0:0] [I] Waiting for reading samples. Completed 0 of 23040 samples.
2026-04-20T17:33:20.600773 [zmq:tx:0:0] [I] Waiting for request.
2026-04-20T17:33:21.556936 [zmq:rx:0:0] [I] Waiting for data.
2026-04-20T17:33:21.566685 [zmq:rx:0:0] [I] Waiting for reading samples. Completed 0 of 23040 samples.
2026-04-20T17:33:21.600774 [zmq:tx:0:0] [I] Waiting for request.
2026-04-20T17:33:22.556936 [zmq:rx:0:0] [I] Waiting for data.
2026-04-20T17:33:22.566713 [zmq:rx:0:0] [I] Waiting for reading samples. Completed 0 of 23040 samples.
2026-04-20T17:33:22.600774 [zmq:tx:0:0] [I] Waiting for request.
2026-04-20T17:33:23.556936 [zmq:rx:0:0] [I] Waiting for data.
2026-04-20T17:33:23.566751 [zmq:rx:0:0] [I] Waiting for reading samples. Completed 0 of 23040 samples.
2026-04-20T17:33:23.600774 [zmq:tx:0:0] [I] Waiting for request.
2026-04-20T17:33:24.556938 [zmq:rx:0:0] [I] Waiting for data.
2026-04-20T17:33:24.566809 [zmq:rx:0:0] [I] Waiting for reading samples. Completed 0 of 23040 samples.
2026-04-20T17:33:24.600775 [zmq:tx:0:0] [I] Waiting for request.
2026-04-20T17:33:25.556939 [zmq:rx:0:0] [I] Waiting for data.
2026-04-20T17:33:25.566840 [zmq:rx:0:0] [I] Waiting for reading samples. Completed 0 of 23040 samples.
2026-04-20T17:33:25.600792 [zmq:tx:0:0] [I] Waiting for request.
2026-04-20T17:33:26.556939 [zmq:rx:0:0] [I] Waiting for data.
2026-04-20T17:33:26.566928 [zmq:rx:0:0] [I] Waiting for reading samples. Completed 0 of 23040 samples.
2026-04-20T17:33:26.600793 [zmq:tx:0:0] [I] Waiting for request.
2026-04-20T17:33:27.556939 [zmq:rx:0:0] [I] Waiting for data.
2026-04-20T17:33:27.566945 [zmq:rx:0:0] [I] Waiting for reading samples. Completed 0 of 23040 samples.
2026-04-20T17:33:27.600793 [zmq:tx:0:0] [I] Waiting for request.
2026-04-20T17:33:28.556963 [zmq:rx:0:0] [I] Waiting for data.
2026-04-20T17:33:28.566998 [zmq:rx:0:0] [I] Waiting for reading samples. Completed 0 of 23040 samples.
2026-04-20T17:33:28.600793 [zmq:tx:0:0] [I] Waiting for request.
2026-04-20T17:33:29.556940 [zmq:rx:0:0] [I] Waiting for data.
2026-04-20T17:33:29.567013 [zmq:rx:0:0] [I] Waiting for reading samples. Completed 0 of 23040 samples.
2026-04-20T17:33:29.600794 [zmq:tx:0:0] [I] Waiting for request.
2026-04-20T17:33:30.556941 [zmq:rx:0:0] [I] Waiting for data.
2026-04-20T17:33:30.567026 [zmq:rx:0:0] [I] Waiting for reading samples. Completed 0 of 23040 samples.
2026-04-20T17:33:30.600794 [zmq:tx:0:0] [I] Waiting for request.
2026-04-20T17:33:31.556941 [zmq:rx:0:0] [I] Waiting for data.
2026-04-20T17:33:31.567059 [zmq:rx:0:0] [I] Waiting for reading samples. Completed 0 of 23040 samples.
2026-04-20T17:33:31.604318 [zmq:tx:0:0] [I] Waiting for request.
2026-04-20T17:33:32.556942 [zmq:rx:0:0] [I] Waiting for data.
2026-04-20T17:33:32.567120 [zmq:rx:0:0] [I] Waiting for reading samples. Completed 0 of 23040 samples.
2026-04-20T17:33:32.604318 [zmq:tx:0:0] [I] Waiting for request.
2026-04-20T17:33:33.556942 [zmq:rx:0:0] [I] Waiting for data.
2026-04-20T17:33:33.567141 [zmq:rx:0:0] [I] Waiting for reading samples. Completed 0 of 23040 samples.
2026-04-20T17:33:33.604318 [zmq:tx:0:0] [I] Waiting for request.
2026-04-20T17:33:34.556942 [zmq:rx:0:0] [I] Waiting for data.
2026-04-20T17:33:34.567185 [zmq:rx:0:0] [I] Waiting for reading samples. Completed 0 of 23040 samples.
2026-04-20T17:33:34.604318 [zmq:tx:0:0] [I] Waiting for request.
2026-04-20T17:33:35.556943 [zmq:rx:0:0] [I] Waiting for data.
2026-04-20T17:33:35.567222 [zmq:rx:0:0] [I] Waiting for reading samples. Completed 0 of 23040 samples.
2026-04-20T17:33:35.604319 [zmq:tx:0:0] [I] Waiting for request.
2026-04-20T17:33:36.556944 [zmq:rx:0:0] [I] Waiting for data.
2026-04-20T17:33:36.567254 [zmq:rx:0:0] [I] Waiting for reading samples. Completed 0 of 23040 samples.
2026-04-20T17:33:36.604319 [zmq:tx:0:0] [I] Waiting for request.
2026-04-20T17:33:37.556970 [zmq:rx:0:0] [I] Waiting for data.
2026-04-20T17:33:37.567297 [zmq:rx:0:0] [I] Waiting for reading samples. Completed 0 of 23040 samples.
2026-04-20T17:33:37.604319 [zmq:tx:0:0] [I] Waiting for request.
2026-04-20T17:33:40.942312 [zmq:rx:0:0] [I] Waiting for data.
2026-04-20T17:33:40.952727 [zmq:rx:0:0] [I] Waiting for reading samples. Completed 0 of 23040 samples.
2026-04-20T17:33:40.989688 [zmq:tx:0:0] [I] Waiting for request.
2026-04-20T17:33:41.942313 [zmq:rx:0:0] [I] Waiting for data.
2026-04-20T17:33:41.952736 [zmq:rx:0:0] [I] Waiting for reading samples. Completed 0 of 23040 samples.
2026-04-20T17:33:41.989688 [zmq:tx:0:0] [I] Waiting for request.
2026-04-20T17:33:42.942314 [zmq:rx:0:0] [I] Waiting for data.
2026-04-20T17:33:42.952749 [zmq:rx:0:0] [I] Waiting for reading samples. Completed 0 of 23040 samples.
2026-04-20T17:33:42.989690 [zmq:tx:0:0] [I] Waiting for request.
2026-04-20T17:33:43.942314 [zmq:rx:0:0] [I] Waiting for data.
2026-04-20T17:33:43.952784 [zmq:rx:0:0] [I] Waiting for reading samples. Completed 0 of 23040 samples.
2026-04-20T17:33:43.989689 [zmq:tx:0:0] [I] Waiting for request.
2026-04-20T17:33:44.942314 [zmq:rx:0:0] [I] Waiting for data.
2026-04-20T17:33:44.952794 [zmq:rx:0:0] [I] Waiting for reading samples. Completed 0 of 23040 samples.
2026-04-20T17:33:44.989690 [zmq:tx:0:0] [I] Waiting for request.
2026-04-20T17:33:45.942314 [zmq:rx:0:0] [I] Waiting for data.
2026-04-20T17:33:45.952856 [zmq:rx:0:0] [I] Waiting for reading samples. Completed 0 of 23040 samples.
2026-04-20T17:33:45.989690 [zmq:tx:0:0] [I] Waiting for request.
2026-04-20T17:33:46.942315 [zmq:rx:0:0] [I] Waiting for data.
2026-04-20T17:33:46.952896 [zmq:rx:0:0] [I] Waiting for reading samples. Completed 0 of 23040 samples.
2026-04-20T17:33:46.989691 [zmq:tx:0:0] [I] Waiting for request.
2026-04-20T17:33:47.942316 [zmq:rx:0:0] [I] Waiting for data.
2026-04-20T17:33:47.952950 [zmq:rx:0:0] [I] Waiting for reading samples. Completed 0 of 23040 samples.
2026-04-20T17:33:47.989692 [zmq:tx:0:0] [I] Waiting for request.
2026-04-20T17:33:48.942316 [zmq:rx:0:0] [I] Waiting for data.
2026-04-20T17:33:48.952998 [zmq:rx:0:0] [I] Waiting for reading samples. Completed 0 of 23040 samples.
2026-04-20T17:33:48.989692 [zmq:tx:0:0] [I] Waiting for request.
2026-04-20T17:33:49.942316 [zmq:rx:0:0] [I] Waiting for data.
2026-04-20T17:33:49.953010 [zmq:rx:0:0] [I] Waiting for reading samples. Completed 0 of 23040 samples.
2026-04-20T17:33:49.989692 [zmq:tx:0:0] [I] Waiting for request.
2026-04-20T17:33:50.942316 [zmq:rx:0:0] [I] Waiting for data.
2026-04-20T17:33:50.953072 [zmq:rx:0:0] [I] Waiting for reading samples. Completed 0 of 23040 samples.
2026-04-20T17:33:50.989693 [zmq:tx:0:0] [I] Waiting for request.
2026-04-20T17:33:51.942316 [zmq:rx:0:0] [I] Waiting for data.
2026-04-20T17:33:51.953089 [zmq:rx:0:0] [I] Waiting for reading samples. Completed 0 of 23040 samples.
2026-04-20T17:33:51.989694 [zmq:tx:0:0] [I] Waiting for request.
2026-04-20T17:33:52.942318 [zmq:rx:0:0] [I] Waiting for data.
2026-04-20T17:33:52.953104 [zmq:rx:0:0] [I] Waiting for reading samples. Completed 0 of 23040 samples.
2026-04-20T17:33:52.989694 [zmq:tx:0:0] [I] Waiting for request.
2026-04-20T17:33:53.942317 [zmq:rx:0:0] [I] Waiting for data.
2026-04-20T17:33:53.953140 [zmq:rx:0:0] [I] Waiting for reading samples. Completed 0 of 23040 samples.
2026-04-20T17:33:53.989694 [zmq:tx:0:0] [I] Waiting for request.
2026-04-20T17:33:54.942318 [zmq:rx:0:0] [I] Waiting for data.
2026-04-20T17:33:54.953160 [zmq:rx:0:0] [I] Waiting for reading samples. Completed 0 of 23040 samples.
2026-04-20T17:33:54.989694 [zmq:tx:0:0] [I] Waiting for request.
2026-04-20T17:33:55.942341 [zmq:rx:0:0] [I] Waiting for data.
2026-04-20T17:33:55.953216 [zmq:rx:0:0] [I] Waiting for reading samples. Completed 0 of 23040 samples.
2026-04-20T17:33:55.989695 [zmq:tx:0:0] [I] Waiting for request.
2026-04-20T17:33:56.945191 [zmq:rx:0:0] [I] Waiting for data.
2026-04-20T17:33:56.953247 [zmq:rx:0:0] [I] Waiting for reading samples. Completed 0 of 23040 samples.
2026-04-20T17:33:56.989695 [zmq:tx:0:0] [I] Waiting for request.
2026-04-20T17:33:57.945192 [zmq:rx:0:0] [I] Waiting for data.
2026-04-20T17:33:57.953299 [zmq:rx:0:0] [I] Waiting for reading samples. Completed 0 of 23040 samples.
2026-04-20T17:33:57.989696 [zmq:tx:0:0] [I] Waiting for request.
2026-04-20T17:33:58.945192 [zmq:rx:0:0] [I] Waiting for data.
2026-04-20T17:33:58.953363 [zmq:rx:0:0] [I] Waiting for reading samples. Completed 0 of 23040 samples.
2026-04-20T17:33:58.989696 [zmq:tx:0:0] [I] Waiting for request.
2026-04-20T17:33:59.945194 [zmq:rx:0:0] [I] Waiting for data.
2026-04-20T17:33:59.953383 [zmq:rx:0:0] [I] Waiting for reading samples. Completed 0 of 23040 samples.
2026-04-20T17:33:59.989697 [zmq:tx:0:0] [I] Waiting for request.
2026-04-20T17:34:00.945194 [zmq:rx:0:0] [I] Waiting for data.
2026-04-20T17:34:00.953460 [zmq:rx:0:0] [I] Waiting for reading samples. Completed 0 of 23040 samples.
2026-04-20T17:34:00.989697 [zmq:tx:0:0] [I] Waiting for request.
2026-04-20T17:34:01.945194 [zmq:rx:0:0] [I] Waiting for data.
2026-04-20T17:34:01.953502 [zmq:rx:0:0] [I] Waiting for reading samples. Completed 0 of 23040 samples.
2026-04-20T17:34:01.989698 [zmq:tx:0:0] [I] Waiting for request.
2026-04-20T17:34:02.945194 [zmq:rx:0:0] [I] Waiting for data.
2026-04-20T17:34:02.953541 [zmq:rx:0:0] [I] Waiting for reading samples. Completed 0 of 23040 samples.
2026-04-20T17:34:02.989698 [zmq:tx:0:0] [I] Waiting for request.
2026-04-20T17:34:03.945194 [zmq:rx:0:0] [I] Waiting for data.
2026-04-20T17:34:03.953579 [zmq:rx:0:0] [I] Waiting for reading samples. Completed 0 of 23040 samples.
2026-04-20T17:34:03.989698 [zmq:tx:0:0] [I] Waiting for request.
2026-04-20T17:34:04.945195 [zmq:rx:0:0] [I] Waiting for data.
2026-04-20T17:34:04.953629 [zmq:rx:0:0] [I] Waiting for reading samples. Completed 0 of 23040 samples.
2026-04-20T17:34:04.989699 [zmq:tx:0:0] [I] Waiting for request.
2026-04-20T17:34:05.945195 [zmq:rx:0:0] [I] Waiting for data.
2026-04-20T17:34:05.953681 [zmq:rx:0:0] [I] Waiting for reading samples. Completed 0 of 23040 samples.
2026-04-20T17:34:05.989699 [zmq:tx:0:0] [I] Waiting for request.
2026-04-20T17:34:06.945196 [zmq:rx:0:0] [I] Waiting for data.
2026-04-20T17:34:06.953729 [zmq:rx:0:0] [I] Waiting for reading samples. Completed 0 of 23040 samples.
2026-04-20T17:34:06.989699 [zmq:tx:0:0] [I] Waiting for request.
2026-04-20T17:34:07.945223 [zmq:rx:0:0] [I] Waiting for data.
2026-04-20T17:34:07.953778 [zmq:rx:0:0] [I] Waiting for reading samples. Completed 0 of 23040 samples.
2026-04-20T17:34:07.989700 [zmq:tx:0:0] [I] Waiting for request.
2026-04-20T17:34:08.945196 [zmq:rx:0:0] [I] Waiting for data.
2026-04-20T17:34:08.953811 [zmq:rx:0:0] [I] Waiting for reading samples. Completed 0 of 23040 samples.
2026-04-20T17:34:08.989700 [zmq:tx:0:0] [I] Waiting for request.
2026-04-20T17:34:09.945197 [zmq:rx:0:0] [I] Waiting for data.
2026-04-20T17:34:09.953870 [zmq:rx:0:0] [I] Waiting for reading samples. Completed 0 of 23040 samples.
2026-04-20T17:34:09.989717 [zmq:tx:0:0] [I] Waiting for request.
2026-04-20T17:34:10.945196 [zmq:rx:0:0] [I] Waiting for data.
2026-04-20T17:34:10.953901 [zmq:rx:0:0] [I] Waiting for reading samples. Completed 0 of 23040 samples.
2026-04-20T17:34:10.989718 [zmq:tx:0:0] [I] Waiting for request.
2026-04-20T17:34:11.945198 [zmq:rx:0:0] [I] Waiting for data.
2026-04-20T17:34:11.953933 [zmq:rx:0:0] [I] Waiting for reading samples. Completed 0 of 23040 samples.
2026-04-20T17:34:11.989718 [zmq:tx:0:0] [I] Waiting for request.
2026-04-20T17:34:12.945198 [zmq:rx:0:0] [I] Waiting for data.
2026-04-20T17:34:12.953940 [zmq:rx:0:0] [I] Waiting for reading samples. Completed 0 of 23040 samples.
2026-04-20T17:34:12.989719 [zmq:tx:0:0] [I] Waiting for request.
2026-04-20T17:34:16.315954 [zmq:rx:0:0] [I] Waiting for data.
2026-04-20T17:34:16.324702 [zmq:rx:0:0] [I] Waiting for reading samples. Completed 0 of 23040 samples.
2026-04-20T17:34:16.360476 [zmq:tx:0:0] [I] Waiting for request.
2026-04-20T17:34:17.315955 [zmq:rx:0:0] [I] Waiting for data.
2026-04-20T17:34:17.324722 [zmq:rx:0:0] [I] Waiting for reading samples. Completed 0 of 23040 samples.
2026-04-20T17:34:17.360477 [zmq:tx:0:0] [I] Waiting for request.
2026-04-20T17:34:18.315955 [zmq:rx:0:0] [I] Waiting for data.
2026-04-20T17:34:18.324751 [zmq:rx:0:0] [I] Waiting for reading samples. Completed 0 of 23040 samples.
2026-04-20T17:34:18.360478 [zmq:tx:0:0] [I] Waiting for request.
2026-04-20T17:34:19.315956 [zmq:rx:0:0] [I] Waiting for data.
2026-04-20T17:34:19.324800 [zmq:rx:0:0] [I] Waiting for reading samples. Completed 0 of 23040 samples.
2026-04-20T17:34:19.360478 [zmq:tx:0:0] [I] Waiting for request.
2026-04-20T17:34:20.315956 [zmq:rx:0:0] [I] Waiting for data.
2026-04-20T17:34:20.324867 [zmq:rx:0:0] [I] Waiting for reading samples. Completed 0 of 23040 samples.
2026-04-20T17:34:20.360478 [zmq:tx:0:0] [I] Waiting for request.
2026-04-20T17:34:21.315966 [zmq:rx:0:0] [I] Waiting for data.
2026-04-20T17:34:21.324871 [zmq:rx:0:0] [I] Waiting for reading samples. Completed 0 of 23040 samples.
2026-04-20T17:34:21.360479 [zmq:tx:0:0] [I] Waiting for request.
2026-04-20T17:34:22.315967 [zmq:rx:0:0] [I] Waiting for data.
2026-04-20T17:34:22.324906 [zmq:rx:0:0] [I] Waiting for reading samples. Completed 0 of 23040 samples.
2026-04-20T17:34:22.360480 [zmq:tx:0:0] [I] Waiting for request.
2026-04-20T17:34:23.315967 [zmq:rx:0:0] [I] Waiting for data.
2026-04-20T17:34:23.324958 [zmq:rx:0:0] [I] Waiting for reading samples. Completed 0 of 23040 samples.
2026-04-20T17:34:23.360480 [zmq:tx:0:0] [I] Waiting for request.
2026-04-20T17:34:24.315968 [zmq:rx:0:0] [I] Waiting for data.
2026-04-20T17:34:24.324981 [zmq:rx:0:0] [I] Waiting for reading samples. Completed 0 of 23040 samples.
2026-04-20T17:34:24.360481 [zmq:tx:0:0] [I] Waiting for request.
2026-04-20T17:34:25.315968 [zmq:rx:0:0] [I] Waiting for data.
2026-04-20T17:34:25.325061 [zmq:rx:0:0] [I] Waiting for reading samples. Completed 0 of 23040 samples.
2026-04-20T17:34:25.360481 [zmq:tx:0:0] [I] Waiting for request.
2026-04-20T17:34:26.315984 [zmq:rx:0:0] [I] Waiting for data.
2026-04-20T17:34:26.325075 [zmq:rx:0:0] [I] Waiting for reading samples. Completed 0 of 23040 samples.
2026-04-20T17:34:26.360485 [zmq:tx:0:0] [I] Waiting for request.
2026-04-20T17:34:27.315983 [zmq:rx:0:0] [I] Waiting for data.
2026-04-20T17:34:27.325120 [zmq:rx:0:0] [I] Waiting for reading samples. Completed 0 of 23040 samples.
2026-04-20T17:34:27.360486 [zmq:tx:0:0] [I] Waiting for request.
2026-04-20T17:34:28.315984 [zmq:rx:0:0] [I] Waiting for data.
2026-04-20T17:34:28.325143 [zmq:rx:0:0] [I] Waiting for reading samples. Completed 0 of 23040 samples.
2026-04-20T17:34:28.360486 [zmq:tx:0:0] [I] Waiting for request.
2026-04-20T17:34:29.315985 [zmq:rx:0:0] [I] Waiting for data.
2026-04-20T17:34:29.325230 [zmq:rx:0:0] [I] Waiting for reading samples. Completed 0 of 23040 samples.
2026-04-20T17:34:29.360487 [zmq:tx:0:0] [I] Waiting for request.
2026-04-20T17:34:30.315985 [zmq:rx:0:0] [I] Waiting for data.
2026-04-20T17:34:30.325273 [zmq:rx:0:0] [I] Waiting for reading samples. Completed 0 of 23040 samples.
2026-04-20T17:34:30.360487 [zmq:tx:0:0] [I] Waiting for request.
2026-04-20T17:34:31.315985 [zmq:rx:0:0] [I] Waiting for data.
2026-04-20T17:34:31.325293 [zmq:rx:0:0] [I] Waiting for reading samples. Completed 0 of 23040 samples.
2026-04-20T17:34:31.360488 [zmq:tx:0:0] [I] Waiting for request.
2026-04-20T17:34:32.315986 [zmq:rx:0:0] [I] Waiting for data.
2026-04-20T17:34:32.325315 [zmq:rx:0:0] [I] Waiting for reading samples. Completed 0 of 23040 samples.
2026-04-20T17:34:32.360515 [zmq:tx:0:0] [I] Waiting for request.
2026-04-20T17:34:33.315986 [zmq:rx:0:0] [I] Waiting for data.
2026-04-20T17:34:33.325344 [zmq:rx:0:0] [I] Waiting for reading samples. Completed 0 of 23040 samples.
2026-04-20T17:34:33.360489 [zmq:tx:0:0] [I] Waiting for request.
2026-04-20T17:34:34.315986 [zmq:rx:0:0] [I] Waiting for data.
2026-04-20T17:34:34.325383 [zmq:rx:0:0] [I] Waiting for reading samples. Completed 0 of 23040 samples.
2026-04-20T17:34:34.360489 [zmq:tx:0:0] [I] Waiting for request.
2026-04-20T17:34:35.315987 [zmq:rx:0:0] [I] Waiting for data.
2026-04-20T17:34:35.325401 [zmq:rx:0:0] [I] Waiting for reading samples. Completed 0 of 23040 samples.
2026-04-20T17:34:35.360489 [zmq:tx:0:0] [I] Waiting for request.
2026-04-20T17:34:36.315987 [zmq:rx:0:0] [I] Waiting for data.
2026-04-20T17:34:36.325404 [zmq:rx:0:0] [I] Waiting for reading samples. Completed 0 of 23040 samples.
2026-04-20T17:34:36.360489 [zmq:tx:0:0] [I] Waiting for request.
2026-04-20T17:34:37.315988 [zmq:rx:0:0] [I] Waiting for data.
2026-04-20T17:34:37.325413 [zmq:rx:0:0] [I] Waiting for reading samples. Completed 0 of 23040 samples.
2026-04-20T17:34:37.360490 [zmq:tx:0:0] [I] Waiting for request.
2026-04-20T17:34:38.315989 [zmq:rx:0:0] [I] Waiting for data.
2026-04-20T17:34:38.325443 [zmq:rx:0:0] [I] Waiting for reading samples. Completed 0 of 23040 samples.
2026-04-20T17:34:38.360515 [zmq:tx:0:0] [I] Waiting for request.
2026-04-20T17:34:39.315990 [zmq:rx:0:0] [I] Waiting for data.
2026-04-20T17:34:39.325481 [zmq:rx:0:0] [I] Waiting for reading samples. Completed 0 of 23040 samples.
2026-04-20T17:34:39.360516 [zmq:tx:0:0] [I] Waiting for request.
2026-04-20T17:34:40.315989 [zmq:rx:0:0] [I] Waiting for data.
2026-04-20T17:34:40.325487 [zmq:rx:0:0] [I] Waiting for reading samples. Completed 0 of 23040 samples.
2026-04-20T17:34:40.360516 [zmq:tx:0:0] [I] Waiting for request.
2026-04-20T17:34:41.315990 [zmq:rx:0:0] [I] Waiting for data.
2026-04-20T17:34:41.325548 [zmq:rx:0:0] [I] Waiting for reading samples. Completed 0 of 23040 samples.
2026-04-20T17:34:41.360539 [zmq:tx:0:0] [I] Waiting for request.
2026-04-20T17:34:42.315991 [zmq:rx:0:0] [I] Waiting for data.
2026-04-20T17:34:42.325557 [zmq:rx:0:0] [I] Waiting for reading samples. Completed 0 of 23040 samples.
2026-04-20T17:34:42.360517 [zmq:tx:0:0] [I] Waiting for request.
2026-04-20T17:34:43.315991 [zmq:rx:0:0] [I] Waiting for data.
2026-04-20T17:34:43.325649 [zmq:rx:0:0] [I] Waiting for reading samples. Completed 0 of 23040 samples.
2026-04-20T17:34:43.360537 [zmq:tx:0:0] [I] Waiting for request.
2026-04-20T17:34:44.315992 [zmq:rx:0:0] [I] Waiting for data.
2026-04-20T17:34:44.325669 [zmq:rx:0:0] [I] Waiting for reading samples. Completed 0 of 23040 samples.
2026-04-20T17:34:44.360538 [zmq:tx:0:0] [I] Waiting for request.
2026-04-20T17:34:45.315992 [zmq:rx:0:0] [I] Waiting for data.
2026-04-20T17:34:45.325696 [zmq:rx:0:0] [I] Waiting for reading samples. Completed 0 of 23040 samples.
2026-04-20T17:34:45.360538 [zmq:tx:0:0] [I] Waiting for request.
2026-04-20T17:34:46.315992 [zmq:rx:0:0] [I] Waiting for data.
2026-04-20T17:34:46.325746 [zmq:rx:0:0] [I] Waiting for reading samples. Completed 0 of 23040 samples.
2026-04-20T17:34:46.360538 [zmq:tx:0:0] [I] Waiting for request.
2026-04-20T17:34:47.315993 [zmq:rx:0:0] [I] Waiting for data.
2026-04-20T17:34:47.325792 [zmq:rx:0:0] [I] Waiting for reading samples. Completed 0 of 23040 samples.
2026-04-20T17:34:47.360538 [zmq:tx:0:0] [I] Waiting for request.
2026-04-20T17:34:50.613186 [zmq:rx:0:0] [I] Waiting for data.
2026-04-20T17:34:50.623006 [zmq:rx:0:0] [I] Waiting for reading samples. Completed 0 of 23040 samples.
2026-04-20T17:34:50.657732 [zmq:tx:0:0] [I] Waiting for request.
2026-04-20T17:34:51.613187 [zmq:rx:0:0] [I] Waiting for data.
2026-04-20T17:34:51.623026 [zmq:rx:0:0] [I] Waiting for reading samples. Completed 0 of 23040 samples.
2026-04-20T17:34:51.657732 [zmq:tx:0:0] [I] Waiting for request.
2026-04-20T17:34:52.613192 [zmq:rx:0:0] [I] Waiting for data.
2026-04-20T17:34:52.623093 [zmq:rx:0:0] [I] Waiting for reading samples. Completed 0 of 23040 samples.
2026-04-20T17:34:52.657732 [zmq:tx:0:0] [I] Waiting for request.
2026-04-20T17:34:53.613187 [zmq:rx:0:0] [I] Waiting for data.
2026-04-20T17:34:53.623106 [zmq:rx:0:0] [I] Waiting for reading samples. Completed 0 of 23040 samples.
2026-04-20T17:34:53.657732 [zmq:tx:0:0] [I] Waiting for request.
2026-04-20T17:34:54.613187 [zmq:rx:0:0] [I] Waiting for data.
2026-04-20T17:34:54.623146 [zmq:rx:0:0] [I] Waiting for reading samples. Completed 0 of 23040 samples.
2026-04-20T17:34:54.657734 [zmq:tx:0:0] [I] Waiting for request.
2026-04-20T17:34:55.613187 [zmq:rx:0:0] [I] Waiting for data.
2026-04-20T17:34:55.623184 [zmq:rx:0:0] [I] Waiting for reading samples. Completed 0 of 23040 samples.
2026-04-20T17:34:55.657733 [zmq:tx:0:0] [I] Waiting for request.
2026-04-20T17:34:56.613215 [zmq:rx:0:0] [I] Waiting for data.
2026-04-20T17:34:56.623232 [zmq:rx:0:0] [I] Waiting for reading samples. Completed 0 of 23040 samples.
2026-04-20T17:34:56.657734 [zmq:tx:0:0] [I] Waiting for request.
2026-04-20T17:34:57.613188 [zmq:rx:0:0] [I] Waiting for data.
2026-04-20T17:34:57.623245 [zmq:rx:0:0] [I] Waiting for reading samples. Completed 0 of 23040 samples.
2026-04-20T17:34:57.657734 [zmq:tx:0:0] [I] Waiting for request.
2026-04-20T17:34:58.613187 [zmq:rx:0:0] [I] Waiting for data.
2026-04-20T17:34:58.623278 [zmq:rx:0:0] [I] Waiting for reading samples. Completed 0 of 23040 samples.
2026-04-20T17:34:58.657734 [zmq:tx:0:0] [I] Waiting for request.
2026-04-20T17:34:59.613188 [zmq:rx:0:0] [I] Waiting for data.
2026-04-20T17:34:59.623358 [zmq:rx:0:0] [I] Waiting for reading samples. Completed 0 of 23040 samples.
2026-04-20T17:34:59.657735 [zmq:tx:0:0] [I] Waiting for request.
2026-04-20T17:35:00.613188 [zmq:rx:0:0] [I] Waiting for data.
2026-04-20T17:35:00.623398 [zmq:rx:0:0] [I] Waiting for reading samples. Completed 0 of 23040 samples.
2026-04-20T17:35:00.657747 [zmq:tx:0:0] [I] Waiting for request.
2026-04-20T17:35:01.613189 [zmq:rx:0:0] [I] Waiting for data.
2026-04-20T17:35:01.623414 [zmq:rx:0:0] [I] Waiting for reading samples. Completed 0 of 23040 samples.
2026-04-20T17:35:01.657736 [zmq:tx:0:0] [I] Waiting for request.
2026-04-20T17:35:02.613190 [zmq:rx:0:0] [I] Waiting for data.
2026-04-20T17:35:02.623447 [zmq:rx:0:0] [I] Waiting for reading samples. Completed 0 of 23040 samples.
2026-04-20T17:35:02.657736 [zmq:tx:0:0] [I] Waiting for request.
2026-04-20T17:35:03.613190 [zmq:rx:0:0] [I] Waiting for data.
2026-04-20T17:35:03.623466 [zmq:rx:0:0] [I] Waiting for reading samples. Completed 0 of 23040 samples.
2026-04-20T17:35:03.657736 [zmq:tx:0:0] [I] Waiting for request.
2026-04-20T17:35:04.613190 [zmq:rx:0:0] [I] Waiting for data.
2026-04-20T17:35:04.623495 [zmq:rx:0:0] [I] Waiting for reading samples. Completed 0 of 23040 samples.
2026-04-20T17:35:04.657737 [zmq:tx:0:0] [I] Waiting for request.
2026-04-20T17:35:05.613191 [zmq:rx:0:0] [I] Waiting for data.
2026-04-20T17:35:05.623513 [zmq:rx:0:0] [I] Waiting for reading samples. Completed 0 of 23040 samples.
2026-04-20T17:35:05.657737 [zmq:tx:0:0] [I] Waiting for request.
2026-04-20T17:35:06.613192 [zmq:rx:0:0] [I] Waiting for data.
2026-04-20T17:35:06.623547 [zmq:rx:0:0] [I] Waiting for reading samples. Completed 0 of 23040 samples.
2026-04-20T17:35:06.657737 [zmq:tx:0:0] [I] Waiting for request.
2026-04-20T17:35:07.613192 [zmq:rx:0:0] [I] Waiting for data.
2026-04-20T17:35:07.623552 [zmq:rx:0:0] [I] Waiting for reading samples. Completed 0 of 23040 samples.
2026-04-20T17:35:07.657737 [zmq:tx:0:0] [I] Waiting for request.
2026-04-20T17:35:08.613192 [zmq:rx:0:0] [I] Waiting for data.
2026-04-20T17:35:08.623611 [zmq:rx:0:0] [I] Waiting for reading samples. Completed 0 of 23040 samples.
2026-04-20T17:35:08.657738 [zmq:tx:0:0] [I] Waiting for request.
2026-04-20T17:35:09.613192 [zmq:rx:0:0] [I] Waiting for data.
2026-04-20T17:35:09.623629 [zmq:rx:0:0] [I] Waiting for reading samples. Completed 0 of 23040 samples.
2026-04-20T17:35:09.657738 [zmq:tx:0:0] [I] Waiting for request.
2026-04-20T17:35:10.613192 [zmq:rx:0:0] [I] Waiting for data.
2026-04-20T17:35:10.623631 [zmq:rx:0:0] [I] Waiting for reading samples. Completed 0 of 23040 samples.
2026-04-20T17:35:10.657739 [zmq:tx:0:0] [I] Waiting for request.
2026-04-20T17:35:11.613193 [zmq:rx:0:0] [I] Waiting for data.
2026-04-20T17:35:11.623689 [zmq:rx:0:0] [I] Waiting for reading samples. Completed 0 of 23040 samples.
2026-04-20T17:35:11.657740 [zmq:tx:0:0] [I] Waiting for request.
2026-04-20T17:35:12.613193 [zmq:rx:0:0] [I] Waiting for data.
2026-04-20T17:35:12.623723 [zmq:rx:0:0] [I] Waiting for reading samples. Completed 0 of 23040 samples.
2026-04-20T17:35:12.657740 [zmq:tx:0:0] [I] Waiting for request.
2026-04-20T17:35:13.613194 [zmq:rx:0:0] [I] Waiting for data.
2026-04-20T17:35:13.623774 [zmq:rx:0:0] [I] Waiting for reading samples. Completed 0 of 23040 samples.
2026-04-20T17:35:13.657740 [zmq:tx:0:0] [I] Waiting for request.
2026-04-20T17:35:14.613194 [zmq:rx:0:0] [I] Waiting for data.
2026-04-20T17:35:14.623825 [zmq:rx:0:0] [I] Waiting for reading samples. Completed 0 of 23040 samples.
2026-04-20T17:35:14.657774 [zmq:tx:0:0] [I] Waiting for request.
2026-04-20T17:35:15.613195 [zmq:rx:0:0] [I] Waiting for data.
2026-04-20T17:35:15.623851 [zmq:rx:0:0] [I] Waiting for reading samples. Completed 0 of 23040 samples.
2026-04-20T17:35:15.657762 [zmq:tx:0:0] [I] Waiting for request.
2026-04-20T17:35:16.613195 [zmq:rx:0:0] [I] Waiting for data.
2026-04-20T17:35:16.623926 [zmq:rx:0:0] [I] Waiting for reading samples. Completed 0 of 23040 samples.
2026-04-20T17:35:16.657762 [zmq:tx:0:0] [I] Waiting for request.
2026-04-20T17:35:17.613196 [zmq:rx:0:0] [I] Waiting for data.
2026-04-20T17:35:17.623952 [zmq:rx:0:0] [I] Waiting for reading samples. Completed 0 of 23040 samples.
2026-04-20T17:35:17.657763 [zmq:tx:0:0] [I] Waiting for request.
2026-04-20T17:35:18.613223 [zmq:rx:0:0] [I] Waiting for data.
2026-04-20T17:35:18.623988 [zmq:rx:0:0] [I] Waiting for reading samples. Completed 0 of 23040 samples.
2026-04-20T17:35:18.657764 [zmq:tx:0:0] [I] Waiting for request.
2026-04-20T17:35:19.613196 [zmq:rx:0:0] [I] Waiting for data.
2026-04-20T17:35:19.624049 [zmq:rx:0:0] [I] Waiting for reading samples. Completed 0 of 23040 samples.
2026-04-20T17:35:19.657764 [zmq:tx:0:0] [I] Waiting for request.
2026-04-20T17:35:20.613197 [zmq:rx:0:0] [I] Waiting for data.
2026-04-20T17:35:20.624090 [zmq:rx:0:0] [I] Waiting for reading samples. Completed 0 of 23040 samples.
2026-04-20T17:35:20.657764 [zmq:tx:0:0] [I] Waiting for request.
2026-04-20T17:35:21.613198 [zmq:rx:0:0] [I] Waiting for data.
2026-04-20T17:35:21.624174 [zmq:rx:0:0] [I] Waiting for reading samples. Completed 0 of 23040 samples.
2026-04-20T17:35:21.657765 [zmq:tx:0:0] [I] Waiting for request.
2026-04-20T17:35:24.949239 [zmq:rx:0:0] [I] Waiting for data.
2026-04-20T17:35:24.960290 [zmq:rx:0:0] [I] Waiting for reading samples. Completed 0 of 23040 samples.
2026-04-20T17:35:24.993806 [zmq:tx:0:0] [I] Waiting for request.
2026-04-20T17:35:25.949239 [zmq:rx:0:0] [I] Waiting for data.
2026-04-20T17:35:25.960316 [zmq:rx:0:0] [I] Waiting for reading samples. Completed 0 of 23040 samples.
2026-04-20T17:35:25.993814 [zmq:tx:0:0] [I] Waiting for request.
2026-04-20T17:35:26.949239 [zmq:rx:0:0] [I] Waiting for data.
2026-04-20T17:35:26.960386 [zmq:rx:0:0] [I] Waiting for reading samples. Completed 0 of 23040 samples.
2026-04-20T17:35:26.993813 [zmq:tx:0:0] [I] Waiting for request.
2026-04-20T17:35:27.949240 [zmq:rx:0:0] [I] Waiting for data.
2026-04-20T17:35:27.960454 [zmq:rx:0:0] [I] Waiting for reading samples. Completed 0 of 23040 samples.
2026-04-20T17:35:27.993813 [zmq:tx:0:0] [I] Waiting for request.
2026-04-20T17:35:28.949240 [zmq:rx:0:0] [I] Waiting for data.
2026-04-20T17:35:28.960473 [zmq:rx:0:0] [I] Waiting for reading samples. Completed 0 of 23040 samples.
2026-04-20T17:35:28.993813 [zmq:tx:0:0] [I] Waiting for request.
2026-04-20T17:35:29.949241 [zmq:rx:0:0] [I] Waiting for data.
2026-04-20T17:35:29.960522 [zmq:rx:0:0] [I] Waiting for reading samples. Completed 0 of 23040 samples.
2026-04-20T17:35:29.993813 [zmq:tx:0:0] [I] Waiting for request.
2026-04-20T17:35:30.949240 [zmq:rx:0:0] [I] Waiting for data.
2026-04-20T17:35:30.960586 [zmq:rx:0:0] [I] Waiting for reading samples. Completed 0 of 23040 samples.
2026-04-20T17:35:30.993814 [zmq:tx:0:0] [I] Waiting for request.
2026-04-20T17:35:31.949240 [zmq:rx:0:0] [I] Waiting for data.
2026-04-20T17:35:31.960604 [zmq:rx:0:0] [I] Waiting for reading samples. Completed 0 of 23040 samples.
2026-04-20T17:35:31.993814 [zmq:tx:0:0] [I] Waiting for request.
2026-04-20T17:35:32.949241 [zmq:rx:0:0] [I] Waiting for data.
2026-04-20T17:35:32.960657 [zmq:rx:0:0] [I] Waiting for reading samples. Completed 0 of 23040 samples.
2026-04-20T17:35:32.993816 [zmq:tx:0:0] [I] Waiting for request.
2026-04-20T17:35:33.949241 [zmq:rx:0:0] [I] Waiting for data.
2026-04-20T17:35:33.960665 [zmq:rx:0:0] [I] Waiting for reading samples. Completed 0 of 23040 samples.
2026-04-20T17:35:33.993816 [zmq:tx:0:0] [I] Waiting for request.
2026-04-20T17:35:34.949241 [zmq:rx:0:0] [I] Waiting for data.
2026-04-20T17:35:34.960713 [zmq:rx:0:0] [I] Waiting for reading samples. Completed 0 of 23040 samples.
2026-04-20T17:35:34.993817 [zmq:tx:0:0] [I] Waiting for request.
2026-04-20T17:35:35.949265 [zmq:rx:0:0] [I] Waiting for data.
2026-04-20T17:35:35.960764 [zmq:rx:0:0] [I] Waiting for reading samples. Completed 0 of 23040 samples.
2026-04-20T17:35:35.993817 [zmq:tx:0:0] [I] Waiting for request.
2026-04-20T17:35:36.949242 [zmq:rx:0:0] [I] Waiting for data.
2026-04-20T17:35:36.960818 [zmq:rx:0:0] [I] Waiting for reading samples. Completed 0 of 23040 samples.
2026-04-20T17:35:36.993817 [zmq:tx:0:0] [I] Waiting for request.
2026-04-20T17:35:37.949243 [zmq:rx:0:0] [I] Waiting for data.
2026-04-20T17:35:37.960845 [zmq:rx:0:0] [I] Waiting for reading samples. Completed 0 of 23040 samples.
2026-04-20T17:35:37.993821 [zmq:tx:0:0] [I] Waiting for request.
2026-04-20T17:35:38.949243 [zmq:rx:0:0] [I] Waiting for data.
2026-04-20T17:35:38.960897 [zmq:rx:0:0] [I] Waiting for reading samples. Completed 0 of 23040 samples.
2026-04-20T17:35:38.993821 [zmq:tx:0:0] [I] Waiting for request.
2026-04-20T17:35:39.949243 [zmq:rx:0:0] [I] Waiting for data.
2026-04-20T17:35:39.960954 [zmq:rx:0:0] [I] Waiting for reading samples. Completed 0 of 23040 samples.
2026-04-20T17:35:39.993847 [zmq:tx:0:0] [I] Waiting for request.
2026-04-20T17:35:40.949244 [zmq:rx:0:0] [I] Waiting for data.
2026-04-20T17:35:40.961004 [zmq:rx:0:0] [I] Waiting for reading samples. Completed 0 of 23040 samples.
2026-04-20T17:35:40.993869 [zmq:tx:0:0] [I] Waiting for request.
2026-04-20T17:35:41.949245 [zmq:rx:0:0] [I] Waiting for data.
2026-04-20T17:35:41.961040 [zmq:rx:0:0] [I] Waiting for reading samples. Completed 0 of 23040 samples.
2026-04-20T17:35:41.993848 [zmq:tx:0:0] [I] Waiting for request.
2026-04-20T17:35:42.949245 [zmq:rx:0:0] [I] Waiting for data.
2026-04-20T17:35:42.961096 [zmq:rx:0:0] [I] Waiting for reading samples. Completed 0 of 23040 samples.
2026-04-20T17:35:42.993848 [zmq:tx:0:0] [I] Waiting for request.
2026-04-20T17:35:43.949245 [zmq:rx:0:0] [I] Waiting for data.
2026-04-20T17:35:43.961139 [zmq:rx:0:0] [I] Waiting for reading samples. Completed 0 of 23040 samples.
2026-04-20T17:35:43.993848 [zmq:tx:0:0] [I] Waiting for request.
2026-04-20T17:35:44.949245 [zmq:rx:0:0] [I] Waiting for data.
2026-04-20T17:35:44.961142 [zmq:rx:0:0] [I] Waiting for reading samples. Completed 0 of 23040 samples.
2026-04-20T17:35:44.993849 [zmq:tx:0:0] [I] Waiting for request.
2026-04-20T17:35:45.949250 [zmq:rx:0:0] [I] Waiting for data.
2026-04-20T17:35:45.961184 [zmq:rx:0:0] [I] Waiting for reading samples. Completed 0 of 23040 samples.
2026-04-20T17:35:45.993849 [zmq:tx:0:0] [I] Waiting for request.
2026-04-20T17:35:46.949250 [zmq:rx:0:0] [I] Waiting for data.
2026-04-20T17:35:46.961231 [zmq:rx:0:0] [I] Waiting for reading samples. Completed 0 of 23040 samples.
2026-04-20T17:35:46.993850 [zmq:tx:0:0] [I] Waiting for request.
2026-04-20T17:35:47.949250 [zmq:rx:0:0] [I] Waiting for data.
2026-04-20T17:35:47.961240 [zmq:rx:0:0] [I] Waiting for reading samples. Completed 0 of 23040 samples.
2026-04-20T17:35:47.993850 [zmq:tx:0:0] [I] Waiting for request.
2026-04-20T17:35:48.949251 [zmq:rx:0:0] [I] Waiting for data.
2026-04-20T17:35:48.961269 [zmq:rx:0:0] [I] Waiting for reading samples. Completed 0 of 23040 samples.
2026-04-20T17:35:48.993851 [zmq:tx:0:0] [I] Waiting for request.
2026-04-20T17:35:49.949251 [zmq:rx:0:0] [I] Waiting for data.
2026-04-20T17:35:49.961288 [zmq:rx:0:0] [I] Waiting for reading samples. Completed 0 of 23040 samples.
2026-04-20T17:35:49.993852 [zmq:tx:0:0] [I] Waiting for request.
2026-04-20T17:35:50.949251 [zmq:rx:0:0] [I] Waiting for data.
2026-04-20T17:35:50.961334 [zmq:rx:0:0] [I] Waiting for reading samples. Completed 0 of 23040 samples.
2026-04-20T17:35:50.993852 [zmq:tx:0:0] [I] Waiting for request.
2026-04-20T17:35:51.949252 [zmq:rx:0:0] [I] Waiting for data.
2026-04-20T17:35:51.961391 [zmq:rx:0:0] [I] Waiting for reading samples. Completed 0 of 23040 samples.
2026-04-20T17:35:51.993852 [zmq:tx:0:0] [I] Waiting for request.
2026-04-20T17:35:52.949252 [zmq:rx:0:0] [I] Waiting for data.
2026-04-20T17:35:52.961451 [zmq:rx:0:0] [I] Waiting for reading samples. Completed 0 of 23040 samples.
2026-04-20T17:35:52.993853 [zmq:tx:0:0] [I] Waiting for request.
2026-04-20T17:35:53.949252 [zmq:rx:0:0] [I] Waiting for data.
2026-04-20T17:35:53.961517 [zmq:rx:0:0] [I] Waiting for reading samples. Completed 0 of 23040 samples.
2026-04-20T17:35:53.993854 [zmq:tx:0:0] [I] Waiting for request.
2026-04-20T17:35:54.949253 [zmq:rx:0:0] [I] Waiting for data.
2026-04-20T17:35:54.961565 [zmq:rx:0:0] [I] Waiting for reading samples. Completed 0 of 23040 samples.
2026-04-20T17:35:54.993883 [zmq:tx:0:0] [I] Waiting for request.
2026-04-20T17:35:55.949253 [zmq:rx:0:0] [I] Waiting for data.
2026-04-20T17:35:55.961573 [zmq:rx:0:0] [I] Waiting for reading samples. Completed 0 of 23040 samples.
2026-04-20T17:35:55.993853 [zmq:tx:0:0] [I] Waiting for request.
2026-04-20T17:35:59.243927 [zmq:rx:0:0] [I] Waiting for data.
2026-04-20T17:35:59.256315 [zmq:rx:0:0] [I] Waiting for reading samples. Completed 0 of 23040 samples.
2026-04-20T17:35:59.288528 [zmq:tx:0:0] [I] Waiting for request.
2026-04-20T17:36:00.243927 [zmq:rx:0:0] [I] Waiting for data.
2026-04-20T17:36:00.256353 [zmq:rx:0:0] [I] Waiting for reading samples. Completed 0 of 23040 samples.
2026-04-20T17:36:00.288528 [zmq:tx:0:0] [I] Waiting for request.
2026-04-20T17:36:01.243927 [zmq:rx:0:0] [I] Waiting for data.
2026-04-20T17:36:01.256386 [zmq:rx:0:0] [I] Waiting for reading samples. Completed 0 of 23040 samples.
2026-04-20T17:36:01.288528 [zmq:tx:0:0] [I] Waiting for request.
2026-04-20T17:36:02.243927 [zmq:rx:0:0] [I] Waiting for data.
2026-04-20T17:36:02.256460 [zmq:rx:0:0] [I] Waiting for reading samples. Completed 0 of 23040 samples.
2026-04-20T17:36:02.288529 [zmq:tx:0:0] [I] Waiting for request.
2026-04-20T17:36:03.243928 [zmq:rx:0:0] [I] Waiting for data.
2026-04-20T17:36:03.256497 [zmq:rx:0:0] [I] Waiting for reading samples. Completed 0 of 23040 samples.
2026-04-20T17:36:03.288533 [zmq:tx:0:0] [I] Waiting for request.
2026-04-20T17:36:04.243929 [zmq:rx:0:0] [I] Waiting for data.
2026-04-20T17:36:04.256556 [zmq:rx:0:0] [I] Waiting for reading samples. Completed 0 of 23040 samples.
2026-04-20T17:36:04.288529 [zmq:tx:0:0] [I] Waiting for request.
2026-04-20T17:36:05.243956 [zmq:rx:0:0] [I] Waiting for data.
2026-04-20T17:36:05.256614 [zmq:rx:0:0] [I] Waiting for reading samples. Completed 0 of 23040 samples.
2026-04-20T17:36:05.288530 [zmq:tx:0:0] [I] Waiting for request.
2026-04-20T17:36:06.243928 [zmq:rx:0:0] [I] Waiting for data.
2026-04-20T17:36:06.256655 [zmq:rx:0:0] [I] Waiting for reading samples. Completed 0 of 23040 samples.
2026-04-20T17:36:06.288530 [zmq:tx:0:0] [I] Waiting for request.
2026-04-20T17:36:07.243930 [zmq:rx:0:0] [I] Waiting for data.
2026-04-20T17:36:07.256699 [zmq:rx:0:0] [I] Waiting for reading samples. Completed 0 of 23040 samples.
2026-04-20T17:36:07.288531 [zmq:tx:0:0] [I] Waiting for request.
2026-04-20T17:36:08.243930 [zmq:rx:0:0] [I] Waiting for data.
2026-04-20T17:36:08.256723 [zmq:rx:0:0] [I] Waiting for reading samples. Completed 0 of 23040 samples.
2026-04-20T17:36:08.288531 [zmq:tx:0:0] [I] Waiting for request.
2026-04-20T17:36:09.243930 [zmq:rx:0:0] [I] Waiting for data.
2026-04-20T17:36:09.256732 [zmq:rx:0:0] [I] Waiting for reading samples. Completed 0 of 23040 samples.
2026-04-20T17:36:09.288532 [zmq:tx:0:0] [I] Waiting for request.
2026-04-20T17:36:10.243931 [zmq:rx:0:0] [I] Waiting for data.
2026-04-20T17:36:10.256753 [zmq:rx:0:0] [I] Waiting for reading samples. Completed 0 of 23040 samples.
2026-04-20T17:36:10.288532 [zmq:tx:0:0] [I] Waiting for request.
2026-04-20T17:36:11.243930 [zmq:rx:0:0] [I] Waiting for data.
2026-04-20T17:36:11.256777 [zmq:rx:0:0] [I] Waiting for reading samples. Completed 0 of 23040 samples.
2026-04-20T17:36:11.288532 [zmq:tx:0:0] [I] Waiting for request.
2026-04-20T17:36:12.243932 [zmq:rx:0:0] [I] Waiting for data.
2026-04-20T17:36:12.256799 [zmq:rx:0:0] [I] Waiting for reading samples. Completed 0 of 23040 samples.
2026-04-20T17:36:12.288533 [zmq:tx:0:0] [I] Waiting for request.
2026-04-20T17:36:13.243931 [zmq:rx:0:0] [I] Waiting for data.
2026-04-20T17:36:13.256813 [zmq:rx:0:0] [I] Waiting for reading samples. Completed 0 of 23040 samples.
2026-04-20T17:36:13.288533 [zmq:tx:0:0] [I] Waiting for request.
2026-04-20T17:36:14.243931 [zmq:rx:0:0] [I] Waiting for data.
2026-04-20T17:36:14.256865 [zmq:rx:0:0] [I] Waiting for reading samples. Completed 0 of 23040 samples.
2026-04-20T17:36:14.288532 [zmq:tx:0:0] [I] Waiting for request.
2026-04-20T17:36:15.243932 [zmq:rx:0:0] [I] Waiting for data.
2026-04-20T17:36:15.256900 [zmq:rx:0:0] [I] Waiting for reading samples. Completed 0 of 23040 samples.
2026-04-20T17:36:15.288532 [zmq:tx:0:0] [I] Waiting for request.
2026-04-20T17:36:16.243933 [zmq:rx:0:0] [I] Waiting for data.
2026-04-20T17:36:16.256967 [zmq:rx:0:0] [I] Waiting for reading samples. Completed 0 of 23040 samples.
2026-04-20T17:36:16.288533 [zmq:tx:0:0] [I] Waiting for request.
2026-04-20T17:36:17.243932 [zmq:rx:0:0] [I] Waiting for data.
2026-04-20T17:36:17.257001 [zmq:rx:0:0] [I] Waiting for reading samples. Completed 0 of 23040 samples.
2026-04-20T17:36:17.288533 [zmq:tx:0:0] [I] Waiting for request.
2026-04-20T17:36:18.243933 [zmq:rx:0:0] [I] Waiting for data.
2026-04-20T17:36:18.257015 [zmq:rx:0:0] [I] Waiting for reading samples. Completed 0 of 23040 samples.
2026-04-20T17:36:18.288534 [zmq:tx:0:0] [I] Waiting for request.
2026-04-20T17:36:19.243934 [zmq:rx:0:0] [I] Waiting for data.
2026-04-20T17:36:19.257068 [zmq:rx:0:0] [I] Waiting for reading samples. Completed 0 of 23040 samples.
2026-04-20T17:36:19.288535 [zmq:tx:0:0] [I] Waiting for request.
2026-04-20T17:36:20.243947 [zmq:rx:0:0] [I] Waiting for data.
2026-04-20T17:36:20.257107 [zmq:rx:0:0] [I] Waiting for reading samples. Completed 0 of 23040 samples.
2026-04-20T17:36:20.288534 [zmq:tx:0:0] [I] Waiting for request.
2026-04-20T17:36:21.243947 [zmq:rx:0:0] [I] Waiting for data.
2026-04-20T17:36:21.257110 [zmq:rx:0:0] [I] Waiting for reading samples. Completed 0 of 23040 samples.
2026-04-20T17:36:21.288534 [zmq:tx:0:0] [I] Waiting for request.
2026-04-20T17:36:22.243948 [zmq:rx:0:0] [I] Waiting for data.
2026-04-20T17:36:22.257115 [zmq:rx:0:0] [I] Waiting for reading samples. Completed 0 of 23040 samples.
2026-04-20T17:36:22.288536 [zmq:tx:0:0] [I] Waiting for request.
2026-04-20T17:36:23.243947 [zmq:rx:0:0] [I] Waiting for data.
2026-04-20T17:36:23.257125 [zmq:rx:0:0] [I] Waiting for reading samples. Completed 0 of 23040 samples.
2026-04-20T17:36:23.288536 [zmq:tx:0:0] [I] Waiting for request.
2026-04-20T17:36:24.243948 [zmq:rx:0:0] [I] Waiting for data.
2026-04-20T17:36:24.257134 [zmq:rx:0:0] [I] Waiting for reading samples. Completed 0 of 23040 samples.
2026-04-20T17:36:24.288536 [zmq:tx:0:0] [I] Waiting for request.
2026-04-20T17:36:25.243949 [zmq:rx:0:0] [I] Waiting for data.
2026-04-20T17:36:25.257135 [zmq:rx:0:0] [I] Waiting for reading samples. Completed 0 of 23040 samples.
2026-04-20T17:36:25.288536 [zmq:tx:0:0] [I] Waiting for request.
2026-04-20T17:36:26.243948 [zmq:rx:0:0] [I] Waiting for data.
2026-04-20T17:36:26.257148 [zmq:rx:0:0] [I] Waiting for reading samples. Completed 0 of 23040 samples.
2026-04-20T17:36:26.288536 [zmq:tx:0:0] [I] Waiting for request.
2026-04-20T17:36:27.243949 [zmq:rx:0:0] [I] Waiting for data.
2026-04-20T17:36:27.257202 [zmq:rx:0:0] [I] Waiting for reading samples. Completed 0 of 23040 samples.
2026-04-20T17:36:27.288537 [zmq:tx:0:0] [I] Waiting for request.
2026-04-20T17:36:28.243950 [zmq:rx:0:0] [I] Waiting for data.
2026-04-20T17:36:28.257258 [zmq:rx:0:0] [I] Waiting for reading samples. Completed 0 of 23040 samples.
2026-04-20T17:36:28.288537 [zmq:tx:0:0] [I] Waiting for request.
2026-04-20T17:36:29.243951 [zmq:rx:0:0] [I] Waiting for data.
2026-04-20T17:36:29.257262 [zmq:rx:0:0] [I] Waiting for reading samples. Completed 0 of 23040 samples.
2026-04-20T17:36:29.288538 [zmq:tx:0:0] [I] Waiting for request.
2026-04-20T17:36:30.243951 [zmq:rx:0:0] [I] Waiting for data.
2026-04-20T17:36:30.257289 [zmq:rx:0:0] [I] Waiting for reading samples. Completed 0 of 23040 samples.
2026-04-20T17:36:30.288564 [zmq:tx:0:0] [I] Waiting for request.
2026-04-20T17:36:31.243951 [zmq:rx:0:0] [I] Waiting for data.
2026-04-20T17:36:31.257321 [zmq:rx:0:0] [I] Waiting for reading samples. Completed 0 of 23040 samples.
2026-04-20T17:36:31.288538 [zmq:tx:0:0] [I] Waiting for request.
2026-04-20T17:36:34.587144 [zmq:rx:0:0] [I] Waiting for data.
2026-04-20T17:36:34.600568 [zmq:rx:0:0] [I] Waiting for reading samples. Completed 0 of 23040 samples.
2026-04-20T17:36:34.631732 [zmq:tx:0:0] [I] Waiting for request.
2026-04-20T17:36:35.587144 [zmq:rx:0:0] [I] Waiting for data.
2026-04-20T17:36:35.600588 [zmq:rx:0:0] [I] Waiting for reading samples. Completed 0 of 23040 samples.
2026-04-20T17:36:35.631731 [zmq:tx:0:0] [I] Waiting for request.
2026-04-20T17:36:36.587145 [zmq:rx:0:0] [I] Waiting for data.
2026-04-20T17:36:36.600638 [zmq:rx:0:0] [I] Waiting for reading samples. Completed 0 of 23040 samples.
2026-04-20T17:36:36.631732 [zmq:tx:0:0] [I] Waiting for request.
2026-04-20T17:36:37.587145 [zmq:rx:0:0] [I] Waiting for data.
2026-04-20T17:36:37.600672 [zmq:rx:0:0] [I] Waiting for reading samples. Completed 0 of 23040 samples.
2026-04-20T17:36:37.631733 [zmq:tx:0:0] [I] Waiting for request.
2026-04-20T17:36:38.587145 [zmq:rx:0:0] [I] Waiting for data.
2026-04-20T17:36:38.600677 [zmq:rx:0:0] [I] Waiting for reading samples. Completed 0 of 23040 samples.
2026-04-20T17:36:38.631733 [zmq:tx:0:0] [I] Waiting for request.
2026-04-20T17:36:39.587146 [zmq:rx:0:0] [I] Waiting for data.
2026-04-20T17:36:39.600717 [zmq:rx:0:0] [I] Waiting for reading samples. Completed 0 of 23040 samples.
2026-04-20T17:36:39.631734 [zmq:tx:0:0] [I] Waiting for request.
2026-04-20T17:36:40.587145 [zmq:rx:0:0] [I] Waiting for data.
2026-04-20T17:36:40.600724 [zmq:rx:0:0] [I] Waiting for reading samples. Completed 0 of 23040 samples.
2026-04-20T17:36:40.631734 [zmq:tx:0:0] [I] Waiting for request.
2026-04-20T17:36:41.587146 [zmq:rx:0:0] [I] Waiting for data.
2026-04-20T17:36:41.600753 [zmq:rx:0:0] [I] Waiting for reading samples. Completed 0 of 23040 samples.
2026-04-20T17:36:41.631736 [zmq:tx:0:0] [I] Waiting for request.
2026-04-20T17:36:42.587146 [zmq:rx:0:0] [I] Waiting for data.
2026-04-20T17:36:42.600787 [zmq:rx:0:0] [I] Waiting for reading samples. Completed 0 of 23040 samples.
2026-04-20T17:36:42.631736 [zmq:tx:0:0] [I] Waiting for request.
2026-04-20T17:36:43.587147 [zmq:rx:0:0] [I] Waiting for data.
2026-04-20T17:36:43.600812 [zmq:rx:0:0] [I] Waiting for reading samples. Completed 0 of 23040 samples.
2026-04-20T17:36:43.631736 [zmq:tx:0:0] [I] Waiting for request.
2026-04-20T17:36:44.587147 [zmq:rx:0:0] [I] Waiting for data.
2026-04-20T17:36:44.600834 [zmq:rx:0:0] [I] Waiting for reading samples. Completed 0 of 23040 samples.
2026-04-20T17:36:44.631736 [zmq:tx:0:0] [I] Waiting for request.
2026-04-20T17:36:45.587148 [zmq:rx:0:0] [I] Waiting for data.
2026-04-20T17:36:45.600886 [zmq:rx:0:0] [I] Waiting for reading samples. Completed 0 of 23040 samples.
2026-04-20T17:36:45.631736 [zmq:tx:0:0] [I] Waiting for request.
2026-04-20T17:36:46.587148 [zmq:rx:0:0] [I] Waiting for data.
2026-04-20T17:36:46.600951 [zmq:rx:0:0] [I] Waiting for reading samples. Completed 0 of 23040 samples.
2026-04-20T17:36:46.631737 [zmq:tx:0:0] [I] Waiting for request.
2026-04-20T17:36:47.587149 [zmq:rx:0:0] [I] Waiting for data.
2026-04-20T17:36:47.600954 [zmq:rx:0:0] [I] Waiting for reading samples. Completed 0 of 23040 samples.
2026-04-20T17:36:47.631737 [zmq:tx:0:0] [I] Waiting for request.
2026-04-20T17:36:48.587149 [zmq:rx:0:0] [I] Waiting for data.
2026-04-20T17:36:48.600984 [zmq:rx:0:0] [I] Waiting for reading samples. Completed 0 of 23040 samples.
2026-04-20T17:36:48.631738 [zmq:tx:0:0] [I] Waiting for request.
2026-04-20T17:36:49.587150 [zmq:rx:0:0] [I] Waiting for data.
2026-04-20T17:36:49.601021 [zmq:rx:0:0] [I] Waiting for reading samples. Completed 0 of 23040 samples.
2026-04-20T17:36:49.631748 [zmq:tx:0:0] [I] Waiting for request.
2026-04-20T17:36:50.587158 [zmq:rx:0:0] [I] Waiting for data.
2026-04-20T17:36:50.601042 [zmq:rx:0:0] [I] Waiting for reading samples. Completed 0 of 23040 samples.
2026-04-20T17:36:50.631774 [zmq:tx:0:0] [I] Waiting for request.
2026-04-20T17:36:51.587158 [zmq:rx:0:0] [I] Waiting for data.
2026-04-20T17:36:51.601104 [zmq:rx:0:0] [I] Waiting for reading samples. Completed 0 of 23040 samples.
2026-04-20T17:36:51.631773 [zmq:tx:0:0] [I] Waiting for request.
2026-04-20T17:36:52.587158 [zmq:rx:0:0] [I] Waiting for data.
2026-04-20T17:36:52.601158 [zmq:rx:0:0] [I] Waiting for reading samples. Completed 0 of 23040 samples.
2026-04-20T17:36:52.631752 [zmq:tx:0:0] [I] Waiting for request.
2026-04-20T17:36:53.587158 [zmq:rx:0:0] [I] Waiting for data.
2026-04-20T17:36:53.601210 [zmq:rx:0:0] [I] Waiting for reading samples. Completed 0 of 23040 samples.
2026-04-20T17:36:53.631753 [zmq:tx:0:0] [I] Waiting for request.
2026-04-20T17:36:54.587161 [zmq:rx:0:0] [I] Waiting for data.
2026-04-20T17:36:54.601265 [zmq:rx:0:0] [I] Waiting for reading samples. Completed 0 of 23040 samples.
2026-04-20T17:36:54.631753 [zmq:tx:0:0] [I] Waiting for request.
2026-04-20T17:36:55.587160 [zmq:rx:0:0] [I] Waiting for data.
2026-04-20T17:36:55.601286 [zmq:rx:0:0] [I] Waiting for reading samples. Completed 0 of 23040 samples.
2026-04-20T17:36:55.631753 [zmq:tx:0:0] [I] Waiting for request.
2026-04-20T17:36:56.587160 [zmq:rx:0:0] [I] Waiting for data.
2026-04-20T17:36:56.601321 [zmq:rx:0:0] [I] Waiting for reading samples. Completed 0 of 23040 samples.
2026-04-20T17:36:56.631754 [zmq:tx:0:0] [I] Waiting for request.
2026-04-20T17:36:57.587161 [zmq:rx:0:0] [I] Waiting for data.
2026-04-20T17:36:57.601363 [zmq:rx:0:0] [I] Waiting for reading samples. Completed 0 of 23040 samples.
2026-04-20T17:36:57.631754 [zmq:tx:0:0] [I] Waiting for request.
2026-04-20T17:36:58.587161 [zmq:rx:0:0] [I] Waiting for data.
2026-04-20T17:36:58.601417 [zmq:rx:0:0] [I] Waiting for reading samples. Completed 0 of 23040 samples.
2026-04-20T17:36:58.631755 [zmq:tx:0:0] [I] Waiting for request.
2026-04-20T17:36:59.587162 [zmq:rx:0:0] [I] Waiting for data.
2026-04-20T17:36:59.601475 [zmq:rx:0:0] [I] Waiting for reading samples. Completed 0 of 23040 samples.
2026-04-20T17:36:59.631755 [zmq:tx:0:0] [I] Waiting for request.
2026-04-20T17:37:00.587162 [zmq:rx:0:0] [I] Waiting for data.
2026-04-20T17:37:00.601516 [zmq:rx:0:0] [I] Waiting for reading samples. Completed 0 of 23040 samples.
2026-04-20T17:37:00.631755 [zmq:tx:0:0] [I] Waiting for request.
2026-04-20T17:37:01.587163 [zmq:rx:0:0] [I] Waiting for data.
2026-04-20T17:37:01.601566 [zmq:rx:0:0] [I] Waiting for reading samples. Completed 0 of 23040 samples.
2026-04-20T17:37:01.631756 [zmq:tx:0:0] [I] Waiting for request.
2026-04-20T17:37:02.587174 [zmq:rx:0:0] [I] Waiting for data.
2026-04-20T17:37:02.601604 [zmq:rx:0:0] [I] Waiting for reading samples. Completed 0 of 23040 samples.
2026-04-20T17:37:02.631755 [zmq:tx:0:0] [I] Waiting for request.
2026-04-20T17:37:03.587174 [zmq:rx:0:0] [I] Waiting for data.
2026-04-20T17:37:03.601673 [zmq:rx:0:0] [I] Waiting for reading samples. Completed 0 of 23040 samples.
2026-04-20T17:37:03.631756 [zmq:tx:0:0] [I] Waiting for request.
2026-04-20T17:37:04.587175 [zmq:rx:0:0] [I] Waiting for data.
2026-04-20T17:37:04.601720 [zmq:rx:0:0] [I] Waiting for reading samples. Completed 0 of 23040 samples.
2026-04-20T17:37:04.631756 [zmq:tx:0:0] [I] Waiting for request.
2026-04-20T17:37:05.587175 [zmq:rx:0:0] [I] Waiting for data.
2026-04-20T17:37:05.601805 [zmq:rx:0:0] [I] Waiting for reading samples. Completed 0 of 23040 samples.
2026-04-20T17:37:05.631757 [zmq:tx:0:0] [I] Waiting for request.
2026-04-20T17:37:08.791898 [zmq:rx:0:0] [I] Waiting for data.
2026-04-20T17:37:08.806584 [zmq:rx:0:0] [I] Waiting for reading samples. Completed 0 of 23040 samples.
2026-04-20T17:37:08.836479 [zmq:tx:0:0] [I] Waiting for request.
2026-04-20T17:37:09.791897 [zmq:rx:0:0] [I] Waiting for data.
2026-04-20T17:37:09.806652 [zmq:rx:0:0] [I] Waiting for reading samples. Completed 0 of 23040 samples.
2026-04-20T17:37:09.842143 [zmq:tx:0:0] [I] Waiting for request.
2026-04-20T17:37:10.791898 [zmq:rx:0:0] [I] Waiting for data.
2026-04-20T17:37:10.806711 [zmq:rx:0:0] [I] Waiting for reading samples. Completed 0 of 23040 samples.
2026-04-20T17:37:10.842143 [zmq:tx:0:0] [I] Waiting for request.
2026-04-20T17:37:11.791898 [zmq:rx:0:0] [I] Waiting for data.
2026-04-20T17:37:11.806737 [zmq:rx:0:0] [I] Waiting for reading samples. Completed 0 of 23040 samples.
2026-04-20T17:37:11.842160 [zmq:tx:0:0] [I] Waiting for request.
2026-04-20T17:37:12.791899 [zmq:rx:0:0] [I] Waiting for data.
2026-04-20T17:37:12.806746 [zmq:rx:0:0] [I] Waiting for reading samples. Completed 0 of 23040 samples.
2026-04-20T17:37:12.842145 [zmq:tx:0:0] [I] Waiting for request.
2026-04-20T17:37:13.791899 [zmq:rx:0:0] [I] Waiting for data.
2026-04-20T17:37:13.806751 [zmq:rx:0:0] [I] Waiting for reading samples. Completed 0 of 23040 samples.
2026-04-20T17:37:13.842145 [zmq:tx:0:0] [I] Waiting for request.
2026-04-20T17:37:14.791899 [zmq:rx:0:0] [I] Waiting for data.
2026-04-20T17:37:14.806762 [zmq:rx:0:0] [I] Waiting for reading samples. Completed 0 of 23040 samples.
2026-04-20T17:37:14.842145 [zmq:tx:0:0] [I] Waiting for request.
2026-04-20T17:37:15.791899 [zmq:rx:0:0] [I] Waiting for data.
2026-04-20T17:37:15.806783 [zmq:rx:0:0] [I] Waiting for reading samples. Completed 0 of 23040 samples.
2026-04-20T17:37:15.842146 [zmq:tx:0:0] [I] Waiting for request.
2026-04-20T17:37:16.791900 [zmq:rx:0:0] [I] Waiting for data.
2026-04-20T17:37:16.806815 [zmq:rx:0:0] [I] Waiting for reading samples. Completed 0 of 23040 samples.
2026-04-20T17:37:16.842168 [zmq:tx:0:0] [I] Waiting for request.
2026-04-20T17:37:17.791900 [zmq:rx:0:0] [I] Waiting for data.
2026-04-20T17:37:17.806829 [zmq:rx:0:0] [I] Waiting for reading samples. Completed 0 of 23040 samples.
2026-04-20T17:37:17.842146 [zmq:tx:0:0] [I] Waiting for request.
2026-04-20T17:37:18.791902 [zmq:rx:0:0] [I] Waiting for data.
2026-04-20T17:37:18.806834 [zmq:rx:0:0] [I] Waiting for reading samples. Completed 0 of 23040 samples.
2026-04-20T17:37:18.842146 [zmq:tx:0:0] [I] Waiting for request.
2026-04-20T17:37:19.791901 [zmq:rx:0:0] [I] Waiting for data.
2026-04-20T17:37:19.806850 [zmq:rx:0:0] [I] Waiting for reading samples. Completed 0 of 23040 samples.
2026-04-20T17:37:19.842146 [zmq:tx:0:0] [I] Waiting for request.
2026-04-20T17:37:20.791902 [zmq:rx:0:0] [I] Waiting for data.
2026-04-20T17:37:20.806911 [zmq:rx:0:0] [I] Waiting for reading samples. Completed 0 of 23040 samples.
2026-04-20T17:37:20.842147 [zmq:tx:0:0] [I] Waiting for request.
2026-04-20T17:37:21.791902 [zmq:rx:0:0] [I] Waiting for data.
2026-04-20T17:37:21.806965 [zmq:rx:0:0] [I] Waiting for reading samples. Completed 0 of 23040 samples.
2026-04-20T17:37:21.842147 [zmq:tx:0:0] [I] Waiting for request.
2026-04-20T17:37:22.791902 [zmq:rx:0:0] [I] Waiting for data.
2026-04-20T17:37:22.807030 [zmq:rx:0:0] [I] Waiting for reading samples. Completed 0 of 23040 samples.
2026-04-20T17:37:22.842171 [zmq:tx:0:0] [I] Waiting for request.
2026-04-20T17:37:23.791905 [zmq:rx:0:0] [I] Waiting for data.
2026-04-20T17:37:23.807037 [zmq:rx:0:0] [I] Waiting for reading samples. Completed 0 of 23040 samples.
2026-04-20T17:37:23.842148 [zmq:tx:0:0] [I] Waiting for request.
2026-04-20T17:37:24.791904 [zmq:rx:0:0] [I] Waiting for data.
2026-04-20T17:37:24.807063 [zmq:rx:0:0] [I] Waiting for reading samples. Completed 0 of 23040 samples.
2026-04-20T17:37:24.842172 [zmq:tx:0:0] [I] Waiting for request.
2026-04-20T17:37:25.791904 [zmq:rx:0:0] [I] Waiting for data.
2026-04-20T17:37:25.807067 [zmq:rx:0:0] [I] Waiting for reading samples. Completed 0 of 23040 samples.
2026-04-20T17:37:25.842149 [zmq:tx:0:0] [I] Waiting for request.
2026-04-20T17:37:26.791904 [zmq:rx:0:0] [I] Waiting for data.
2026-04-20T17:37:26.807090 [zmq:rx:0:0] [I] Waiting for reading samples. Completed 0 of 23040 samples.
2026-04-20T17:37:26.842149 [zmq:tx:0:0] [I] Waiting for request.
2026-04-20T17:37:27.791904 [zmq:rx:0:0] [I] Waiting for data.
2026-04-20T17:37:27.807148 [zmq:rx:0:0] [I] Waiting for reading samples. Completed 0 of 23040 samples.
2026-04-20T17:37:27.842150 [zmq:tx:0:0] [I] Waiting for request.
2026-04-20T17:37:28.791904 [zmq:rx:0:0] [I] Waiting for data.
2026-04-20T17:37:28.807195 [zmq:rx:0:0] [I] Waiting for reading samples. Completed 0 of 23040 samples.
2026-04-20T17:37:28.842150 [zmq:tx:0:0] [I] Waiting for request.
2026-04-20T17:37:29.791904 [zmq:rx:0:0] [I] Waiting for data.
2026-04-20T17:37:29.807222 [zmq:rx:0:0] [I] Waiting for reading samples. Completed 0 of 23040 samples.
2026-04-20T17:37:29.842151 [zmq:tx:0:0] [I] Waiting for request.
2026-04-20T17:37:30.791905 [zmq:rx:0:0] [I] Waiting for data.
2026-04-20T17:37:30.807246 [zmq:rx:0:0] [I] Waiting for reading samples. Completed 0 of 23040 samples.
2026-04-20T17:37:30.842151 [zmq:tx:0:0] [I] Waiting for request.
2026-04-20T17:37:31.791905 [zmq:rx:0:0] [I] Waiting for data.
2026-04-20T17:37:31.807343 [zmq:rx:0:0] [I] Waiting for reading samples. Completed 0 of 23040 samples.
2026-04-20T17:37:31.842176 [zmq:tx:0:0] [I] Waiting for request.
2026-04-20T17:37:32.791906 [zmq:rx:0:0] [I] Waiting for data.
2026-04-20T17:37:32.807412 [zmq:rx:0:0] [I] Waiting for reading samples. Completed 0 of 23040 samples.
2026-04-20T17:37:32.842152 [zmq:tx:0:0] [I] Waiting for request.
2026-04-20T17:37:33.791906 [zmq:rx:0:0] [I] Waiting for data.
2026-04-20T17:37:33.807450 [zmq:rx:0:0] [I] Waiting for reading samples. Completed 0 of 23040 samples.
2026-04-20T17:37:33.842153 [zmq:tx:0:0] [I] Waiting for request.
2026-04-20T17:37:34.791907 [zmq:rx:0:0] [I] Waiting for data.
2026-04-20T17:37:34.807454 [zmq:rx:0:0] [I] Waiting for reading samples. Completed 0 of 23040 samples.
2026-04-20T17:37:34.842153 [zmq:tx:0:0] [I] Waiting for request.
2026-04-20T17:37:35.791907 [zmq:rx:0:0] [I] Waiting for data.
2026-04-20T17:37:35.807485 [zmq:rx:0:0] [I] Waiting for reading samples. Completed 0 of 23040 samples.
2026-04-20T17:37:35.842154 [zmq:tx:0:0] [I] Waiting for request.
2026-04-20T17:37:36.791907 [zmq:rx:0:0] [I] Waiting for data.
2026-04-20T17:37:36.807568 [zmq:rx:0:0] [I] Waiting for reading samples. Completed 0 of 23040 samples.
2026-04-20T17:37:36.842154 [zmq:tx:0:0] [I] Waiting for request.
2026-04-20T17:37:37.791908 [zmq:rx:0:0] [I] Waiting for data.
2026-04-20T17:37:37.807642 [zmq:rx:0:0] [I] Waiting for reading samples. Completed 0 of 23040 samples.
2026-04-20T17:37:37.842155 [zmq:tx:0:0] [I] Waiting for request.
2026-04-20T17:37:38.791934 [zmq:rx:0:0] [I] Waiting for data.
2026-04-20T17:37:38.807677 [zmq:rx:0:0] [I] Waiting for reading samples. Completed 0 of 23040 samples.
2026-04-20T17:37:38.842156 [zmq:tx:0:0] [I] Waiting for request.
2026-04-20T17:37:39.791909 [zmq:rx:0:0] [I] Waiting for data.
2026-04-20T17:37:39.807723 [zmq:rx:0:0] [I] Waiting for reading samples. Completed 0 of 23040 samples.
2026-04-20T17:37:39.842156 [zmq:tx:0:0] [I] Waiting for request.
2026-04-20T17:37:43.126414 [zmq:rx:0:0] [I] Waiting for data.
2026-04-20T17:37:43.142233 [zmq:rx:0:0] [I] Waiting for reading samples. Completed 0 of 23040 samples.
2026-04-20T17:37:43.176685 [zmq:tx:0:0] [I] Waiting for request.
2026-04-20T17:37:44.126414 [zmq:rx:0:0] [I] Waiting for data.
2026-04-20T17:37:44.142264 [zmq:rx:0:0] [I] Waiting for reading samples. Completed 0 of 23040 samples.
2026-04-20T17:37:44.176662 [zmq:tx:0:0] [I] Waiting for request.
2026-04-20T17:37:45.126415 [zmq:rx:0:0] [I] Waiting for data.
2026-04-20T17:37:45.142281 [zmq:rx:0:0] [I] Waiting for reading samples. Completed 0 of 23040 samples.
2026-04-20T17:37:45.176662 [zmq:tx:0:0] [I] Waiting for request.
2026-04-20T17:37:46.126415 [zmq:rx:0:0] [I] Waiting for data.
2026-04-20T17:37:46.142325 [zmq:rx:0:0] [I] Waiting for reading samples. Completed 0 of 23040 samples.
2026-04-20T17:37:46.176663 [zmq:tx:0:0] [I] Waiting for request.
2026-04-20T17:37:47.126415 [zmq:rx:0:0] [I] Waiting for data.
2026-04-20T17:37:47.142328 [zmq:rx:0:0] [I] Waiting for reading samples. Completed 0 of 23040 samples.
2026-04-20T17:37:47.176664 [zmq:tx:0:0] [I] Waiting for request.
2026-04-20T17:37:48.126440 [zmq:rx:0:0] [I] Waiting for data.
2026-04-20T17:37:48.142341 [zmq:rx:0:0] [I] Waiting for reading samples. Completed 0 of 23040 samples.
2026-04-20T17:37:48.176664 [zmq:tx:0:0] [I] Waiting for request.
2026-04-20T17:37:49.126416 [zmq:rx:0:0] [I] Waiting for data.
2026-04-20T17:37:49.142400 [zmq:rx:0:0] [I] Waiting for reading samples. Completed 0 of 23040 samples.
2026-04-20T17:37:49.176664 [zmq:tx:0:0] [I] Waiting for request.
2026-04-20T17:37:50.126416 [zmq:rx:0:0] [I] Waiting for data.
2026-04-20T17:37:50.142407 [zmq:rx:0:0] [I] Waiting for reading samples. Completed 0 of 23040 samples.
2026-04-20T17:37:50.176664 [zmq:tx:0:0] [I] Waiting for request.
2026-04-20T17:37:51.126416 [zmq:rx:0:0] [I] Waiting for data.
2026-04-20T17:37:51.142426 [zmq:rx:0:0] [I] Waiting for reading samples. Completed 0 of 23040 samples.
2026-04-20T17:37:51.176664 [zmq:tx:0:0] [I] Waiting for request.
2026-04-20T17:37:52.126417 [zmq:rx:0:0] [I] Waiting for data.
2026-04-20T17:37:52.142457 [zmq:rx:0:0] [I] Waiting for reading samples. Completed 0 of 23040 samples.
2026-04-20T17:37:52.176666 [zmq:tx:0:0] [I] Waiting for request.
2026-04-20T17:37:53.126417 [zmq:rx:0:0] [I] Waiting for data.
2026-04-20T17:37:53.142474 [zmq:rx:0:0] [I] Waiting for reading samples. Completed 0 of 23040 samples.
2026-04-20T17:37:53.176666 [zmq:tx:0:0] [I] Waiting for request.
2026-04-20T17:37:54.126417 [zmq:rx:0:0] [I] Waiting for data.
2026-04-20T17:37:54.142509 [zmq:rx:0:0] [I] Waiting for reading samples. Completed 0 of 23040 samples.
2026-04-20T17:37:54.176666 [zmq:tx:0:0] [I] Waiting for request.
2026-04-20T17:37:55.126417 [zmq:rx:0:0] [I] Waiting for data.
2026-04-20T17:37:55.142531 [zmq:rx:0:0] [I] Waiting for reading samples. Completed 0 of 23040 samples.
2026-04-20T17:37:55.176667 [zmq:tx:0:0] [I] Waiting for request.
2026-04-20T17:37:56.126418 [zmq:rx:0:0] [I] Waiting for data.
2026-04-20T17:37:56.142579 [zmq:rx:0:0] [I] Waiting for reading samples. Completed 0 of 23040 samples.
2026-04-20T17:37:56.176692 [zmq:tx:0:0] [I] Waiting for request.
2026-04-20T17:37:57.126418 [zmq:rx:0:0] [I] Waiting for data.
2026-04-20T17:37:57.142616 [zmq:rx:0:0] [I] Waiting for reading samples. Completed 0 of 23040 samples.
2026-04-20T17:37:57.176668 [zmq:tx:0:0] [I] Waiting for request.
2026-04-20T17:37:58.126419 [zmq:rx:0:0] [I] Waiting for data.
2026-04-20T17:37:58.142623 [zmq:rx:0:0] [I] Waiting for reading samples. Completed 0 of 23040 samples.
2026-04-20T17:37:58.176669 [zmq:tx:0:0] [I] Waiting for request.
2026-04-20T17:37:59.126419 [zmq:rx:0:0] [I] Waiting for data.
2026-04-20T17:37:59.142698 [zmq:rx:0:0] [I] Waiting for reading samples. Completed 0 of 23040 samples.
2026-04-20T17:37:59.176668 [zmq:tx:0:0] [I] Waiting for request.
2026-04-20T17:38:00.126422 [zmq:rx:0:0] [I] Waiting for data.
2026-04-20T17:38:00.142743 [zmq:rx:0:0] [I] Waiting for reading samples. Completed 0 of 23040 samples.
2026-04-20T17:38:00.176669 [zmq:tx:0:0] [I] Waiting for request.
2026-04-20T17:38:01.126420 [zmq:rx:0:0] [I] Waiting for data.
2026-04-20T17:38:01.142763 [zmq:rx:0:0] [I] Waiting for reading samples. Completed 0 of 23040 samples.
2026-04-20T17:38:01.176692 [zmq:tx:0:0] [I] Waiting for request.
2026-04-20T17:38:02.126420 [zmq:rx:0:0] [I] Waiting for data.
2026-04-20T17:38:02.142808 [zmq:rx:0:0] [I] Waiting for reading samples. Completed 0 of 23040 samples.
2026-04-20T17:38:02.176670 [zmq:tx:0:0] [I] Waiting for request.
2026-04-20T17:38:03.126421 [zmq:rx:0:0] [I] Waiting for data.
2026-04-20T17:38:03.142823 [zmq:rx:0:0] [I] Waiting for reading samples. Completed 0 of 23040 samples.
2026-04-20T17:38:03.176670 [zmq:tx:0:0] [I] Waiting for request.
2026-04-20T17:38:04.126422 [zmq:rx:0:0] [I] Waiting for data.
2026-04-20T17:38:04.142847 [zmq:rx:0:0] [I] Waiting for reading samples. Completed 0 of 23040 samples.
2026-04-20T17:38:04.176671 [zmq:tx:0:0] [I] Waiting for request.
2026-04-20T17:38:05.126422 [zmq:rx:0:0] [I] Waiting for data.
2026-04-20T17:38:05.142893 [zmq:rx:0:0] [I] Waiting for reading samples. Completed 0 of 23040 samples.
2026-04-20T17:38:05.176671 [zmq:tx:0:0] [I] Waiting for request.
2026-04-20T17:38:06.126423 [zmq:rx:0:0] [I] Waiting for data.
2026-04-20T17:38:06.142928 [zmq:rx:0:0] [I] Waiting for reading samples. Completed 0 of 23040 samples.
2026-04-20T17:38:06.176672 [zmq:tx:0:0] [I] Waiting for request.
2026-04-20T17:38:07.126423 [zmq:rx:0:0] [I] Waiting for data.
2026-04-20T17:38:07.142966 [zmq:rx:0:0] [I] Waiting for reading samples. Completed 0 of 23040 samples.
2026-04-20T17:38:07.176672 [zmq:tx:0:0] [I] Waiting for request.
2026-04-20T17:38:08.126424 [zmq:rx:0:0] [I] Waiting for data.
2026-04-20T17:38:08.143014 [zmq:rx:0:0] [I] Waiting for reading samples. Completed 0 of 23040 samples.
2026-04-20T17:38:08.176673 [zmq:tx:0:0] [I] Waiting for request.
2026-04-20T17:38:09.126424 [zmq:rx:0:0] [I] Waiting for data.
2026-04-20T17:38:09.143071 [zmq:rx:0:0] [I] Waiting for reading samples. Completed 0 of 23040 samples.
2026-04-20T17:38:09.176673 [zmq:tx:0:0] [I] Waiting for request.
2026-04-20T17:38:10.126424 [zmq:rx:0:0] [I] Waiting for data.
2026-04-20T17:38:10.143087 [zmq:rx:0:0] [I] Waiting for reading samples. Completed 0 of 23040 samples.
2026-04-20T17:38:10.176674 [zmq:tx:0:0] [I] Waiting for request.
2026-04-20T17:38:11.126425 [zmq:rx:0:0] [I] Waiting for data.
2026-04-20T17:38:11.143107 [zmq:rx:0:0] [I] Waiting for reading samples. Completed 0 of 23040 samples.
2026-04-20T17:38:11.176674 [zmq:tx:0:0] [I] Waiting for request.
2026-04-20T17:38:12.126425 [zmq:rx:0:0] [I] Waiting for data.
2026-04-20T17:38:12.143140 [zmq:rx:0:0] [I] Waiting for reading samples. Completed 0 of 23040 samples.
2026-04-20T17:38:12.176674 [zmq:tx:0:0] [I] Waiting for request.
2026-04-20T17:38:13.126426 [zmq:rx:0:0] [I] Waiting for data.
2026-04-20T17:38:13.143209 [zmq:rx:0:0] [I] Waiting for reading samples. Completed 0 of 23040 samples.
2026-04-20T17:38:13.176675 [zmq:tx:0:0] [I] Waiting for request.
2026-04-20T17:38:14.126426 [zmq:rx:0:0] [I] Waiting for data.
2026-04-20T17:38:14.143220 [zmq:rx:0:0] [I] Waiting for reading samples. Completed 0 of 23040 samples.
2026-04-20T17:38:14.176675 [zmq:tx:0:0] [I] Waiting for request.
2026-04-20T17:38:17.354710 [zmq:rx:0:0] [I] Waiting for data.
2026-04-20T17:38:17.371575 [zmq:rx:0:0] [I] Waiting for reading samples. Completed 0 of 23040 samples.
2026-04-20T17:38:17.404959 [zmq:tx:0:0] [I] Waiting for request.
2026-04-20T17:38:18.354710 [zmq:rx:0:0] [I] Waiting for data.
2026-04-20T17:38:18.371608 [zmq:rx:0:0] [I] Waiting for reading samples. Completed 0 of 23040 samples.
2026-04-20T17:38:18.404959 [zmq:tx:0:0] [I] Waiting for request.
2026-04-20T17:38:19.354717 [zmq:rx:0:0] [I] Waiting for data.
2026-04-20T17:38:19.371634 [zmq:rx:0:0] [I] Waiting for reading samples. Completed 0 of 23040 samples.
2026-04-20T17:38:19.404960 [zmq:tx:0:0] [I] Waiting for request.
2026-04-20T17:38:20.354717 [zmq:rx:0:0] [I] Waiting for data.
2026-04-20T17:38:20.371693 [zmq:rx:0:0] [I] Waiting for reading samples. Completed 0 of 23040 samples.
2026-04-20T17:38:20.404960 [zmq:tx:0:0] [I] Waiting for request.
2026-04-20T17:38:21.354718 [zmq:rx:0:0] [I] Waiting for data.
2026-04-20T17:38:21.371762 [zmq:rx:0:0] [I] Waiting for reading samples. Completed 0 of 23040 samples.
2026-04-20T17:38:21.404961 [zmq:tx:0:0] [I] Waiting for request.
2026-04-20T17:38:22.354718 [zmq:rx:0:0] [I] Waiting for data.
2026-04-20T17:38:22.371769 [zmq:rx:0:0] [I] Waiting for reading samples. Completed 0 of 23040 samples.
2026-04-20T17:38:22.404960 [zmq:tx:0:0] [I] Waiting for request.
2026-04-20T17:38:23.354718 [zmq:rx:0:0] [I] Waiting for data.
2026-04-20T17:38:23.371774 [zmq:rx:0:0] [I] Waiting for reading samples. Completed 0 of 23040 samples.
2026-04-20T17:38:23.404960 [zmq:tx:0:0] [I] Waiting for request.
2026-04-20T17:38:24.354719 [zmq:rx:0:0] [I] Waiting for data.
2026-04-20T17:38:24.371819 [zmq:rx:0:0] [I] Waiting for reading samples. Completed 0 of 23040 samples.
2026-04-20T17:38:24.404961 [zmq:tx:0:0] [I] Waiting for request.
2026-04-20T17:38:25.354719 [zmq:rx:0:0] [I] Waiting for data.
2026-04-20T17:38:25.371849 [zmq:rx:0:0] [I] Waiting for reading samples. Completed 0 of 23040 samples.
2026-04-20T17:38:25.404962 [zmq:tx:0:0] [I] Waiting for request.
2026-04-20T17:38:26.354719 [zmq:rx:0:0] [I] Waiting for data.
2026-04-20T17:38:26.371906 [zmq:rx:0:0] [I] Waiting for reading samples. Completed 0 of 23040 samples.
2026-04-20T17:38:26.404963 [zmq:tx:0:0] [I] Waiting for request.
2026-04-20T17:38:27.354719 [zmq:rx:0:0] [I] Waiting for data.
2026-04-20T17:38:27.371945 [zmq:rx:0:0] [I] Waiting for reading samples. Completed 0 of 23040 samples.
2026-04-20T17:38:27.404961 [zmq:tx:0:0] [I] Waiting for request.
2026-04-20T17:38:28.354719 [zmq:rx:0:0] [I] Waiting for data.
2026-04-20T17:38:28.371996 [zmq:rx:0:0] [I] Waiting for reading samples. Completed 0 of 23040 samples.
2026-04-20T17:38:28.404962 [zmq:tx:0:0] [I] Waiting for request.
2026-04-20T17:38:29.354719 [zmq:rx:0:0] [I] Waiting for data.
2026-04-20T17:38:29.372000 [zmq:rx:0:0] [I] Waiting for reading samples. Completed 0 of 23040 samples.
2026-04-20T17:38:29.404962 [zmq:tx:0:0] [I] Waiting for request.
2026-04-20T17:38:30.354720 [zmq:rx:0:0] [I] Waiting for data.
2026-04-20T17:38:30.372061 [zmq:rx:0:0] [I] Waiting for reading samples. Completed 0 of 23040 samples.
2026-04-20T17:38:30.404967 [zmq:tx:0:0] [I] Waiting for request.
2026-04-20T17:38:31.354724 [zmq:rx:0:0] [I] Waiting for data.
2026-04-20T17:38:31.372069 [zmq:rx:0:0] [I] Waiting for reading samples. Completed 0 of 23040 samples.
2026-04-20T17:38:31.404963 [zmq:tx:0:0] [I] Waiting for request.
2026-04-20T17:38:32.354724 [zmq:rx:0:0] [I] Waiting for data.
2026-04-20T17:38:32.372100 [zmq:rx:0:0] [I] Waiting for reading samples. Completed 0 of 23040 samples.
2026-04-20T17:38:32.404964 [zmq:tx:0:0] [I] Waiting for request.
2026-04-20T17:38:33.354724 [zmq:rx:0:0] [I] Waiting for data.
2026-04-20T17:38:33.372119 [zmq:rx:0:0] [I] Waiting for reading samples. Completed 0 of 23040 samples.
2026-04-20T17:38:33.404965 [zmq:tx:0:0] [I] Waiting for request.
2026-04-20T17:38:34.354725 [zmq:rx:0:0] [I] Waiting for data.
2026-04-20T17:38:34.372133 [zmq:rx:0:0] [I] Waiting for reading samples. Completed 0 of 23040 samples.
2026-04-20T17:38:34.405003 [zmq:tx:0:0] [I] Waiting for request.
2026-04-20T17:38:35.354730 [zmq:rx:0:0] [I] Waiting for data.
2026-04-20T17:38:35.372146 [zmq:rx:0:0] [I] Waiting for reading samples. Completed 0 of 23040 samples.
2026-04-20T17:38:35.404965 [zmq:tx:0:0] [I] Waiting for request.
2026-04-20T17:38:36.354759 [zmq:rx:0:0] [I] Waiting for data.
2026-04-20T17:38:36.372164 [zmq:rx:0:0] [I] Waiting for reading samples. Completed 0 of 23040 samples.
2026-04-20T17:38:36.404972 [zmq:tx:0:0] [I] Waiting for request.
2026-04-20T17:38:37.354735 [zmq:rx:0:0] [I] Waiting for data.
2026-04-20T17:38:37.372184 [zmq:rx:0:0] [I] Waiting for reading samples. Completed 0 of 23040 samples.
2026-04-20T17:38:37.404968 [zmq:tx:0:0] [I] Waiting for request.
2026-04-20T17:38:38.354732 [zmq:rx:0:0] [I] Waiting for data.
2026-04-20T17:38:38.372231 [zmq:rx:0:0] [I] Waiting for reading samples. Completed 0 of 23040 samples.
2026-04-20T17:38:38.404968 [zmq:tx:0:0] [I] Waiting for request.
2026-04-20T17:38:39.354732 [zmq:rx:0:0] [I] Waiting for data.
2026-04-20T17:38:39.372275 [zmq:rx:0:0] [I] Waiting for reading samples. Completed 0 of 23040 samples.
2026-04-20T17:38:39.404967 [zmq:tx:0:0] [I] Waiting for request.
2026-04-20T17:38:40.354732 [zmq:rx:0:0] [I] Waiting for data.
2026-04-20T17:38:40.372311 [zmq:rx:0:0] [I] Waiting for reading samples. Completed 0 of 23040 samples.
2026-04-20T17:38:40.404968 [zmq:tx:0:0] [I] Waiting for request.
2026-04-20T17:38:41.354733 [zmq:rx:0:0] [I] Waiting for data.
2026-04-20T17:38:41.372320 [zmq:rx:0:0] [I] Waiting for reading samples. Completed 0 of 23040 samples.
2026-04-20T17:38:41.404968 [zmq:tx:0:0] [I] Waiting for request.
2026-04-20T17:38:42.354734 [zmq:rx:0:0] [I] Waiting for data.
2026-04-20T17:38:42.372344 [zmq:rx:0:0] [I] Waiting for reading samples. Completed 0 of 23040 samples.
2026-04-20T17:38:42.404968 [zmq:tx:0:0] [I] Waiting for request.
2026-04-20T17:38:43.354734 [zmq:rx:0:0] [I] Waiting for data.
2026-04-20T17:38:43.372379 [zmq:rx:0:0] [I] Waiting for reading samples. Completed 0 of 23040 samples.
2026-04-20T17:38:43.404991 [zmq:tx:0:0] [I] Waiting for request.
2026-04-20T17:38:44.354735 [zmq:rx:0:0] [I] Waiting for data.
2026-04-20T17:38:44.372382 [zmq:rx:0:0] [I] Waiting for reading samples. Completed 0 of 23040 samples.
2026-04-20T17:38:44.404971 [zmq:tx:0:0] [I] Waiting for request.
2026-04-20T17:38:45.354735 [zmq:rx:0:0] [I] Waiting for data.
2026-04-20T17:38:45.372419 [zmq:rx:0:0] [I] Waiting for reading samples. Completed 0 of 23040 samples.
2026-04-20T17:38:45.404970 [zmq:tx:0:0] [I] Waiting for request.
2026-04-20T17:38:46.354737 [zmq:rx:0:0] [I] Waiting for data.
2026-04-20T17:38:46.372480 [zmq:rx:0:0] [I] Waiting for reading samples. Completed 0 of 23040 samples.
2026-04-20T17:38:46.404972 [zmq:tx:0:0] [I] Waiting for request.
2026-04-20T17:38:47.354736 [zmq:rx:0:0] [I] Waiting for data.
2026-04-20T17:38:47.372531 [zmq:rx:0:0] [I] Waiting for reading samples. Completed 0 of 23040 samples.
2026-04-20T17:38:47.404972 [zmq:tx:0:0] [I] Waiting for request.
2026-04-20T17:38:48.354742 [zmq:rx:0:0] [I] Waiting for data.
2026-04-20T17:38:48.372538 [zmq:rx:0:0] [I] Waiting for reading samples. Completed 0 of 23040 samples.
2026-04-20T17:38:48.404972 [zmq:tx:0:0] [I] Waiting for request.
2026-04-20T17:38:49.354742 [zmq:rx:0:0] [I] Waiting for data.
2026-04-20T17:38:49.372597 [zmq:rx:0:0] [I] Waiting for reading samples. Completed 0 of 23040 samples.
2026-04-20T17:38:49.404980 [zmq:tx:0:0] [I] Waiting for request.
2026-04-20T17:38:52.544612 [zmq:rx:0:0] [I] Waiting for data.
2026-04-20T17:38:52.562525 [zmq:rx:0:0] [I] Waiting for reading samples. Completed 0 of 23040 samples.
2026-04-20T17:38:52.594849 [zmq:tx:0:0] [I] Waiting for request.
2026-04-20T17:38:53.544613 [zmq:rx:0:0] [I] Waiting for data.
2026-04-20T17:38:53.562586 [zmq:rx:0:0] [I] Waiting for reading samples. Completed 0 of 23040 samples.
2026-04-20T17:38:53.594850 [zmq:tx:0:0] [I] Waiting for request.
2026-04-20T17:38:54.544613 [zmq:rx:0:0] [I] Waiting for data.
2026-04-20T17:38:54.562632 [zmq:rx:0:0] [I] Waiting for reading samples. Completed 0 of 23040 samples.
2026-04-20T17:38:54.594851 [zmq:tx:0:0] [I] Waiting for request.
2026-04-20T17:38:55.544614 [zmq:rx:0:0] [I] Waiting for data.
2026-04-20T17:38:55.562647 [zmq:rx:0:0] [I] Waiting for reading samples. Completed 0 of 23040 samples.
2026-04-20T17:38:55.594852 [zmq:tx:0:0] [I] Waiting for request.
2026-04-20T17:38:56.544614 [zmq:rx:0:0] [I] Waiting for data.
2026-04-20T17:38:56.562694 [zmq:rx:0:0] [I] Waiting for reading samples. Completed 0 of 23040 samples.
2026-04-20T17:38:56.594851 [zmq:tx:0:0] [I] Waiting for request.
2026-04-20T17:38:57.544615 [zmq:rx:0:0] [I] Waiting for data.
2026-04-20T17:38:57.562737 [zmq:rx:0:0] [I] Waiting for reading samples. Completed 0 of 23040 samples.
2026-04-20T17:38:57.594852 [zmq:tx:0:0] [I] Waiting for request.
2026-04-20T17:38:58.544615 [zmq:rx:0:0] [I] Waiting for data.
2026-04-20T17:38:58.562753 [zmq:rx:0:0] [I] Waiting for reading samples. Completed 0 of 23040 samples.
2026-04-20T17:38:58.594853 [zmq:tx:0:0] [I] Waiting for request.
2026-04-20T17:38:59.544615 [zmq:rx:0:0] [I] Waiting for data.
2026-04-20T17:38:59.562808 [zmq:rx:0:0] [I] Waiting for reading samples. Completed 0 of 23040 samples.
2026-04-20T17:38:59.594853 [zmq:tx:0:0] [I] Waiting for request.
2026-04-20T17:39:00.544615 [zmq:rx:0:0] [I] Waiting for data.
2026-04-20T17:39:00.562833 [zmq:rx:0:0] [I] Waiting for reading samples. Completed 0 of 23040 samples.
2026-04-20T17:39:00.594853 [zmq:tx:0:0] [I] Waiting for request.
2026-04-20T17:39:01.544616 [zmq:rx:0:0] [I] Waiting for data.
2026-04-20T17:39:01.562846 [zmq:rx:0:0] [I] Waiting for reading samples. Completed 0 of 23040 samples.
2026-04-20T17:39:01.594854 [zmq:tx:0:0] [I] Waiting for request.
2026-04-20T17:39:02.544616 [zmq:rx:0:0] [I] Waiting for data.
2026-04-20T17:39:02.562868 [zmq:rx:0:0] [I] Waiting for reading samples. Completed 0 of 23040 samples.
2026-04-20T17:39:02.594854 [zmq:tx:0:0] [I] Waiting for request.
2026-04-20T17:39:03.544618 [zmq:rx:0:0] [I] Waiting for data.
2026-04-20T17:39:03.562898 [zmq:rx:0:0] [I] Waiting for reading samples. Completed 0 of 23040 samples.
2026-04-20T17:39:03.594855 [zmq:tx:0:0] [I] Waiting for request.
2026-04-20T17:39:04.544618 [zmq:rx:0:0] [I] Waiting for data.
2026-04-20T17:39:04.562947 [zmq:rx:0:0] [I] Waiting for reading samples. Completed 0 of 23040 samples.
2026-04-20T17:39:04.594855 [zmq:tx:0:0] [I] Waiting for request.
2026-04-20T17:39:05.544618 [zmq:rx:0:0] [I] Waiting for data.
2026-04-20T17:39:05.563000 [zmq:rx:0:0] [I] Waiting for reading samples. Completed 0 of 23040 samples.
2026-04-20T17:39:05.594855 [zmq:tx:0:0] [I] Waiting for request.
2026-04-20T17:39:06.544619 [zmq:rx:0:0] [I] Waiting for data.
2026-04-20T17:39:06.563004 [zmq:rx:0:0] [I] Waiting for reading samples. Completed 0 of 23040 samples.
2026-04-20T17:39:06.594856 [zmq:tx:0:0] [I] Waiting for request.
2026-04-20T17:39:07.544618 [zmq:rx:0:0] [I] Waiting for data.
2026-04-20T17:39:07.563113 [zmq:rx:0:0] [I] Waiting for reading samples. Completed 0 of 23040 samples.
2026-04-20T17:39:07.594874 [zmq:tx:0:0] [I] Waiting for request.
2026-04-20T17:39:08.544619 [zmq:rx:0:0] [I] Waiting for data.
2026-04-20T17:39:08.563125 [zmq:rx:0:0] [I] Waiting for reading samples. Completed 0 of 23040 samples.
2026-04-20T17:39:08.594875 [zmq:tx:0:0] [I] Waiting for request.
2026-04-20T17:39:09.544619 [zmq:rx:0:0] [I] Waiting for data.
2026-04-20T17:39:09.563161 [zmq:rx:0:0] [I] Waiting for reading samples. Completed 0 of 23040 samples.
2026-04-20T17:39:09.594879 [zmq:tx:0:0] [I] Waiting for request.
2026-04-20T17:39:10.544620 [zmq:rx:0:0] [I] Waiting for data.
2026-04-20T17:39:10.563180 [zmq:rx:0:0] [I] Waiting for reading samples. Completed 0 of 23040 samples.
2026-04-20T17:39:10.594876 [zmq:tx:0:0] [I] Waiting for request.
2026-04-20T17:39:11.544620 [zmq:rx:0:0] [I] Waiting for data.
2026-04-20T17:39:11.563206 [zmq:rx:0:0] [I] Waiting for reading samples. Completed 0 of 23040 samples.
2026-04-20T17:39:11.594876 [zmq:tx:0:0] [I] Waiting for request.
2026-04-20T17:39:12.544620 [zmq:rx:0:0] [I] Waiting for data.
2026-04-20T17:39:12.563243 [zmq:rx:0:0] [I] Waiting for reading samples. Completed 0 of 23040 samples.
2026-04-20T17:39:12.594877 [zmq:tx:0:0] [I] Waiting for request.
2026-04-20T17:39:13.544644 [zmq:rx:0:0] [I] Waiting for data.
2026-04-20T17:39:13.563303 [zmq:rx:0:0] [I] Waiting for reading samples. Completed 0 of 23040 samples.
2026-04-20T17:39:13.594877 [zmq:tx:0:0] [I] Waiting for request.
2026-04-20T17:39:14.544621 [zmq:rx:0:0] [I] Waiting for data.
2026-04-20T17:39:14.563361 [zmq:rx:0:0] [I] Waiting for reading samples. Completed 0 of 23040 samples.
2026-04-20T17:39:14.594881 [zmq:tx:0:0] [I] Waiting for request.
2026-04-20T17:39:15.544621 [zmq:rx:0:0] [I] Waiting for data.
2026-04-20T17:39:15.563394 [zmq:rx:0:0] [I] Waiting for reading samples. Completed 0 of 23040 samples.
2026-04-20T17:39:15.594882 [zmq:tx:0:0] [I] Waiting for request.
2026-04-20T17:39:16.544622 [zmq:rx:0:0] [I] Waiting for data.
2026-04-20T17:39:16.563457 [zmq:rx:0:0] [I] Waiting for reading samples. Completed 0 of 23040 samples.
2026-04-20T17:39:16.594882 [zmq:tx:0:0] [I] Waiting for request.
2026-04-20T17:39:17.544623 [zmq:rx:0:0] [I] Waiting for data.
2026-04-20T17:39:17.563516 [zmq:rx:0:0] [I] Waiting for reading samples. Completed 0 of 23040 samples.
2026-04-20T17:39:17.594883 [zmq:tx:0:0] [I] Waiting for request.
2026-04-20T17:39:18.544623 [zmq:rx:0:0] [I] Waiting for data.
2026-04-20T17:39:18.563530 [zmq:rx:0:0] [I] Waiting for reading samples. Completed 0 of 23040 samples.
2026-04-20T17:39:18.594884 [zmq:tx:0:0] [I] Waiting for request.
2026-04-20T17:39:19.544624 [zmq:rx:0:0] [I] Waiting for data.
2026-04-20T17:39:19.563579 [zmq:rx:0:0] [I] Waiting for reading samples. Completed 0 of 23040 samples.
2026-04-20T17:39:19.594883 [zmq:tx:0:0] [I] Waiting for request.
2026-04-20T17:39:20.544632 [zmq:rx:0:0] [I] Waiting for data.
2026-04-20T17:39:20.563588 [zmq:rx:0:0] [I] Waiting for reading samples. Completed 0 of 23040 samples.
2026-04-20T17:39:20.594905 [zmq:tx:0:0] [I] Waiting for request.
2026-04-20T17:39:21.544633 [zmq:rx:0:0] [I] Waiting for data.
2026-04-20T17:39:21.563609 [zmq:rx:0:0] [I] Waiting for reading samples. Completed 0 of 23040 samples.
2026-04-20T17:39:21.594883 [zmq:tx:0:0] [I] Waiting for request.
2026-04-20T17:39:22.544635 [zmq:rx:0:0] [I] Waiting for data.
2026-04-20T17:39:22.563659 [zmq:rx:0:0] [I] Waiting for reading samples. Completed 0 of 23040 samples.
2026-04-20T17:39:22.594884 [zmq:tx:0:0] [I] Waiting for request.
2026-04-20T17:39:23.544635 [zmq:rx:0:0] [I] Waiting for data.
2026-04-20T17:39:23.563701 [zmq:rx:0:0] [I] Waiting for reading samples. Completed 0 of 23040 samples.
2026-04-20T17:39:23.594884 [zmq:tx:0:0] [I] Waiting for request.
2026-04-20T17:39:26.724742 [zmq:rx:0:0] [I] Waiting for data.
2026-04-20T17:39:26.743855 [zmq:rx:0:0] [I] Waiting for reading samples. Completed 0 of 23040 samples.
2026-04-20T17:39:26.774991 [zmq:tx:0:0] [I] Waiting for request.
2026-04-20T17:39:27.724742 [zmq:rx:0:0] [I] Waiting for data.
2026-04-20T17:39:27.743872 [zmq:rx:0:0] [I] Waiting for reading samples. Completed 0 of 23040 samples.
2026-04-20T17:39:27.774992 [zmq:tx:0:0] [I] Waiting for request.
2026-04-20T17:39:28.724743 [zmq:rx:0:0] [I] Waiting for data.
2026-04-20T17:39:28.743909 [zmq:rx:0:0] [I] Waiting for reading samples. Completed 0 of 23040 samples.
2026-04-20T17:39:28.774992 [zmq:tx:0:0] [I] Waiting for request.
2026-04-20T17:39:29.724743 [zmq:rx:0:0] [I] Waiting for data.
2026-04-20T17:39:29.743938 [zmq:rx:0:0] [I] Waiting for reading samples. Completed 0 of 23040 samples.
2026-04-20T17:39:29.774995 [zmq:tx:0:0] [I] Waiting for request.
2026-04-20T17:39:30.724743 [zmq:rx:0:0] [I] Waiting for data.
2026-04-20T17:39:30.744000 [zmq:rx:0:0] [I] Waiting for reading samples. Completed 0 of 23040 samples.
2026-04-20T17:39:30.775006 [zmq:tx:0:0] [I] Waiting for request.
2026-04-20T17:39:31.724743 [zmq:rx:0:0] [I] Waiting for data.
2026-04-20T17:39:31.744016 [zmq:rx:0:0] [I] Waiting for reading samples. Completed 0 of 23040 samples.
2026-04-20T17:39:31.775006 [zmq:tx:0:0] [I] Waiting for request.
2026-04-20T17:39:32.724745 [zmq:rx:0:0] [I] Waiting for data.
2026-04-20T17:39:32.744021 [zmq:rx:0:0] [I] Waiting for reading samples. Completed 0 of 23040 samples.
2026-04-20T17:39:32.775006 [zmq:tx:0:0] [I] Waiting for request.
2026-04-20T17:39:33.724744 [zmq:rx:0:0] [I] Waiting for data.
2026-04-20T17:39:33.744032 [zmq:rx:0:0] [I] Waiting for reading samples. Completed 0 of 23040 samples.
2026-04-20T17:39:33.775006 [zmq:tx:0:0] [I] Waiting for request.
2026-04-20T17:39:34.724744 [zmq:rx:0:0] [I] Waiting for data.
2026-04-20T17:39:34.744055 [zmq:rx:0:0] [I] Waiting for reading samples. Completed 0 of 23040 samples.
2026-04-20T17:39:34.775032 [zmq:tx:0:0] [I] Waiting for request.
2026-04-20T17:39:35.724745 [zmq:rx:0:0] [I] Waiting for data.
2026-04-20T17:39:35.744120 [zmq:rx:0:0] [I] Waiting for reading samples. Completed 0 of 23040 samples.
2026-04-20T17:39:35.775008 [zmq:tx:0:0] [I] Waiting for request.
2026-04-20T17:39:36.724745 [zmq:rx:0:0] [I] Waiting for data.
2026-04-20T17:39:36.744173 [zmq:rx:0:0] [I] Waiting for reading samples. Completed 0 of 23040 samples.
2026-04-20T17:39:36.775009 [zmq:tx:0:0] [I] Waiting for request.
2026-04-20T17:39:37.724746 [zmq:rx:0:0] [I] Waiting for data.
2026-04-20T17:39:37.744211 [zmq:rx:0:0] [I] Waiting for reading samples. Completed 0 of 23040 samples.
2026-04-20T17:39:37.775009 [zmq:tx:0:0] [I] Waiting for request.
2026-04-20T17:39:38.724747 [zmq:rx:0:0] [I] Waiting for data.
2026-04-20T17:39:38.744273 [zmq:rx:0:0] [I] Waiting for reading samples. Completed 0 of 23040 samples.
2026-04-20T17:39:38.775010 [zmq:tx:0:0] [I] Waiting for request.
2026-04-20T17:39:39.724747 [zmq:rx:0:0] [I] Waiting for data.
2026-04-20T17:39:39.744286 [zmq:rx:0:0] [I] Waiting for reading samples. Completed 0 of 23040 samples.
2026-04-20T17:39:39.775035 [zmq:tx:0:0] [I] Waiting for request.
2026-04-20T17:39:40.724748 [zmq:rx:0:0] [I] Waiting for data.
2026-04-20T17:39:40.744332 [zmq:rx:0:0] [I] Waiting for reading samples. Completed 0 of 23040 samples.
2026-04-20T17:39:40.775033 [zmq:tx:0:0] [I] Waiting for request.
2026-04-20T17:39:41.724748 [zmq:rx:0:0] [I] Waiting for data.
2026-04-20T17:39:41.744386 [zmq:rx:0:0] [I] Waiting for reading samples. Completed 0 of 23040 samples.
2026-04-20T17:39:41.775013 [zmq:tx:0:0] [I] Waiting for request.
2026-04-20T17:39:42.724749 [zmq:rx:0:0] [I] Waiting for data.
2026-04-20T17:39:42.744420 [zmq:rx:0:0] [I] Waiting for reading samples. Completed 0 of 23040 samples.
2026-04-20T17:39:42.775012 [zmq:tx:0:0] [I] Waiting for request.
2026-04-20T17:39:43.724749 [zmq:rx:0:0] [I] Waiting for data.
2026-04-20T17:39:43.744428 [zmq:rx:0:0] [I] Waiting for reading samples. Completed 0 of 23040 samples.
2026-04-20T17:39:43.775012 [zmq:tx:0:0] [I] Waiting for request.
2026-04-20T17:39:44.724749 [zmq:rx:0:0] [I] Waiting for data.
2026-04-20T17:39:44.744438 [zmq:rx:0:0] [I] Waiting for reading samples. Completed 0 of 23040 samples.
2026-04-20T17:39:44.775012 [zmq:tx:0:0] [I] Waiting for request.
2026-04-20T17:39:45.724750 [zmq:rx:0:0] [I] Waiting for data.
2026-04-20T17:39:45.744465 [zmq:rx:0:0] [I] Waiting for reading samples. Completed 0 of 23040 samples.
2026-04-20T17:39:45.775013 [zmq:tx:0:0] [I] Waiting for request.
2026-04-20T17:39:46.724749 [zmq:rx:0:0] [I] Waiting for data.
2026-04-20T17:39:46.744558 [zmq:rx:0:0] [I] Waiting for reading samples. Completed 0 of 23040 samples.
2026-04-20T17:39:46.775013 [zmq:tx:0:0] [I] Waiting for request.
2026-04-20T17:39:47.724750 [zmq:rx:0:0] [I] Waiting for data.
2026-04-20T17:39:47.744574 [zmq:rx:0:0] [I] Waiting for reading samples. Completed 0 of 23040 samples.
2026-04-20T17:39:47.775013 [zmq:tx:0:0] [I] Waiting for request.
2026-04-20T17:39:48.724750 [zmq:rx:0:0] [I] Waiting for data.
2026-04-20T17:39:48.744592 [zmq:rx:0:0] [I] Waiting for reading samples. Completed 0 of 23040 samples.
2026-04-20T17:39:48.775013 [zmq:tx:0:0] [I] Waiting for request.
2026-04-20T17:39:49.724751 [zmq:rx:0:0] [I] Waiting for data.
2026-04-20T17:39:49.744654 [zmq:rx:0:0] [I] Waiting for reading samples. Completed 0 of 23040 samples.
2026-04-20T17:39:49.775038 [zmq:tx:0:0] [I] Waiting for request.
2026-04-20T17:39:50.724751 [zmq:rx:0:0] [I] Waiting for data.
2026-04-20T17:39:50.744678 [zmq:rx:0:0] [I] Waiting for reading samples. Completed 0 of 23040 samples.
2026-04-20T17:39:50.775014 [zmq:tx:0:0] [I] Waiting for request.
2026-04-20T17:39:51.724751 [zmq:rx:0:0] [I] Waiting for data.
2026-04-20T17:39:51.744769 [zmq:rx:0:0] [I] Waiting for reading samples. Completed 0 of 23040 samples.
2026-04-20T17:39:51.775042 [zmq:tx:0:0] [I] Waiting for request.
2026-04-20T17:39:52.724752 [zmq:rx:0:0] [I] Waiting for data.
2026-04-20T17:39:52.744785 [zmq:rx:0:0] [I] Waiting for reading samples. Completed 0 of 23040 samples.
2026-04-20T17:39:52.775032 [zmq:tx:0:0] [I] Waiting for request.
2026-04-20T17:39:53.724752 [zmq:rx:0:0] [I] Waiting for data.
2026-04-20T17:39:53.744822 [zmq:rx:0:0] [I] Waiting for reading samples. Completed 0 of 23040 samples.
2026-04-20T17:39:53.775032 [zmq:tx:0:0] [I] Waiting for request.
2026-04-20T17:39:54.724753 [zmq:rx:0:0] [I] Waiting for data.
2026-04-20T17:39:54.744869 [zmq:rx:0:0] [I] Waiting for reading samples. Completed 0 of 23040 samples.
2026-04-20T17:39:54.775032 [zmq:tx:0:0] [I] Waiting for request.
2026-04-20T17:39:55.724753 [zmq:rx:0:0] [I] Waiting for data.
2026-04-20T17:39:55.744923 [zmq:rx:0:0] [I] Waiting for reading samples. Completed 0 of 23040 samples.
2026-04-20T17:39:55.775032 [zmq:tx:0:0] [I] Waiting for request.
2026-04-20T17:39:56.724783 [zmq:rx:0:0] [I] Waiting for data.
2026-04-20T17:39:56.744941 [zmq:rx:0:0] [I] Waiting for reading samples. Completed 0 of 23040 samples.
2026-04-20T17:39:56.775032 [zmq:tx:0:0] [I] Waiting for request.
2026-04-20T17:39:57.724754 [zmq:rx:0:0] [I] Waiting for data.
2026-04-20T17:39:57.745114 [zmq:rx:0:0] [I] Waiting for reading samples. Completed 0 of 23040 samples.
2026-04-20T17:39:57.775032 [zmq:tx:0:0] [I] Waiting for request.
2026-04-20T17:40:01.058868 [zmq:rx:0:0] [I] Waiting for data.
2026-04-20T17:40:01.079284 [zmq:rx:0:0] [I] Waiting for reading samples. Completed 0 of 23040 samples.
2026-04-20T17:40:01.109147 [zmq:tx:0:0] [I] Waiting for request.
2026-04-20T17:40:02.058869 [zmq:rx:0:0] [I] Waiting for data.
2026-04-20T17:40:02.079342 [zmq:rx:0:0] [I] Waiting for reading samples. Completed 0 of 23040 samples.
2026-04-20T17:40:02.109147 [zmq:tx:0:0] [I] Waiting for request.
2026-04-20T17:40:03.058869 [zmq:rx:0:0] [I] Waiting for data.
2026-04-20T17:40:03.079369 [zmq:rx:0:0] [I] Waiting for reading samples. Completed 0 of 23040 samples.
2026-04-20T17:40:03.109170 [zmq:tx:0:0] [I] Waiting for request.
2026-04-20T17:40:04.058869 [zmq:rx:0:0] [I] Waiting for data.
2026-04-20T17:40:04.079380 [zmq:rx:0:0] [I] Waiting for reading samples. Completed 0 of 23040 samples.
2026-04-20T17:40:04.109148 [zmq:tx:0:0] [I] Waiting for request.
2026-04-20T17:40:05.058870 [zmq:rx:0:0] [I] Waiting for data.
2026-04-20T17:40:05.079408 [zmq:rx:0:0] [I] Waiting for reading samples. Completed 0 of 23040 samples.
2026-04-20T17:40:05.109150 [zmq:tx:0:0] [I] Waiting for request.
2026-04-20T17:40:06.058870 [zmq:rx:0:0] [I] Waiting for data.
2026-04-20T17:40:06.079427 [zmq:rx:0:0] [I] Waiting for reading samples. Completed 0 of 23040 samples.
2026-04-20T17:40:06.109148 [zmq:tx:0:0] [I] Waiting for request.
2026-04-20T17:40:07.058870 [zmq:rx:0:0] [I] Waiting for data.
2026-04-20T17:40:07.079467 [zmq:rx:0:0] [I] Waiting for reading samples. Completed 0 of 23040 samples.
2026-04-20T17:40:07.109150 [zmq:tx:0:0] [I] Waiting for request.
2026-04-20T17:40:08.058870 [zmq:rx:0:0] [I] Waiting for data.
2026-04-20T17:40:08.079498 [zmq:rx:0:0] [I] Waiting for reading samples. Completed 0 of 23040 samples.
2026-04-20T17:40:08.109150 [zmq:tx:0:0] [I] Waiting for request.
2026-04-20T17:40:09.058870 [zmq:rx:0:0] [I] Waiting for data.
2026-04-20T17:40:09.079519 [zmq:rx:0:0] [I] Waiting for reading samples. Completed 0 of 23040 samples.
2026-04-20T17:40:09.109151 [zmq:tx:0:0] [I] Waiting for request.
2026-04-20T17:40:10.058871 [zmq:rx:0:0] [I] Waiting for data.
2026-04-20T17:40:10.079573 [zmq:rx:0:0] [I] Waiting for reading samples. Completed 0 of 23040 samples.
2026-04-20T17:40:10.109150 [zmq:tx:0:0] [I] Waiting for request.
2026-04-20T17:40:11.058871 [zmq:rx:0:0] [I] Waiting for data.
2026-04-20T17:40:11.079630 [zmq:rx:0:0] [I] Waiting for reading samples. Completed 0 of 23040 samples.
2026-04-20T17:40:11.109152 [zmq:tx:0:0] [I] Waiting for request.
2026-04-20T17:40:12.058872 [zmq:rx:0:0] [I] Waiting for data.
2026-04-20T17:40:12.079661 [zmq:rx:0:0] [I] Waiting for reading samples. Completed 0 of 23040 samples.
2026-04-20T17:40:12.109152 [zmq:tx:0:0] [I] Waiting for request.
2026-04-20T17:40:13.058871 [zmq:rx:0:0] [I] Waiting for data.
2026-04-20T17:40:13.079689 [zmq:rx:0:0] [I] Waiting for reading samples. Completed 0 of 23040 samples.
2026-04-20T17:40:13.109152 [zmq:tx:0:0] [I] Waiting for request.
2026-04-20T17:40:14.058872 [zmq:rx:0:0] [I] Waiting for data.
2026-04-20T17:40:14.079754 [zmq:rx:0:0] [I] Waiting for reading samples. Completed 0 of 23040 samples.
2026-04-20T17:40:14.109153 [zmq:tx:0:0] [I] Waiting for request.
2026-04-20T17:40:15.058872 [zmq:rx:0:0] [I] Waiting for data.
2026-04-20T17:40:15.079771 [zmq:rx:0:0] [I] Waiting for reading samples. Completed 0 of 23040 samples.
2026-04-20T17:40:15.109153 [zmq:tx:0:0] [I] Waiting for request.
2026-04-20T17:40:16.058872 [zmq:rx:0:0] [I] Waiting for data.
2026-04-20T17:40:16.079792 [zmq:rx:0:0] [I] Waiting for reading samples. Completed 0 of 23040 samples.
2026-04-20T17:40:16.109180 [zmq:tx:0:0] [I] Waiting for request.
2026-04-20T17:40:17.058900 [zmq:rx:0:0] [I] Waiting for data.
2026-04-20T17:40:17.079811 [zmq:rx:0:0] [I] Waiting for reading samples. Completed 0 of 23040 samples.
2026-04-20T17:40:17.109153 [zmq:tx:0:0] [I] Waiting for request.
2026-04-20T17:40:18.058873 [zmq:rx:0:0] [I] Waiting for data.
2026-04-20T17:40:18.079823 [zmq:rx:0:0] [I] Waiting for reading samples. Completed 0 of 23040 samples.
2026-04-20T17:40:18.109154 [zmq:tx:0:0] [I] Waiting for request.
2026-04-20T17:40:19.058873 [zmq:rx:0:0] [I] Waiting for data.
2026-04-20T17:40:19.079856 [zmq:rx:0:0] [I] Waiting for reading samples. Completed 0 of 23040 samples.
2026-04-20T17:40:19.109154 [zmq:tx:0:0] [I] Waiting for request.
2026-04-20T17:40:20.058874 [zmq:rx:0:0] [I] Waiting for data.
2026-04-20T17:40:20.079871 [zmq:rx:0:0] [I] Waiting for reading samples. Completed 0 of 23040 samples.
2026-04-20T17:40:20.109155 [zmq:tx:0:0] [I] Waiting for request.
2026-04-20T17:40:21.058873 [zmq:rx:0:0] [I] Waiting for data.
2026-04-20T17:40:21.079951 [zmq:rx:0:0] [I] Waiting for reading samples. Completed 0 of 23040 samples.
2026-04-20T17:40:21.109154 [zmq:tx:0:0] [I] Waiting for request.
2026-04-20T17:40:22.058874 [zmq:rx:0:0] [I] Waiting for data.
2026-04-20T17:40:22.079961 [zmq:rx:0:0] [I] Waiting for reading samples. Completed 0 of 23040 samples.
2026-04-20T17:40:22.109155 [zmq:tx:0:0] [I] Waiting for request.
2026-04-20T17:40:23.058874 [zmq:rx:0:0] [I] Waiting for data.
2026-04-20T17:40:23.079981 [zmq:rx:0:0] [I] Waiting for reading samples. Completed 0 of 23040 samples.
2026-04-20T17:40:23.109180 [zmq:tx:0:0] [I] Waiting for request.
2026-04-20T17:40:24.058875 [zmq:rx:0:0] [I] Waiting for data.
2026-04-20T17:40:24.080015 [zmq:rx:0:0] [I] Waiting for reading samples. Completed 0 of 23040 samples.
2026-04-20T17:40:24.109155 [zmq:tx:0:0] [I] Waiting for request.
2026-04-20T17:40:25.058876 [zmq:rx:0:0] [I] Waiting for data.
2026-04-20T17:40:25.080042 [zmq:rx:0:0] [I] Waiting for reading samples. Completed 0 of 23040 samples.
2026-04-20T17:40:25.109156 [zmq:tx:0:0] [I] Waiting for request.
2026-04-20T17:40:26.058876 [zmq:rx:0:0] [I] Waiting for data.
2026-04-20T17:40:26.080067 [zmq:rx:0:0] [I] Waiting for reading samples. Completed 0 of 23040 samples.
2026-04-20T17:40:26.109156 [zmq:tx:0:0] [I] Waiting for request.
2026-04-20T17:40:27.058876 [zmq:rx:0:0] [I] Waiting for data.
2026-04-20T17:40:27.080089 [zmq:rx:0:0] [I] Waiting for reading samples. Completed 0 of 23040 samples.
2026-04-20T17:40:27.109156 [zmq:tx:0:0] [I] Waiting for request.
2026-04-20T17:40:28.058876 [zmq:rx:0:0] [I] Waiting for data.
2026-04-20T17:40:28.080128 [zmq:rx:0:0] [I] Waiting for reading samples. Completed 0 of 23040 samples.
2026-04-20T17:40:28.109156 [zmq:tx:0:0] [I] Waiting for request.
2026-04-20T17:40:29.058878 [zmq:rx:0:0] [I] Waiting for data.
2026-04-20T17:40:29.080181 [zmq:rx:0:0] [I] Waiting for reading samples. Completed 0 of 23040 samples.
2026-04-20T17:40:29.109158 [zmq:tx:0:0] [I] Waiting for request.
2026-04-20T17:40:30.058878 [zmq:rx:0:0] [I] Waiting for data.
2026-04-20T17:40:30.080192 [zmq:rx:0:0] [I] Waiting for reading samples. Completed 0 of 23040 samples.
2026-04-20T17:40:30.109158 [zmq:tx:0:0] [I] Waiting for request.
2026-04-20T17:40:31.058877 [zmq:rx:0:0] [I] Waiting for data.
2026-04-20T17:40:31.080200 [zmq:rx:0:0] [I] Waiting for reading samples. Completed 0 of 23040 samples.
2026-04-20T17:40:31.109157 [zmq:tx:0:0] [I] Waiting for request.
2026-04-20T17:40:32.058878 [zmq:rx:0:0] [I] Waiting for data.
2026-04-20T17:40:32.080205 [zmq:rx:0:0] [I] Waiting for reading samples. Completed 0 of 23040 samples.
2026-04-20T17:40:32.109184 [zmq:tx:0:0] [I] Waiting for request.
2026-04-20T17:40:34.740784 [zmq:rx:0:0] [I] Waiting for data.
2026-04-20T17:40:34.762135 [zmq:rx:0:0] [I] Waiting for reading samples. Completed 0 of 23040 samples.
2026-04-20T17:40:34.791066 [zmq:tx:0:0] [I] Waiting for request.
2026-04-20T17:40:35.740826 [zmq:rx:0:0] [I] Waiting for data.
2026-04-20T17:40:35.762187 [zmq:rx:0:0] [I] Waiting for reading samples. Completed 0 of 23040 samples.
2026-04-20T17:40:35.791067 [zmq:tx:0:0] [I] Waiting for request.
2026-04-20T17:40:36.740787 [zmq:rx:0:0] [I] Waiting for data.
2026-04-20T17:40:36.762243 [zmq:rx:0:0] [I] Waiting for reading samples. Completed 0 of 23040 samples.
2026-04-20T17:40:36.791091 [zmq:tx:0:0] [I] Waiting for request.
2026-04-20T17:40:37.740787 [zmq:rx:0:0] [I] Waiting for data.
2026-04-20T17:40:37.762269 [zmq:rx:0:0] [I] Waiting for reading samples. Completed 0 of 23040 samples.
2026-04-20T17:40:37.791066 [zmq:tx:0:0] [I] Waiting for request.
2026-04-20T17:40:38.740789 [zmq:rx:0:0] [I] Waiting for data.
2026-04-20T17:40:38.762293 [zmq:rx:0:0] [I] Waiting for reading samples. Completed 0 of 23040 samples.
2026-04-20T17:40:38.791067 [zmq:tx:0:0] [I] Waiting for request.
2026-04-20T17:40:39.740788 [zmq:rx:0:0] [I] Waiting for data.
2026-04-20T17:40:39.762377 [zmq:rx:0:0] [I] Waiting for reading samples. Completed 0 of 23040 samples.
2026-04-20T17:40:39.791067 [zmq:tx:0:0] [I] Waiting for request.
2026-04-20T17:40:40.740789 [zmq:rx:0:0] [I] Waiting for data.
2026-04-20T17:40:40.762400 [zmq:rx:0:0] [I] Waiting for reading samples. Completed 0 of 23040 samples.
2026-04-20T17:40:40.791068 [zmq:tx:0:0] [I] Waiting for request.
2026-04-20T17:40:41.740795 [zmq:rx:0:0] [I] Waiting for data.
2026-04-20T17:40:41.762438 [zmq:rx:0:0] [I] Waiting for reading samples. Completed 0 of 23040 samples.
2026-04-20T17:40:41.791068 [zmq:tx:0:0] [I] Waiting for request.
2026-04-20T17:40:42.740790 [zmq:rx:0:0] [I] Waiting for data.
2026-04-20T17:40:42.762484 [zmq:rx:0:0] [I] Waiting for reading samples. Completed 0 of 23040 samples.
2026-04-20T17:40:42.791069 [zmq:tx:0:0] [I] Waiting for request.
2026-04-20T17:40:43.740790 [zmq:rx:0:0] [I] Waiting for data.
2026-04-20T17:40:43.762518 [zmq:rx:0:0] [I] Waiting for reading samples. Completed 0 of 23040 samples.
2026-04-20T17:40:43.791069 [zmq:tx:0:0] [I] Waiting for request.
2026-04-20T17:40:44.740790 [zmq:rx:0:0] [I] Waiting for data.
2026-04-20T17:40:44.762563 [zmq:rx:0:0] [I] Waiting for reading samples. Completed 0 of 23040 samples.
2026-04-20T17:40:44.791069 [zmq:tx:0:0] [I] Waiting for request.
2026-04-20T17:40:45.740790 [zmq:rx:0:0] [I] Waiting for data.
2026-04-20T17:40:45.762597 [zmq:rx:0:0] [I] Waiting for reading samples. Completed 0 of 23040 samples.
2026-04-20T17:40:45.791071 [zmq:tx:0:0] [I] Waiting for request.
2026-04-20T17:40:46.740790 [zmq:rx:0:0] [I] Waiting for data.
2026-04-20T17:40:46.762605 [zmq:rx:0:0] [I] Waiting for reading samples. Completed 0 of 23040 samples.
2026-04-20T17:40:46.791093 [zmq:tx:0:0] [I] Waiting for request.
2026-04-20T17:40:47.740791 [zmq:rx:0:0] [I] Waiting for data.
2026-04-20T17:40:47.762631 [zmq:rx:0:0] [I] Waiting for reading samples. Completed 0 of 23040 samples.
2026-04-20T17:40:47.791069 [zmq:tx:0:0] [I] Waiting for request.
2026-04-20T17:40:48.740815 [zmq:rx:0:0] [I] Waiting for data.
2026-04-20T17:40:48.762639 [zmq:rx:0:0] [I] Waiting for reading samples. Completed 0 of 23040 samples.
2026-04-20T17:40:48.791070 [zmq:tx:0:0] [I] Waiting for request.
2026-04-20T17:40:49.740791 [zmq:rx:0:0] [I] Waiting for data.
2026-04-20T17:40:49.762714 [zmq:rx:0:0] [I] Waiting for reading samples. Completed 0 of 23040 samples.
2026-04-20T17:40:49.791075 [zmq:tx:0:0] [I] Waiting for request.
2026-04-20T17:40:50.740793 [zmq:rx:0:0] [I] Waiting for data.
2026-04-20T17:40:50.762746 [zmq:rx:0:0] [I] Waiting for reading samples. Completed 0 of 23040 samples.
2026-04-20T17:40:50.791076 [zmq:tx:0:0] [I] Waiting for request.
2026-04-20T17:40:51.740792 [zmq:rx:0:0] [I] Waiting for data.
2026-04-20T17:40:51.762836 [zmq:rx:0:0] [I] Waiting for reading samples. Completed 0 of 23040 samples.
2026-04-20T17:40:51.791076 [zmq:tx:0:0] [I] Waiting for request.
2026-04-20T17:40:52.740792 [zmq:rx:0:0] [I] Waiting for data.
2026-04-20T17:40:52.762855 [zmq:rx:0:0] [I] Waiting for reading samples. Completed 0 of 23040 samples.
2026-04-20T17:40:52.791090 [zmq:tx:0:0] [I] Waiting for request.
2026-04-20T17:40:53.740826 [zmq:rx:0:0] [I] Waiting for data.
2026-04-20T17:40:53.762870 [zmq:rx:0:0] [I] Waiting for reading samples. Completed 0 of 23040 samples.
2026-04-20T17:40:53.791091 [zmq:tx:0:0] [I] Waiting for request.
2026-04-20T17:40:54.740793 [zmq:rx:0:0] [I] Waiting for data.
2026-04-20T17:40:54.762887 [zmq:rx:0:0] [I] Waiting for reading samples. Completed 0 of 23040 samples.
2026-04-20T17:40:54.791116 [zmq:tx:0:0] [I] Waiting for request.
2026-04-20T17:40:55.740794 [zmq:rx:0:0] [I] Waiting for data.
2026-04-20T17:40:55.762934 [zmq:rx:0:0] [I] Waiting for reading samples. Completed 0 of 23040 samples.
2026-04-20T17:40:55.791092 [zmq:tx:0:0] [I] Waiting for request.
2026-04-20T17:40:56.740794 [zmq:rx:0:0] [I] Waiting for data.
2026-04-20T17:40:56.762950 [zmq:rx:0:0] [I] Waiting for reading samples. Completed 0 of 23040 samples.
2026-04-20T17:40:56.791093 [zmq:tx:0:0] [I] Waiting for request.
2026-04-20T17:40:57.740795 [zmq:rx:0:0] [I] Waiting for data.
2026-04-20T17:40:57.763009 [zmq:rx:0:0] [I] Waiting for reading samples. Completed 0 of 23040 samples.
2026-04-20T17:40:57.791093 [zmq:tx:0:0] [I] Waiting for request.
2026-04-20T17:40:58.740821 [zmq:rx:0:0] [I] Waiting for data.
2026-04-20T17:40:58.763078 [zmq:rx:0:0] [I] Waiting for reading samples. Completed 0 of 23040 samples.
2026-04-20T17:40:58.791093 [zmq:tx:0:0] [I] Waiting for request.
2026-04-20T17:40:59.740796 [zmq:rx:0:0] [I] Waiting for data.
2026-04-20T17:40:59.763122 [zmq:rx:0:0] [I] Waiting for reading samples. Completed 0 of 23040 samples.
2026-04-20T17:40:59.791094 [zmq:tx:0:0] [I] Waiting for request.
2026-04-20T17:41:00.740850 [zmq:rx:0:0] [I] Waiting for data.
2026-04-20T17:41:00.763156 [zmq:rx:0:0] [I] Waiting for reading samples. Completed 0 of 23040 samples.
2026-04-20T17:41:00.791094 [zmq:tx:0:0] [I] Waiting for request.
2026-04-20T17:41:01.740797 [zmq:rx:0:0] [I] Waiting for data.
2026-04-20T17:41:01.763159 [zmq:rx:0:0] [I] Waiting for reading samples. Completed 0 of 23040 samples.
2026-04-20T17:41:01.791094 [zmq:tx:0:0] [I] Waiting for request.
2026-04-20T17:41:02.740797 [zmq:rx:0:0] [I] Waiting for data.
2026-04-20T17:41:02.763203 [zmq:rx:0:0] [I] Waiting for reading samples. Completed 0 of 23040 samples.
2026-04-20T17:41:02.791095 [zmq:tx:0:0] [I] Waiting for request.
2026-04-20T17:41:03.740798 [zmq:rx:0:0] [I] Waiting for data.
2026-04-20T17:41:03.763234 [zmq:rx:0:0] [I] Waiting for reading samples. Completed 0 of 23040 samples.
2026-04-20T17:41:03.791096 [zmq:tx:0:0] [I] Waiting for request.
2026-04-20T17:41:04.740798 [zmq:rx:0:0] [I] Waiting for data.
2026-04-20T17:41:04.763281 [zmq:rx:0:0] [I] Waiting for reading samples. Completed 0 of 23040 samples.
2026-04-20T17:41:04.791096 [zmq:tx:0:0] [I] Waiting for request.
2026-04-20T17:41:05.740798 [zmq:rx:0:0] [I] Waiting for data.
2026-04-20T17:41:05.763308 [zmq:rx:0:0] [I] Waiting for reading samples. Completed 0 of 23040 samples.
2026-04-20T17:41:05.791097 [zmq:tx:0:0] [I] Waiting for request.
2026-04-20T17:41:06.740799 [zmq:rx:0:0] [I] Waiting for data.
2026-04-20T17:41:06.763364 [zmq:rx:0:0] [I] Waiting for reading samples. Completed 0 of 23040 samples.
2026-04-20T17:41:06.791097 [zmq:tx:0:0] [I] Waiting for request.
2026-04-20T17:41:09.571912 [zmq:rx:0:0] [I] Waiting for data.
2026-04-20T17:41:09.594500 [zmq:rx:0:0] [I] Waiting for reading samples. Completed 0 of 23040 samples.
2026-04-20T17:41:09.622210 [zmq:tx:0:0] [I] Waiting for request.
2026-04-20T17:41:10.571912 [zmq:rx:0:0] [I] Waiting for data.
2026-04-20T17:41:10.594539 [zmq:rx:0:0] [I] Waiting for reading samples. Completed 0 of 23040 samples.
2026-04-20T17:41:10.622211 [zmq:tx:0:0] [I] Waiting for request.
2026-04-20T17:41:11.571913 [zmq:rx:0:0] [I] Waiting for data.
2026-04-20T17:41:11.594543 [zmq:rx:0:0] [I] Waiting for reading samples. Completed 0 of 23040 samples.
2026-04-20T17:41:11.622211 [zmq:tx:0:0] [I] Waiting for request.
2026-04-20T17:41:12.571940 [zmq:rx:0:0] [I] Waiting for data.
2026-04-20T17:41:12.594556 [zmq:rx:0:0] [I] Waiting for reading samples. Completed 0 of 23040 samples.
2026-04-20T17:41:12.622217 [zmq:tx:0:0] [I] Waiting for request.
2026-04-20T17:41:13.571913 [zmq:rx:0:0] [I] Waiting for data.
2026-04-20T17:41:13.594602 [zmq:rx:0:0] [I] Waiting for reading samples. Completed 0 of 23040 samples.
2026-04-20T17:41:13.622218 [zmq:tx:0:0] [I] Waiting for request.
2026-04-20T17:41:14.571939 [zmq:rx:0:0] [I] Waiting for data.
2026-04-20T17:41:14.594630 [zmq:rx:0:0] [I] Waiting for reading samples. Completed 0 of 23040 samples.
2026-04-20T17:41:14.622219 [zmq:tx:0:0] [I] Waiting for request.
2026-04-20T17:41:15.571914 [zmq:rx:0:0] [I] Waiting for data.
2026-04-20T17:41:15.594678 [zmq:rx:0:0] [I] Waiting for reading samples. Completed 0 of 23040 samples.
2026-04-20T17:41:15.622219 [zmq:tx:0:0] [I] Waiting for request.
2026-04-20T17:41:16.571915 [zmq:rx:0:0] [I] Waiting for data.
2026-04-20T17:41:16.594712 [zmq:rx:0:0] [I] Waiting for reading samples. Completed 0 of 23040 samples.
2026-04-20T17:41:16.622219 [zmq:tx:0:0] [I] Waiting for request.
2026-04-20T17:41:17.571915 [zmq:rx:0:0] [I] Waiting for data.
2026-04-20T17:41:17.594721 [zmq:rx:0:0] [I] Waiting for reading samples. Completed 0 of 23040 samples.
2026-04-20T17:41:17.622220 [zmq:tx:0:0] [I] Waiting for request.
2026-04-20T17:41:18.571916 [zmq:rx:0:0] [I] Waiting for data.
2026-04-20T17:41:18.594770 [zmq:rx:0:0] [I] Waiting for reading samples. Completed 0 of 23040 samples.
2026-04-20T17:41:18.622220 [zmq:tx:0:0] [I] Waiting for request.
2026-04-20T17:41:19.571917 [zmq:rx:0:0] [I] Waiting for data.
2026-04-20T17:41:19.594808 [zmq:rx:0:0] [I] Waiting for reading samples. Completed 0 of 23040 samples.
2026-04-20T17:41:19.622221 [zmq:tx:0:0] [I] Waiting for request.
2026-04-20T17:41:20.571917 [zmq:rx:0:0] [I] Waiting for data.
2026-04-20T17:41:20.594875 [zmq:rx:0:0] [I] Waiting for reading samples. Completed 0 of 23040 samples.
2026-04-20T17:41:20.622221 [zmq:tx:0:0] [I] Waiting for request.
2026-04-20T17:41:21.571917 [zmq:rx:0:0] [I] Waiting for data.
2026-04-20T17:41:21.594926 [zmq:rx:0:0] [I] Waiting for reading samples. Completed 0 of 23040 samples.
2026-04-20T17:41:21.622244 [zmq:tx:0:0] [I] Waiting for request.
2026-04-20T17:41:22.571918 [zmq:rx:0:0] [I] Waiting for data.
2026-04-20T17:41:22.594948 [zmq:rx:0:0] [I] Waiting for reading samples. Completed 0 of 23040 samples.
2026-04-20T17:41:22.622222 [zmq:tx:0:0] [I] Waiting for request.
2026-04-20T17:41:23.571918 [zmq:rx:0:0] [I] Waiting for data.
2026-04-20T17:41:23.594959 [zmq:rx:0:0] [I] Waiting for reading samples. Completed 0 of 23040 samples.
2026-04-20T17:41:23.622222 [zmq:tx:0:0] [I] Waiting for request.
2026-04-20T17:41:24.571919 [zmq:rx:0:0] [I] Waiting for data.
2026-04-20T17:41:24.594981 [zmq:rx:0:0] [I] Waiting for reading samples. Completed 0 of 23040 samples.
2026-04-20T17:41:24.622223 [zmq:tx:0:0] [I] Waiting for request.
2026-04-20T17:41:25.571919 [zmq:rx:0:0] [I] Waiting for data.
2026-04-20T17:41:25.594998 [zmq:rx:0:0] [I] Waiting for reading samples. Completed 0 of 23040 samples.
2026-04-20T17:41:25.622223 [zmq:tx:0:0] [I] Waiting for request.
2026-04-20T17:41:26.571920 [zmq:rx:0:0] [I] Waiting for data.
2026-04-20T17:41:26.595047 [zmq:rx:0:0] [I] Waiting for reading samples. Completed 0 of 23040 samples.
2026-04-20T17:41:26.622224 [zmq:tx:0:0] [I] Waiting for request.
2026-04-20T17:41:27.571943 [zmq:rx:0:0] [I] Waiting for data.
2026-04-20T17:41:27.595072 [zmq:rx:0:0] [I] Waiting for reading samples. Completed 0 of 23040 samples.
2026-04-20T17:41:27.622225 [zmq:tx:0:0] [I] Waiting for request.
2026-04-20T17:41:28.571920 [zmq:rx:0:0] [I] Waiting for data.
2026-04-20T17:41:28.595081 [zmq:rx:0:0] [I] Waiting for reading samples. Completed 0 of 23040 samples.
2026-04-20T17:41:28.622226 [zmq:tx:0:0] [I] Waiting for request.
2026-04-20T17:41:29.571921 [zmq:rx:0:0] [I] Waiting for data.
2026-04-20T17:41:29.595127 [zmq:rx:0:0] [I] Waiting for reading samples. Completed 0 of 23040 samples.
2026-04-20T17:41:29.622226 [zmq:tx:0:0] [I] Waiting for request.
2026-04-20T17:41:30.571921 [zmq:rx:0:0] [I] Waiting for data.
2026-04-20T17:41:30.595177 [zmq:rx:0:0] [I] Waiting for reading samples. Completed 0 of 23040 samples.
2026-04-20T17:41:30.622225 [zmq:tx:0:0] [I] Waiting for request.
2026-04-20T17:41:31.571922 [zmq:rx:0:0] [I] Waiting for data.
2026-04-20T17:41:31.595213 [zmq:rx:0:0] [I] Waiting for reading samples. Completed 0 of 23040 samples.
2026-04-20T17:41:31.622226 [zmq:tx:0:0] [I] Waiting for request.
2026-04-20T17:41:32.571922 [zmq:rx:0:0] [I] Waiting for data.
2026-04-20T17:41:32.595270 [zmq:rx:0:0] [I] Waiting for reading samples. Completed 0 of 23040 samples.
2026-04-20T17:41:32.622226 [zmq:tx:0:0] [I] Waiting for request.
2026-04-20T17:41:33.571922 [zmq:rx:0:0] [I] Waiting for data.
2026-04-20T17:41:33.595313 [zmq:rx:0:0] [I] Waiting for reading samples. Completed 0 of 23040 samples.
2026-04-20T17:41:33.622227 [zmq:tx:0:0] [I] Waiting for request.
2026-04-20T17:41:34.571923 [zmq:rx:0:0] [I] Waiting for data.
2026-04-20T17:41:34.595319 [zmq:rx:0:0] [I] Waiting for reading samples. Completed 0 of 23040 samples.
2026-04-20T17:41:34.622227 [zmq:tx:0:0] [I] Waiting for request.
2026-04-20T17:41:35.571923 [zmq:rx:0:0] [I] Waiting for data.
2026-04-20T17:41:35.595367 [zmq:rx:0:0] [I] Waiting for reading samples. Completed 0 of 23040 samples.
2026-04-20T17:41:35.622227 [zmq:tx:0:0] [I] Waiting for request.
2026-04-20T17:41:36.571924 [zmq:rx:0:0] [I] Waiting for data.
2026-04-20T17:41:36.595400 [zmq:rx:0:0] [I] Waiting for reading samples. Completed 0 of 23040 samples.
2026-04-20T17:41:36.622228 [zmq:tx:0:0] [I] Waiting for request.
2026-04-20T17:41:37.571924 [zmq:rx:0:0] [I] Waiting for data.
2026-04-20T17:41:37.595438 [zmq:rx:0:0] [I] Waiting for reading samples. Completed 0 of 23040 samples.
2026-04-20T17:41:37.622228 [zmq:tx:0:0] [I] Waiting for request.
2026-04-20T17:41:38.571924 [zmq:rx:0:0] [I] Waiting for data.
2026-04-20T17:41:38.595473 [zmq:rx:0:0] [I] Waiting for reading samples. Completed 0 of 23040 samples.
2026-04-20T17:41:38.622228 [zmq:tx:0:0] [I] Waiting for request.
2026-04-20T17:41:39.571924 [zmq:rx:0:0] [I] Waiting for data.
2026-04-20T17:41:39.595486 [zmq:rx:0:0] [I] Waiting for reading samples. Completed 0 of 23040 samples.
2026-04-20T17:41:39.622228 [zmq:tx:0:0] [I] Waiting for request.
2026-04-20T17:41:40.571924 [zmq:rx:0:0] [I] Waiting for data.
2026-04-20T17:41:40.595512 [zmq:rx:0:0] [I] Waiting for reading samples. Completed 0 of 23040 samples.
2026-04-20T17:41:40.622229 [zmq:tx:0:0] [I] Waiting for request.
2026-04-20T17:41:43.435880 [zmq:rx:0:0] [I] Waiting for data.
2026-04-20T17:41:43.459514 [zmq:rx:0:0] [I] Waiting for reading samples. Completed 0 of 23040 samples.
2026-04-20T17:41:43.486185 [zmq:tx:0:0] [I] Waiting for request.
2026-04-20T17:41:44.435881 [zmq:rx:0:0] [I] Waiting for data.
2026-04-20T17:41:44.459538 [zmq:rx:0:0] [I] Waiting for reading samples. Completed 0 of 23040 samples.
2026-04-20T17:41:44.486190 [zmq:tx:0:0] [I] Waiting for request.
2026-04-20T17:41:45.435881 [zmq:rx:0:0] [I] Waiting for data.
2026-04-20T17:41:45.459583 [zmq:rx:0:0] [I] Waiting for reading samples. Completed 0 of 23040 samples.
2026-04-20T17:41:45.486191 [zmq:tx:0:0] [I] Waiting for request.
2026-04-20T17:41:46.435881 [zmq:rx:0:0] [I] Waiting for data.
2026-04-20T17:41:46.459638 [zmq:rx:0:0] [I] Waiting for reading samples. Completed 0 of 23040 samples.
2026-04-20T17:41:46.486191 [zmq:tx:0:0] [I] Waiting for request.
2026-04-20T17:41:47.435881 [zmq:rx:0:0] [I] Waiting for data.
2026-04-20T17:41:47.459690 [zmq:rx:0:0] [I] Waiting for reading samples. Completed 0 of 23040 samples.
2026-04-20T17:41:47.486191 [zmq:tx:0:0] [I] Waiting for request.
2026-04-20T17:41:48.435882 [zmq:rx:0:0] [I] Waiting for data.
2026-04-20T17:41:48.459707 [zmq:rx:0:0] [I] Waiting for reading samples. Completed 0 of 23040 samples.
2026-04-20T17:41:48.486192 [zmq:tx:0:0] [I] Waiting for request.
2026-04-20T17:41:49.435883 [zmq:rx:0:0] [I] Waiting for data.
2026-04-20T17:41:49.459721 [zmq:rx:0:0] [I] Waiting for reading samples. Completed 0 of 23040 samples.
2026-04-20T17:41:49.486192 [zmq:tx:0:0] [I] Waiting for request.
2026-04-20T17:41:50.435882 [zmq:rx:0:0] [I] Waiting for data.
2026-04-20T17:41:50.459750 [zmq:rx:0:0] [I] Waiting for reading samples. Completed 0 of 23040 samples.
2026-04-20T17:41:50.486192 [zmq:tx:0:0] [I] Waiting for request.
2026-04-20T17:41:51.435883 [zmq:rx:0:0] [I] Waiting for data.
2026-04-20T17:41:51.459788 [zmq:rx:0:0] [I] Waiting for reading samples. Completed 0 of 23040 samples.
2026-04-20T17:41:51.486192 [zmq:tx:0:0] [I] Waiting for request.
2026-04-20T17:41:52.435883 [zmq:rx:0:0] [I] Waiting for data.
2026-04-20T17:41:52.459837 [zmq:rx:0:0] [I] Waiting for reading samples. Completed 0 of 23040 samples.
2026-04-20T17:41:52.486193 [zmq:tx:0:0] [I] Waiting for request.
2026-04-20T17:41:53.435884 [zmq:rx:0:0] [I] Waiting for data.
2026-04-20T17:41:53.459845 [zmq:rx:0:0] [I] Waiting for reading samples. Completed 0 of 23040 samples.
2026-04-20T17:41:53.486194 [zmq:tx:0:0] [I] Waiting for request.
2026-04-20T17:41:54.435884 [zmq:rx:0:0] [I] Waiting for data.
2026-04-20T17:41:54.459870 [zmq:rx:0:0] [I] Waiting for reading samples. Completed 0 of 23040 samples.
2026-04-20T17:41:54.486195 [zmq:tx:0:0] [I] Waiting for request.
2026-04-20T17:41:55.435884 [zmq:rx:0:0] [I] Waiting for data.
2026-04-20T17:41:55.459926 [zmq:rx:0:0] [I] Waiting for reading samples. Completed 0 of 23040 samples.
2026-04-20T17:41:55.486195 [zmq:tx:0:0] [I] Waiting for request.
2026-04-20T17:41:56.435885 [zmq:rx:0:0] [I] Waiting for data.
2026-04-20T17:41:56.459977 [zmq:rx:0:0] [I] Waiting for reading samples. Completed 0 of 23040 samples.
2026-04-20T17:41:56.486229 [zmq:tx:0:0] [I] Waiting for request.
2026-04-20T17:41:57.435885 [zmq:rx:0:0] [I] Waiting for data.
2026-04-20T17:41:57.460030 [zmq:rx:0:0] [I] Waiting for reading samples. Completed 0 of 23040 samples.
2026-04-20T17:41:57.486195 [zmq:tx:0:0] [I] Waiting for request.
2026-04-20T17:41:58.435887 [zmq:rx:0:0] [I] Waiting for data.
2026-04-20T17:41:58.460039 [zmq:rx:0:0] [I] Waiting for reading samples. Completed 0 of 23040 samples.
2026-04-20T17:41:58.486196 [zmq:tx:0:0] [I] Waiting for request.
2026-04-20T17:41:59.435886 [zmq:rx:0:0] [I] Waiting for data.
2026-04-20T17:41:59.460080 [zmq:rx:0:0] [I] Waiting for reading samples. Completed 0 of 23040 samples.
2026-04-20T17:41:59.486196 [zmq:tx:0:0] [I] Waiting for request.
2026-04-20T17:42:00.435887 [zmq:rx:0:0] [I] Waiting for data.
2026-04-20T17:42:00.460087 [zmq:rx:0:0] [I] Waiting for reading samples. Completed 0 of 23040 samples.
2026-04-20T17:42:00.486196 [zmq:tx:0:0] [I] Waiting for request.
2026-04-20T17:42:01.435887 [zmq:rx:0:0] [I] Waiting for data.
2026-04-20T17:42:01.460113 [zmq:rx:0:0] [I] Waiting for reading samples. Completed 0 of 23040 samples.
2026-04-20T17:42:01.486197 [zmq:tx:0:0] [I] Waiting for request.
2026-04-20T17:42:02.435887 [zmq:rx:0:0] [I] Waiting for data.
2026-04-20T17:42:02.460146 [zmq:rx:0:0] [I] Waiting for reading samples. Completed 0 of 23040 samples.
2026-04-20T17:42:02.486197 [zmq:tx:0:0] [I] Waiting for request.
2026-04-20T17:42:03.435894 [zmq:rx:0:0] [I] Waiting for data.
2026-04-20T17:42:03.460197 [zmq:rx:0:0] [I] Waiting for reading samples. Completed 0 of 23040 samples.
2026-04-20T17:42:03.486197 [zmq:tx:0:0] [I] Waiting for request.
2026-04-20T17:42:04.435889 [zmq:rx:0:0] [I] Waiting for data.
2026-04-20T17:42:04.460201 [zmq:rx:0:0] [I] Waiting for reading samples. Completed 0 of 23040 samples.
2026-04-20T17:42:04.486198 [zmq:tx:0:0] [I] Waiting for request.
2026-04-20T17:42:05.435891 [zmq:rx:0:0] [I] Waiting for data.
2026-04-20T17:42:05.460237 [zmq:rx:0:0] [I] Waiting for reading samples. Completed 0 of 23040 samples.
2026-04-20T17:42:05.486198 [zmq:tx:0:0] [I] Waiting for request.
2026-04-20T17:42:06.435899 [zmq:rx:0:0] [I] Waiting for data.
2026-04-20T17:42:06.460256 [zmq:rx:0:0] [I] Waiting for reading samples. Completed 0 of 23040 samples.
2026-04-20T17:42:06.486198 [zmq:tx:0:0] [I] Waiting for request.
2026-04-20T17:42:07.435900 [zmq:rx:0:0] [I] Waiting for data.
2026-04-20T17:42:07.460307 [zmq:rx:0:0] [I] Waiting for reading samples. Completed 0 of 23040 samples.
2026-04-20T17:42:07.486198 [zmq:tx:0:0] [I] Waiting for request.
2026-04-20T17:42:08.435900 [zmq:rx:0:0] [I] Waiting for data.
2026-04-20T17:42:08.460321 [zmq:rx:0:0] [I] Waiting for reading samples. Completed 0 of 23040 samples.
2026-04-20T17:42:08.486198 [zmq:tx:0:0] [I] Waiting for request.
2026-04-20T17:42:09.435900 [zmq:rx:0:0] [I] Waiting for data.
2026-04-20T17:42:09.460376 [zmq:rx:0:0] [I] Waiting for reading samples. Completed 0 of 23040 samples.
2026-04-20T17:42:09.486198 [zmq:tx:0:0] [I] Waiting for request.
2026-04-20T17:42:10.435901 [zmq:rx:0:0] [I] Waiting for data.
2026-04-20T17:42:10.460420 [zmq:rx:0:0] [I] Waiting for reading samples. Completed 0 of 23040 samples.
2026-04-20T17:42:10.486200 [zmq:tx:0:0] [I] Waiting for request.
2026-04-20T17:42:11.435901 [zmq:rx:0:0] [I] Waiting for data.
2026-04-20T17:42:11.460456 [zmq:rx:0:0] [I] Waiting for reading samples. Completed 0 of 23040 samples.
2026-04-20T17:42:11.486230 [zmq:tx:0:0] [I] Waiting for request.
2026-04-20T17:42:12.435901 [zmq:rx:0:0] [I] Waiting for data.
2026-04-20T17:42:12.460467 [zmq:rx:0:0] [I] Waiting for reading samples. Completed 0 of 23040 samples.
2026-04-20T17:42:12.486200 [zmq:tx:0:0] [I] Waiting for request.
2026-04-20T17:42:13.435902 [zmq:rx:0:0] [I] Waiting for data.
2026-04-20T17:42:13.460480 [zmq:rx:0:0] [I] Waiting for reading samples. Completed 0 of 23040 samples.
2026-04-20T17:42:13.486201 [zmq:tx:0:0] [I] Waiting for request.
2026-04-20T17:42:14.435902 [zmq:rx:0:0] [I] Waiting for data.
2026-04-20T17:42:14.460508 [zmq:rx:0:0] [I] Waiting for reading samples. Completed 0 of 23040 samples.
2026-04-20T17:42:14.486200 [zmq:tx:0:0] [I] Waiting for request.
2026-04-20T17:42:17.317317 [zmq:rx:0:0] [I] Waiting for data.
2026-04-20T17:42:17.341934 [zmq:rx:0:0] [I] Waiting for reading samples. Completed 0 of 23040 samples.
2026-04-20T17:42:17.367615 [zmq:tx:0:0] [I] Waiting for request.
2026-04-20T17:42:18.317317 [zmq:rx:0:0] [I] Waiting for data.
2026-04-20T17:42:18.341993 [zmq:rx:0:0] [I] Waiting for reading samples. Completed 0 of 23040 samples.
2026-04-20T17:42:18.367616 [zmq:tx:0:0] [I] Waiting for request.
2026-04-20T17:42:19.317322 [zmq:rx:0:0] [I] Waiting for data.
2026-04-20T17:42:19.341995 [zmq:rx:0:0] [I] Waiting for reading samples. Completed 0 of 23040 samples.
2026-04-20T17:42:19.367616 [zmq:tx:0:0] [I] Waiting for request.
2026-04-20T17:42:20.317318 [zmq:rx:0:0] [I] Waiting for data.
2026-04-20T17:42:20.342036 [zmq:rx:0:0] [I] Waiting for reading samples. Completed 0 of 23040 samples.
2026-04-20T17:42:20.367616 [zmq:tx:0:0] [I] Waiting for request.
2026-04-20T17:42:21.317319 [zmq:rx:0:0] [I] Waiting for data.
2026-04-20T17:42:21.342074 [zmq:rx:0:0] [I] Waiting for reading samples. Completed 0 of 23040 samples.
2026-04-20T17:42:21.367617 [zmq:tx:0:0] [I] Waiting for request.
2026-04-20T17:42:22.317319 [zmq:rx:0:0] [I] Waiting for data.
2026-04-20T17:42:22.342130 [zmq:rx:0:0] [I] Waiting for reading samples. Completed 0 of 23040 samples.
2026-04-20T17:42:22.367617 [zmq:tx:0:0] [I] Waiting for request.
2026-04-20T17:42:23.317319 [zmq:rx:0:0] [I] Waiting for data.
2026-04-20T17:42:23.342142 [zmq:rx:0:0] [I] Waiting for reading samples. Completed 0 of 23040 samples.
2026-04-20T17:42:23.367618 [zmq:tx:0:0] [I] Waiting for request.
2026-04-20T17:42:24.317320 [zmq:rx:0:0] [I] Waiting for data.
2026-04-20T17:42:24.342148 [zmq:rx:0:0] [I] Waiting for reading samples. Completed 0 of 23040 samples.
2026-04-20T17:42:24.367619 [zmq:tx:0:0] [I] Waiting for request.
2026-04-20T17:42:25.317320 [zmq:rx:0:0] [I] Waiting for data.
2026-04-20T17:42:25.342189 [zmq:rx:0:0] [I] Waiting for reading samples. Completed 0 of 23040 samples.
2026-04-20T17:42:25.367619 [zmq:tx:0:0] [I] Waiting for request.
2026-04-20T17:42:26.317321 [zmq:rx:0:0] [I] Waiting for data.
2026-04-20T17:42:26.342225 [zmq:rx:0:0] [I] Waiting for reading samples. Completed 0 of 23040 samples.
2026-04-20T17:42:26.367623 [zmq:tx:0:0] [I] Waiting for request.
2026-04-20T17:42:27.317321 [zmq:rx:0:0] [I] Waiting for data.
2026-04-20T17:42:27.342279 [zmq:rx:0:0] [I] Waiting for reading samples. Completed 0 of 23040 samples.
2026-04-20T17:42:27.367619 [zmq:tx:0:0] [I] Waiting for request.
2026-04-20T17:42:28.317321 [zmq:rx:0:0] [I] Waiting for data.
2026-04-20T17:42:28.342297 [zmq:rx:0:0] [I] Waiting for reading samples. Completed 0 of 23040 samples.
2026-04-20T17:42:28.368764 [zmq:tx:0:0] [I] Waiting for request.
2026-04-20T17:42:29.317321 [zmq:rx:0:0] [I] Waiting for data.
2026-04-20T17:42:29.342354 [zmq:rx:0:0] [I] Waiting for reading samples. Completed 0 of 23040 samples.
2026-04-20T17:42:29.368764 [zmq:tx:0:0] [I] Waiting for request.
2026-04-20T17:42:30.317324 [zmq:rx:0:0] [I] Waiting for data.
2026-04-20T17:42:30.342367 [zmq:rx:0:0] [I] Waiting for reading samples. Completed 0 of 23040 samples.
2026-04-20T17:42:30.368764 [zmq:tx:0:0] [I] Waiting for request.
2026-04-20T17:42:31.317325 [zmq:rx:0:0] [I] Waiting for data.
2026-04-20T17:42:31.342394 [zmq:rx:0:0] [I] Waiting for reading samples. Completed 0 of 23040 samples.
2026-04-20T17:42:31.368790 [zmq:tx:0:0] [I] Waiting for request.
2026-04-20T17:42:32.317325 [zmq:rx:0:0] [I] Waiting for data.
2026-04-20T17:42:32.342448 [zmq:rx:0:0] [I] Waiting for reading samples. Completed 0 of 23040 samples.
2026-04-20T17:42:32.368765 [zmq:tx:0:0] [I] Waiting for request.
2026-04-20T17:42:33.317325 [zmq:rx:0:0] [I] Waiting for data.
2026-04-20T17:42:33.342207 [DU      ] [I] Stopping DU...
2026-04-20T17:42:33.342208 [DU      ] [I] Stopping DU-High...
2026-04-20T17:42:33.342279 [SCHED   ] [I] [    10.6] cell=0: Cell scheduling was deactivated.
2026-04-20T17:42:33.342934 [MAC     ] [I] [    10.6] cell=0: Cell was stopped.
2026-04-20T17:42:33.342967 [DU-F1   ] [I] Tx PDU du=0 tid=1: F1RemovalRequest
2026-04-20T17:42:33.343009 [CU-CP-F1] [I] Rx PDU du=0 tid=1: F1RemovalRequest
2026-04-20T17:42:33.343041 [CU-CP-F1] [I] Tx PDU du=0 tid=1: F1RemovalResponse
2026-04-20T17:42:33.343048 [DU-F1   ] [I] Rx PDU du=0 tid=1: F1RemovalResponse
2026-04-20T17:42:33.343070 [DU-F1   ] [I] F1 Removal: F1 TNL association shut down
2026-04-20T17:42:33.343072 [CU-CP   ] [I] Removed DU 0
2026-04-20T17:42:33.343092 [DU      ] [I] DU-High stopped successfully
2026-04-20T17:42:33.343092 [DU      ] [I] DU stopped successfully
2026-04-20T17:42:33.343168 [CU-UP-E1] [I] Tx PDU tid=1: E1ReleaseRequest
2026-04-20T17:42:33.343173 [CU-CP-E1] [I] Rx PDU tid=1: E1ReleaseRequest
2026-04-20T17:42:33.343178 [CU-CP-E1] [I] Tx PDU tid=1: E1ReleaseResponse
2026-04-20T17:42:33.343181 [CU-CP-E1] [I] "E1 Release Procedure" finished successfully
2026-04-20T17:42:33.343183 [CU-UP-E1] [I] Rx PDU tid=1: E1ReleaseResponse
2026-04-20T17:42:33.343189 [CU-CP   ] [I] Removed CU-UP 0
2026-04-20T17:42:33.343190 [CU-UP-E1] [I] E1AP CU-UP Release Procedure: E1 TNL association shut down
2026-04-20T17:42:33.343482 [CU-UP   ] [I] CU-UP stopped successfully
2026-04-20T17:42:33.343484 [CU-CP   ] [I] Stopping CU-CP...
2026-04-20T17:42:33.343788 [CU-CP   ] [I] CU-CP stopped successfully.
2026-04-20T17:42:33.358227 [GNB     ] [I] Closing PCAP files...
2026-04-20T17:42:33.358452 [GNB     ] [I] PCAP files successfully closed.
(END)