2026-04-14T10:41:36.966886 [GNB     ] [I] Built in Release mode using commit  on branch 
2026-04-14T10:41:36.967759 [CONFIG  ] [I] Input configuration (only non-default values): 
log:
  filename: /tmp/gnb.log
  all_level: info
metrics:
  autostart_stdout_metrics: true
  enable_json: true
remote_control:
  enabled: true
  bind_addr: 0.0.0.0
cu_cp:
  inactivity_timer: 7200
  amf:
    addr: 10.53.1.2
    port: 38412
    bind_addr: 10.53.1.3
    supported_tracking_areas: "tac: 7\nplmn_list:\n  - plmn: 00101\n    tai_slice_support_list:\n      - sst: 1"
pcap:
  ngap_filename: /tmp/gnb_ngap.pcap
  ngap_enable: enable
  mac_filename: /tmp/gnb_mac.pcap
  mac_enable: enable
e2:
  enable_cu_cp_e2: false
  enable_cu_up_e2: false
  enable_du_e2: true
  addr: 10.0.2.10
  port: 36421
  bind_addr: 10.0.2.30
  e2sm_kpm_enabled: true
  e2sm_rc_enabled: true
  e2sm_ccc_enabled: true
cell_cfg:
  dl_arfcn: 368500
  band: 3
  common_scs: 15
  channel_bandwidth_MHz: 20
  plmn: 00101
  tac: 7
  pdcch:
    common:
      coreset0_index: 12
      ss0_index: 0
    dedicated:
      dci_format_0_1_and_1_1: false
      ss2_type: common
  pdsch:
    mcs_table: qam64
  pusch:
    mcs_table: qam64
  prach:
    prach_config_index: 1
ru_sdr:
  srate: 23.04
  device_driver: zmq
  device_args: tx_port=tcp://10.10.3.231:2000,rx_port=tcp://10.10.3.236:2001,base_srate=23.04e6
  tx_gain: 75
  rx_gain: 75
2026-04-14T10:41:37.779410 [GNB     ] [W] Could not check scaling governor. filename=/sys/devices/system/cpu/cpu0/cpufreq/scaling_governor error=No such file or directory
2026-04-14T10:41:37.779426 [GNB     ] [W] DRM KMS polling is enabled, which may hinder performance. You can disable it using the "srsran_performance" script
2026-04-14T10:41:37.782123 [CONFIG  ] [I] Worker pool "main_pool" instantiated with #workers=5, task_queue_size=2048, backoff_period=50us and priority=96.
2026-04-14T10:41:37.846124 [GTPU    ] [I] GTP-U demux. queue_size=2046 batch_size=256 warn_on_drop=false test_mode=false
2026-04-14T10:41:37.846689 [GTPU    ] [I] Tunnel added. teid=0x000000
2026-04-14T10:41:37.983191 [DU-MNG  ] [I] The upper-bound on the number of UEs supported by cell {pci=1, du_cell_index=0} is 160 (the actual number might be lower than that). This is determined by the lowest of the following limits: SR (160), CSI (160) and SRS (n/a).
2026-04-14T10:41:37.984130 [DU      ] [I] DU created successfully
2026-04-14T10:41:37.984139 [DU      ] [I] O-DU created successfully
2026-04-14T10:41:38.023607 [zmq:tx:0:0] [I] Binding to address tcp://10.10.3.231:2000.
2026-04-14T10:41:38.069441 [zmq:rx:0:0] [I] Connecting to address tcp://10.10.3.236:2001.
2026-04-14T10:41:39.094194 [GNB     ] [I] SSB derived parameters for cell: 1, band: 3, dl_arfcn:368500, nof_crbs: 106 scs:15kHz, ssb_scs:15kHz:
	 - SSB offset pointA:40 
	 - k_SSB:6 
	 - SSB arfcn:368410 
	 - Coreset index:12 
	 - Searchspace index:0
2026-04-14T10:41:39.094223 [IO-EPOLL] [E] fd=0: Failed to register file descriptor. Cause: epoll_ctl failed with "Operation not permitted"
2026-04-14T10:41:39.094230 [APP     ] [E] Couldn't register stdin handler
2026-04-14T10:41:39.094231 [GNB     ] [I] Starting CU-CP...
2026-04-14T10:41:39.094416 [CU-CP   ] [I] N2: Connection to AMF on 10.53.1.2:38412 was established
2026-04-14T10:41:39.094503 [NGAP    ] [I] Tx PDU: NGSetupRequest
2026-04-14T10:41:39.101808 [NGAP    ] [I] Rx PDU: NGSetupResponse
2026-04-14T10:41:39.101830 [CU-CP   ] [I] Connected to AMF. Supported PLMNs: 00101
2026-04-14T10:41:39.101840 [GNB     ] [I] CU-CP started successfully
2026-04-14T10:41:39.101845 [CU-UP   ] [I] CU-UP starting...
2026-04-14T10:41:39.101910 [CU-CP   ] [I] Added TNL connection to CU-UP 0
2026-04-14T10:41:39.101932 [CU-UP-E1] [I] Sending E1SetupRequest
2026-04-14T10:41:39.101938 [CU-UP-E1] [I] Tx PDU tid=0: GNB-CU-UP-E1SetupRequest
2026-04-14T10:41:39.101947 [CU-CP-E1] [I] Rx PDU tid=0: GNB-CU-UP-E1SetupRequest
2026-04-14T10:41:39.101954 [CU-CP-E1] [I] Tx PDU tid=0: GNB-CU-UP-E1SetupResponse
2026-04-14T10:41:39.101960 [CU-UP-E1] [I] Rx PDU tid=0: GNB-CU-UP-E1SetupResponse
2026-04-14T10:41:39.101961 [CU-UP-E1] [I] "E1AP CU-UP Setup Procedure" finalized
2026-04-14T10:41:39.101974 [CU-UP   ] [I] CU-UP started successfully
2026-04-14T10:41:39.101976 [DU      ] [I] Starting DU...
2026-04-14T10:41:39.101977 [DU      ] [I] Starting DU-High...
2026-04-14T10:41:39.101978 [DU-MNG  ] [I] DU manager starting...
2026-04-14T10:41:39.102060 [CU-CP   ] [I] Added TNL connection to DU 0
2026-04-14T10:41:39.135940 [DU-MNG  ] [I] SIB1 cell=0: {
  "cellSelectionInfo": {
    "q-RxLevMin": -70,
    "q-QualMin": -20
  },
  "cellAccessRelatedInfo": {
    "plmn-IdentityInfoList": [
      {
        "plmn-IdentityList": [
          {
            "mcc": [
              0,
              0,
              1
            ],
            "mnc": [
              0,
              1
            ]
          }
        ],
        "trackingAreaCode": "000000000000000000000111",
        "cellIdentity": "000000000000011001101100000000000000",
        "cellReservedForOperatorUse": "notReserved"
      }
    ]
  },
  "connEstFailureControl": {
    "connEstFailCount": "n1",
    "connEstFailOffsetValidity": "s30",
    "connEstFailOffset": 1
  },
  "servingCellConfigCommon": {
    "downlinkConfigCommon": {
      "frequencyInfoDL": {
        "frequencyBandList": [
          {
            "freqBandIndicatorNR": 3
          }
        ],
        "offsetToPointA": 40,
        "scs-SpecificCarrierList": [
          {
            "offsetToCarrier": 0,
            "subcarrierSpacing": "kHz15",
            "carrierBandwidth": 106,
            "txDirectCurrentLocation": 636
          }
        ]
      },
      "initialDownlinkBWP": {
        "genericParameters": {
          "locationAndBandwidth": 28875,
          "subcarrierSpacing": "kHz15"
        },
        "pdcch-ConfigCommon": {
          {
            "commonSearchSpaceList": [
              {
                "searchSpaceId": 1,
                "controlResourceSetId": 0,
                "monitoringSlotPeriodicityAndOffset": {
                },
                "monitoringSymbolsWithinSlot": "10000000000000",
                "nrofCandidates": {
                  "aggregationLevel1": "n0",
                  "aggregationLevel2": "n0",
                  "aggregationLevel4": "n1",
                  "aggregationLevel8": "n0",
                  "aggregationLevel16": "n0"
                },
                "searchSpaceType": {
                  "common": {
                    "dci-Format0-0-AndFormat1-0": {
                    }
                  }
                }
              }
            ],
            "searchSpaceSIB1": 0,
            "pagingSearchSpace": 1,
            "ra-SearchSpace": 1
          }
        },
        "pdsch-ConfigCommon": {
          {
            "pdsch-TimeDomainAllocationList": [
              {
                "mappingType": "typeA",
                "startSymbolAndLength": 40
              }
            ]
          }
        }
      },
      "bcch-Config": {
        "modificationPeriodCoeff": "n4"
      },
      "pcch-Config": {
        "defaultPagingCycle": "rf128",
        "nAndPagingFrameOffset": {
        },
        "ns": "one"
      }
    },
    "uplinkConfigCommon": {
      "frequencyInfoUL": {
        "frequencyBandList": [
          {
            "freqBandIndicatorNR": 3
          }
        ],
        "absoluteFrequencyPointA": 347592,
        "scs-SpecificCarrierList": [
          {
            "offsetToCarrier": 0,
            "subcarrierSpacing": "kHz15",
            "carrierBandwidth": 106
          }
        ]
      },
      "initialUplinkBWP": {
        "genericParameters": {
          "locationAndBandwidth": 28875,
          "subcarrierSpacing": "kHz15"
        },
        "rach-ConfigCommon": {
          {
            "rach-ConfigGeneric": {
              "prach-ConfigurationIndex": 1,
              "msg1-FDM": "one",
              "msg1-FrequencyStart": 8,
              "zeroCorrelationZoneConfig": 0,
              "preambleReceivedTargetPower": -100,
              "preambleTransMax": "n7",
              "powerRampingStep": "dB4",
              "ra-ResponseWindow": "sl10"
            },
            "ssb-perRACH-OccasionAndCB-PreamblesPerSSB": {
              "one": "n64"
            },
            "ra-ContentionResolutionTimer": "sf64",
            "prach-RootSequenceIndex": {
              "l839": 1
            },
            "restrictedSetConfig": "unrestrictedSet"
          }
        },
        "pusch-ConfigCommon": {
          {
            "pusch-TimeDomainAllocationList": [
              {
                "k2": 4,
                "mappingType": "typeA",
                "startSymbolAndLength": 27
              }
            ],
            "msg3-DeltaPreamble": 6,
            "p0-NominalWithGrant": -76
          }
        },
        "pucch-ConfigCommon": {
          {
            "pucch-ResourceCommon": 11,
            "pucch-GroupHopping": "neither",
            "p0-nominal": -90
          }
        }
      },
      "timeAlignmentTimerCommon": "infinity"
    },
    "n-TimingAdvanceOffset": "n25600",
    "ssb-PositionsInBurst": {
      "inOneGroup": "10000000"
    },
    "ssb-PeriodicityServingCell": "ms10",
    "ss-PBCH-BlockPower": -16
  },
  "ue-TimersAndConstants": {
    "t300": "ms1000",
    "t301": "ms1000",
    "t310": "ms1000",
    "n310": "n1",
    "t311": "ms3000",
    "n311": "n1",
    "t319": "ms1000"
  }
}
2026-04-14T10:41:39.136018 [DU-F1   ] [I] F1 Setup: Sending F1 Setup Request to CU-CP...
2026-04-14T10:41:39.136026 [DU-F1   ] [I] Tx PDU du=0 tid=0: F1SetupRequest
2026-04-14T10:41:39.136061 [CU-CP-F1] [I] Rx PDU du=0 tid=0: F1SetupRequest
2026-04-14T10:41:39.136119 [CU-CP-F1] [I] Tx PDU du=0 tid=0: F1SetupResponse
2026-04-14T10:41:39.136121 [DU-F1   ] [I] Rx PDU du=0 tid=0: F1SetupResponse
2026-04-14T10:41:39.136123 [DU-F1   ] [I] F1 Setup: Procedure completed successfully.
2026-04-14T10:41:39.136132 [SCHED   ] [I] [     0.0] cell=0: Cell scheduling was activated.
2026-04-14T10:41:39.136147 [MAC     ] [I] [     0.0] cell=0: Cell was activated
2026-04-14T10:41:39.136170 [DU-MNG  ] [I] DU manager started successfully.
2026-04-14T10:41:39.136171 [DU      ] [I] DU-High started successfully
2026-04-14T10:41:39.136176 [E2-DU   ] [D] Establishing E2 connection to Near-RT RIC (10.0.2.10:36421)...
2026-04-14T10:41:39.136297 [E2-DU   ] [I] E2AP: E2 connection to Near-RT-RIC on 10.0.2.10:36421 accepted
2026-04-14T10:41:39.136303 [DU      ] [I] DU started successfully
2026-04-14T10:41:39.136337 [E2-DU   ] [I] Generate RAN function definition for OID: 1.3.6.1.4.1.53148.1.2.2.2
2026-04-14T10:41:39.136385 [E2-DU   ] [I] Generate RAN function definition for OID: 1.3.6.1.4.1.53148.1.1.2.3
2026-04-14T10:41:39.136407 [E2-DU   ] [I] Generate RAN function definition for OID: 1.3.6.1.4.1.53148.1.6.2.4
2026-04-14T10:41:39.136500 [E2-DU   ] [I] Added RAN function OID 1.3.6.1.4.1.53148.1.2.2.2 to candidate list under RAN Function ID 2
2026-04-14T10:41:39.136501 [E2-DU   ] [I] Added RAN function OID 1.3.6.1.4.1.53148.1.1.2.3 to candidate list under RAN Function ID 3
2026-04-14T10:41:39.136501 [E2-DU   ] [I] Added RAN function OID 1.3.6.1.4.1.53148.1.6.2.4 to candidate list under RAN Function ID 4
2026-04-14T10:41:39.142059 [E2-DU   ] [I] Handling E2 PDU of type successfulOutcome
2026-04-14T10:41:39.142060 [E2-DU   ] [I] E2AP msg, "successfulOutcome.E2setupResponse", transaction id=0
2026-04-14T10:41:39.142063 [E2-DU   ] [I] E2 Setup procedure successful.
2026-04-14T10:41:39.142067 [E2-DU   ] [I] Received E2 Setup Response message
2026-04-14T10:41:39.142070 [E2-DU   ] [I] Added supported RAN function with id 2 and OID 1.3.6.1.4.1.53148.1.2.2.2
2026-04-14T10:41:39.142070 [E2-DU   ] [I] Added supported RAN function with id 3 and OID 1.3.6.1.4.1.53148.1.1.2.3
2026-04-14T10:41:39.142071 [E2-DU   ] [I] Added supported RAN function with id 4 and OID 1.3.6.1.4.1.53148.1.6.2.4
2026-04-14T10:41:40.136346 [zmq:tx:0:0] [I] Waiting for request.
2026-04-14T10:41:40.136349 [zmq:rx:0:0] [I] Waiting for data.
2026-04-14T10:41:40.136430 [zmq:rx:0:0] [I] Waiting for reading samples. Completed 0 of 23040 samples.
2026-04-14T10:41:41.136339 [zmq:tx:0:0] [I] Waiting for request.
2026-04-14T10:41:41.136349 [zmq:rx:0:0] [I] Waiting for data.
2026-04-14T10:41:41.136482 [zmq:rx:0:0] [I] Waiting for reading samples. Completed 0 of 23040 samples.
2026-04-14T10:41:42.136341 [zmq:tx:0:0] [I] Waiting for request.
2026-04-14T10:41:42.136350 [zmq:rx:0:0] [I] Waiting for data.
2026-04-14T10:41:42.136531 [zmq:rx:0:0] [I] Waiting for reading samples. Completed 0 of 23040 samples.
2026-04-14T10:41:43.136340 [zmq:tx:0:0] [I] Waiting for request.
2026-04-14T10:41:43.136350 [zmq:rx:0:0] [I] Waiting for data.
2026-04-14T10:41:43.136568 [zmq:rx:0:0] [I] Waiting for reading samples. Completed 0 of 23040 samples.
2026-04-14T10:41:44.136341 [zmq:tx:0:0] [I] Waiting for request.
2026-04-14T10:41:44.136350 [zmq:rx:0:0] [I] Waiting for data.
2026-04-14T10:41:44.136582 [zmq:rx:0:0] [I] Waiting for reading samples. Completed 0 of 23040 samples.
2026-04-14T10:41:45.136342 [zmq:tx:0:0] [I] Waiting for request.
2026-04-14T10:41:45.136351 [zmq:rx:0:0] [I] Waiting for data.
2026-04-14T10:41:45.136605 [zmq:rx:0:0] [I] Waiting for reading samples. Completed 0 of 23040 samples.
2026-04-14T10:41:46.136340 [zmq:tx:0:0] [I] Waiting for request.
2026-04-14T10:41:46.136351 [zmq:rx:0:0] [I] Waiting for data.
2026-04-14T10:41:46.136638 [zmq:rx:0:0] [I] Waiting for reading samples. Completed 0 of 23040 samples.
2026-04-14T10:41:47.136346 [zmq:tx:0:0] [I] Waiting for request.
2026-04-14T10:41:47.136352 [zmq:rx:0:0] [I] Waiting for data.
2026-04-14T10:41:47.136642 [zmq:rx:0:0] [I] Waiting for reading samples. Completed 0 of 23040 samples.
2026-04-14T10:41:48.136341 [zmq:tx:0:0] [I] Waiting for request.
2026-04-14T10:41:48.136352 [zmq:rx:0:0] [I] Waiting for data.
2026-04-14T10:41:48.136665 [zmq:rx:0:0] [I] Waiting for reading samples. Completed 0 of 23040 samples.
2026-04-14T10:41:49.136342 [zmq:tx:0:0] [I] Waiting for request.
2026-04-14T10:41:49.136353 [zmq:rx:0:0] [I] Waiting for data.
2026-04-14T10:41:49.136682 [zmq:rx:0:0] [I] Waiting for reading samples. Completed 0 of 23040 samples.
2026-04-14T10:41:50.136343 [zmq:tx:0:0] [I] Waiting for request.
2026-04-14T10:41:50.136353 [zmq:rx:0:0] [I] Waiting for data.
2026-04-14T10:41:50.136695 [zmq:rx:0:0] [I] Waiting for reading samples. Completed 0 of 23040 samples.
2026-04-14T10:41:51.136341 [zmq:tx:0:0] [I] Waiting for request.
2026-04-14T10:41:51.136353 [zmq:rx:0:0] [I] Waiting for data.
2026-04-14T10:41:51.136714 [zmq:rx:0:0] [I] Waiting for reading samples. Completed 0 of 23040 samples.
2026-04-14T10:41:52.136344 [zmq:tx:0:0] [I] Waiting for request.
2026-04-14T10:41:52.136354 [zmq:rx:0:0] [I] Waiting for data.
2026-04-14T10:41:52.136744 [zmq:rx:0:0] [I] Waiting for reading samples. Completed 0 of 23040 samples.
2026-04-14T10:41:53.136343 [zmq:tx:0:0] [I] Waiting for request.
2026-04-14T10:41:53.136354 [zmq:rx:0:0] [I] Waiting for data.
2026-04-14T10:41:53.136775 [zmq:rx:0:0] [I] Waiting for reading samples. Completed 0 of 23040 samples.
2026-04-14T10:41:54.136344 [zmq:tx:0:0] [I] Waiting for request.
2026-04-14T10:41:54.136354 [zmq:rx:0:0] [I] Waiting for data.
2026-04-14T10:41:54.136823 [zmq:rx:0:0] [I] Waiting for reading samples. Completed 0 of 23040 samples.
2026-04-14T10:41:55.136344 [zmq:tx:0:0] [I] Waiting for request.
2026-04-14T10:41:55.136355 [zmq:rx:0:0] [I] Waiting for data.
2026-04-14T10:41:55.136869 [zmq:rx:0:0] [I] Waiting for reading samples. Completed 0 of 23040 samples.
2026-04-14T10:41:56.136344 [zmq:tx:0:0] [I] Waiting for request.
2026-04-14T10:41:56.136355 [zmq:rx:0:0] [I] Waiting for data.
2026-04-14T10:41:56.136885 [zmq:rx:0:0] [I] Waiting for reading samples. Completed 0 of 23040 samples.
2026-04-14T10:41:57.136345 [zmq:tx:0:0] [I] Waiting for request.
2026-04-14T10:41:57.136356 [zmq:rx:0:0] [I] Waiting for data.
2026-04-14T10:41:57.136933 [zmq:rx:0:0] [I] Waiting for reading samples. Completed 0 of 23040 samples.
2026-04-14T10:41:58.136359 [zmq:rx:0:0] [I] Waiting for data.
2026-04-14T10:41:58.136937 [zmq:rx:0:0] [I] Waiting for reading samples. Completed 0 of 23040 samples.
2026-04-14T10:41:58.533512 [zmq:tx:0:0] [I] Waiting for request.
2026-04-14T10:41:59.136359 [zmq:rx:0:0] [I] Waiting for data.
2026-04-14T10:41:59.136989 [zmq:rx:0:0] [I] Waiting for reading samples. Completed 0 of 23040 samples.
2026-04-14T10:41:59.533513 [zmq:tx:0:0] [I] Waiting for request.
2026-04-14T10:42:00.136359 [zmq:rx:0:0] [I] Waiting for data.
2026-04-14T10:42:00.137042 [zmq:rx:0:0] [I] Waiting for reading samples. Completed 0 of 23040 samples.
2026-04-14T10:42:00.533514 [zmq:tx:0:0] [I] Waiting for request.
2026-04-14T10:42:01.136359 [zmq:rx:0:0] [I] Waiting for data.
2026-04-14T10:42:01.137054 [zmq:rx:0:0] [I] Waiting for reading samples. Completed 0 of 23040 samples.
2026-04-14T10:42:01.533513 [zmq:tx:0:0] [I] Waiting for request.
2026-04-14T10:42:02.136360 [zmq:rx:0:0] [I] Waiting for data.
2026-04-14T10:42:02.137078 [zmq:rx:0:0] [I] Waiting for reading samples. Completed 0 of 23040 samples.
2026-04-14T10:42:02.533514 [zmq:tx:0:0] [I] Waiting for request.
2026-04-14T10:42:03.136360 [zmq:rx:0:0] [I] Waiting for data.
2026-04-14T10:42:03.137081 [zmq:rx:0:0] [I] Waiting for reading samples. Completed 0 of 23040 samples.
2026-04-14T10:42:03.533517 [zmq:tx:0:0] [I] Waiting for request.
2026-04-14T10:42:04.136360 [zmq:rx:0:0] [I] Waiting for data.
2026-04-14T10:42:04.137093 [zmq:rx:0:0] [I] Waiting for reading samples. Completed 0 of 23040 samples.
2026-04-14T10:42:04.533516 [zmq:tx:0:0] [I] Waiting for request.
2026-04-14T10:42:05.136361 [zmq:rx:0:0] [I] Waiting for data.
2026-04-14T10:42:05.137117 [zmq:rx:0:0] [I] Waiting for reading samples. Completed 0 of 23040 samples.
2026-04-14T10:42:05.533517 [zmq:tx:0:0] [I] Waiting for request.
2026-04-14T10:42:06.136361 [zmq:rx:0:0] [I] Waiting for data.
2026-04-14T10:42:06.137151 [zmq:rx:0:0] [I] Waiting for reading samples. Completed 0 of 23040 samples.
2026-04-14T10:42:06.533516 [zmq:tx:0:0] [I] Waiting for request.
2026-04-14T10:42:07.136361 [zmq:rx:0:0] [I] Waiting for data.
2026-04-14T10:42:07.137189 [zmq:rx:0:0] [I] Waiting for reading samples. Completed 0 of 23040 samples.
2026-04-14T10:42:07.533517 [zmq:tx:0:0] [I] Waiting for request.
2026-04-14T10:42:08.136361 [zmq:rx:0:0] [I] Waiting for data.
2026-04-14T10:42:08.137217 [zmq:rx:0:0] [I] Waiting for reading samples. Completed 0 of 23040 samples.
2026-04-14T10:42:08.533518 [zmq:tx:0:0] [I] Waiting for request.
2026-04-14T10:42:09.136362 [zmq:rx:0:0] [I] Waiting for data.
2026-04-14T10:42:09.137245 [zmq:rx:0:0] [I] Waiting for reading samples. Completed 0 of 23040 samples.
2026-04-14T10:42:09.533519 [zmq:tx:0:0] [I] Waiting for request.
2026-04-14T10:42:10.136362 [zmq:rx:0:0] [I] Waiting for data.
2026-04-14T10:42:10.137277 [zmq:rx:0:0] [I] Waiting for reading samples. Completed 0 of 23040 samples.
2026-04-14T10:42:10.533520 [zmq:tx:0:0] [I] Waiting for request.
2026-04-14T10:42:11.136362 [zmq:rx:0:0] [I] Waiting for data.
2026-04-14T10:42:11.137306 [zmq:rx:0:0] [I] Waiting for reading samples. Completed 0 of 23040 samples.
2026-04-14T10:42:11.533518 [zmq:tx:0:0] [I] Waiting for request.
2026-04-14T10:42:12.136363 [zmq:rx:0:0] [I] Waiting for data.
2026-04-14T10:42:12.137323 [zmq:rx:0:0] [I] Waiting for reading samples. Completed 0 of 23040 samples.
2026-04-14T10:42:12.533521 [zmq:tx:0:0] [I] Waiting for request.
2026-04-14T10:42:13.136364 [zmq:rx:0:0] [I] Waiting for data.
2026-04-14T10:42:13.137327 [zmq:rx:0:0] [I] Waiting for reading samples. Completed 0 of 23040 samples.
2026-04-14T10:42:13.533521 [zmq:tx:0:0] [I] Waiting for request.
2026-04-14T10:42:14.136364 [zmq:rx:0:0] [I] Waiting for data.
2026-04-14T10:42:14.137359 [zmq:rx:0:0] [I] Waiting for reading samples. Completed 0 of 23040 samples.
2026-04-14T10:42:14.533521 [zmq:tx:0:0] [I] Waiting for request.
2026-04-14T10:42:15.136365 [zmq:rx:0:0] [I] Waiting for data.
2026-04-14T10:42:15.137371 [zmq:rx:0:0] [I] Waiting for reading samples. Completed 0 of 23040 samples.
2026-04-14T10:42:15.533522 [zmq:tx:0:0] [I] Waiting for request.
2026-04-14T10:42:16.136365 [zmq:rx:0:0] [I] Waiting for data.
2026-04-14T10:42:16.137396 [zmq:rx:0:0] [I] Waiting for reading samples. Completed 0 of 23040 samples.
2026-04-14T10:42:16.533522 [zmq:tx:0:0] [I] Waiting for request.
2026-04-14T10:42:17.136365 [zmq:rx:0:0] [I] Waiting for data.
2026-04-14T10:42:17.137448 [zmq:rx:0:0] [I] Waiting for reading samples. Completed 0 of 23040 samples.
2026-04-14T10:42:17.533522 [zmq:tx:0:0] [I] Waiting for request.
2026-04-14T10:42:18.136367 [zmq:rx:0:0] [I] Waiting for data.
2026-04-14T10:42:18.137477 [zmq:rx:0:0] [I] Waiting for reading samples. Completed 0 of 23040 samples.
2026-04-14T10:42:18.533523 [zmq:tx:0:0] [I] Waiting for request.
2026-04-14T10:42:19.136367 [zmq:rx:0:0] [I] Waiting for data.
2026-04-14T10:42:19.137498 [zmq:rx:0:0] [I] Waiting for reading samples. Completed 0 of 23040 samples.
2026-04-14T10:42:19.533524 [zmq:tx:0:0] [I] Waiting for request.
2026-04-14T10:42:20.136367 [zmq:rx:0:0] [I] Waiting for data.
2026-04-14T10:42:20.137548 [zmq:rx:0:0] [I] Waiting for reading samples. Completed 0 of 23040 samples.
2026-04-14T10:42:20.533522 [zmq:tx:0:0] [I] Waiting for request.
2026-04-14T10:42:21.136368 [zmq:rx:0:0] [I] Waiting for data.
2026-04-14T10:42:21.137566 [zmq:rx:0:0] [I] Waiting for reading samples. Completed 0 of 23040 samples.
2026-04-14T10:42:21.533523 [zmq:tx:0:0] [I] Waiting for request.
2026-04-14T10:42:22.136368 [zmq:rx:0:0] [I] Waiting for data.
2026-04-14T10:42:22.137614 [zmq:rx:0:0] [I] Waiting for reading samples. Completed 0 of 23040 samples.
2026-04-14T10:42:22.533524 [zmq:tx:0:0] [I] Waiting for request.
2026-04-14T10:42:23.136368 [zmq:rx:0:0] [I] Waiting for data.
2026-04-14T10:42:23.137641 [zmq:rx:0:0] [I] Waiting for reading samples. Completed 0 of 23040 samples.
2026-04-14T10:42:23.533524 [zmq:tx:0:0] [I] Waiting for request.
2026-04-14T10:42:24.136367 [zmq:rx:0:0] [I] Waiting for data.
2026-04-14T10:42:24.137647 [zmq:rx:0:0] [I] Waiting for reading samples. Completed 0 of 23040 samples.
2026-04-14T10:42:24.533525 [zmq:tx:0:0] [I] Waiting for request.
2026-04-14T10:42:25.136369 [zmq:rx:0:0] [I] Waiting for data.
2026-04-14T10:42:25.137700 [zmq:rx:0:0] [I] Waiting for reading samples. Completed 0 of 23040 samples.
2026-04-14T10:42:25.533525 [zmq:tx:0:0] [I] Waiting for request.
2026-04-14T10:42:26.136369 [zmq:rx:0:0] [I] Waiting for data.
2026-04-14T10:42:26.137741 [zmq:rx:0:0] [I] Waiting for reading samples. Completed 0 of 23040 samples.
2026-04-14T10:42:26.533525 [zmq:tx:0:0] [I] Waiting for request.
2026-04-14T10:42:27.136369 [zmq:rx:0:0] [I] Waiting for data.
2026-04-14T10:42:27.137752 [zmq:rx:0:0] [I] Waiting for reading samples. Completed 0 of 23040 samples.
2026-04-14T10:42:27.533525 [zmq:tx:0:0] [I] Waiting for request.
2026-04-14T10:42:28.136370 [zmq:rx:0:0] [I] Waiting for data.
2026-04-14T10:42:28.137801 [zmq:rx:0:0] [I] Waiting for reading samples. Completed 0 of 23040 samples.
2026-04-14T10:42:28.533527 [zmq:tx:0:0] [I] Waiting for request.
2026-04-14T10:42:29.136371 [zmq:rx:0:0] [I] Waiting for data.
2026-04-14T10:42:29.137853 [zmq:rx:0:0] [I] Waiting for reading samples. Completed 0 of 23040 samples.
2026-04-14T10:42:29.533525 [zmq:tx:0:0] [I] Waiting for request.
2026-04-14T10:42:30.136371 [zmq:rx:0:0] [I] Waiting for data.
2026-04-14T10:42:30.137886 [zmq:rx:0:0] [I] Waiting for reading samples. Completed 0 of 23040 samples.
2026-04-14T10:42:30.533525 [zmq:tx:0:0] [I] Waiting for request.
2026-04-14T10:42:31.136372 [zmq:rx:0:0] [I] Waiting for data.
2026-04-14T10:42:31.137891 [zmq:rx:0:0] [I] Waiting for reading samples. Completed 0 of 23040 samples.
2026-04-14T10:42:31.533528 [zmq:tx:0:0] [I] Waiting for request.
2026-04-14T10:42:32.136379 [zmq:rx:0:0] [I] Waiting for data.
2026-04-14T10:42:32.137913 [zmq:rx:0:0] [I] Waiting for reading samples. Completed 0 of 23040 samples.
2026-04-14T10:42:32.533527 [zmq:tx:0:0] [I] Waiting for request.
2026-04-14T10:42:33.136373 [zmq:rx:0:0] [I] Waiting for data.
2026-04-14T10:42:33.137958 [zmq:rx:0:0] [I] Waiting for reading samples. Completed 0 of 23040 samples.
2026-04-14T10:42:33.600053 [SCHED   ] [I] [    10.3] Processed slot events pci=1: Cell creation idx=0 pci=1
2026-04-14T10:42:45.806970 [PHY     ] [I] [    17.4] PRACH: rsi=1 rssi=+15.3dB detected_preambles=[{idx=0 ta=0.00us detection_metric=87.5 power_dB=15.13}] t=690.8us
2026-04-14T10:42:45.807362 [SCHED   ] [I] [    17.7] Processed slot events pci=1: prach(ra-rnti=0x39 preamble=0 tc-rnti=0x4601)
2026-04-14T10:42:45.807473 [SCHED   ] [I] [    17.7] Slot decisions pci=1 t=365us (1 PDSCH, 0 PUSCHs, 0 PUCCHs): RAR: ra-rnti=0x39 rb=[0..3) tbs=10
2026-04-14T10:42:45.807665 [PHY     ] [I] [    17.7] PDCCH: rnti=0x0039 ss_id=1 format=1_0 cce=0 al=4 t=28.7us
2026-04-14T10:42:45.807696 [PHY     ] [I] [    17.7] PDSCH: rnti=0x0039 prb=[0, 3) symb=[1, 14) mod=QPSK rv=0 tbs=10 t=26.0us
2026-04-14T10:42:46.260706 [SCHED   ] [I] [    18.3] Slot decisions pci=1 t=4us (0 PDSCHs, 1 PUSCH, 0 PUCCHs): UL: ue=1024 rnti=0x4601 h_id=0 ss_id=1 rb=[8..11) newtx=true rv=0 tbs=11 msg3_delay=6
2026-04-14T10:42:46.713299 [PHY     ] [I] [    18.3] PUSCH: rnti=0x4601 h_id=0 prb=[8, 11) symb=[0, 14) mod=QPSK rv=0 tbs=11 crc=KO iter=6.0 sinr=8.0dB t=1139.9us uci_t=0.0us ret_t=0.0us
2026-04-14T10:42:46.713558 [PHY     ] [I] [    18.7] PDCCH: rnti=0x4601 ss_id=1 format=0_0 cce=0 al=4 t=24.0us
2026-04-14T10:42:47.165461 [SCHED   ] [I] [    19.1] Slot decisions pci=1 t=10us (0 PDSCHs, 1 PUSCH, 0 PUCCHs): UL: ue=1024 rnti=0x4601 h_id=0 ss_id=1 rb=[8..11) newtx=false rv=0 tbs=11 k2=4
2026-04-14T10:42:47.267868 [PHY     ] [I] [    19.1] PUSCH: rnti=0x4601 h_id=0 prb=[8, 11) symb=[0, 14) mod=QPSK rv=0 tbs=11 crc=KO iter=6.0 sinr=6.7dB t=108.7us uci_t=0.0us ret_t=0.0us
2026-04-14T10:42:47.619012 [PHY     ] [I] [    19.5] PDCCH: rnti=0x4601 ss_id=1 format=0_0 cce=0 al=4 t=29.1us
2026-04-14T10:42:47.720951 [SCHED   ] [I] [    19.9] Slot decisions pci=1 t=7us (0 PDSCHs, 1 PUSCH, 0 PUCCHs): UL: ue=1024 rnti=0x4601 h_id=0 ss_id=1 rb=[8..11) newtx=false rv=0 tbs=11 k2=4
2026-04-14T10:42:48.073254 [PHY     ] [I] [    19.9] PUSCH: rnti=0x4601 h_id=0 prb=[8, 11) symb=[0, 14) mod=QPSK rv=0 tbs=11 crc=KO iter=6.0 sinr=5.2dB t=109.9us uci_t=0.0us ret_t=0.0us
2026-04-14T10:42:48.177289 [PHY     ] [I] [    20.3] PDCCH: rnti=0x4601 ss_id=1 format=0_0 cce=0 al=4 t=44.5us
2026-04-14T10:42:48.276361 [SCHED   ] [I] [    20.7] Slot decisions pci=1 t=6us (0 PDSCHs, 1 PUSCH, 0 PUCCHs): UL: ue=1024 rnti=0x4601 h_id=0 ss_id=1 rb=[8..11) newtx=false rv=0 tbs=11 k2=4
2026-04-14T10:42:48.279961 [PHY     ] [I] [    20.7] PUSCH: rnti=0x4601 h_id=0 prb=[8, 11) symb=[0, 14) mod=QPSK rv=0 tbs=11 crc=KO iter=6.0 sinr=5.3dB t=116.3us uci_t=0.0us ret_t=0.0us
2026-04-14T10:42:48.282073 [PHY     ] [I] [    21.1] PDCCH: rnti=0x4601 ss_id=1 format=0_0 cce=0 al=4 t=21.2us
2026-04-14T10:42:48.284894 [SCHED   ] [I] [    21.5] Slot decisions pci=1 t=7us (0 PDSCHs, 1 PUSCH, 0 PUCCHs): UL: ue=1024 rnti=0x4601 h_id=0 ss_id=1 rb=[8..11) newtx=false rv=0 tbs=11 k2=4
2026-04-14T10:42:48.288481 [PHY     ] [I] [    21.5] PUSCH: rnti=0x4601 h_id=0 prb=[8, 11) symb=[0, 14) mod=QPSK rv=0 tbs=11 crc=KO iter=6.0 sinr=6.1dB t=186.1us uci_t=0.0us ret_t=0.0us
2026-04-14T10:42:48.288990 [SCHED   ] [I] [    21.9] rnti=0x4601 h_id=0: Discarding UL HARQ process TB with tbs=11. Cause: Maximum number of reTxs 4 exceeded
2026-04-14T10:42:48.412062 [PHY     ] [I] [    33.4] PRACH: rsi=1 rssi=+15.3dB detected_preambles=[{idx=0 ta=0.00us detection_metric=87.5 power_dB=15.13}] t=218.8us
2026-04-14T10:42:48.412104 [SCHED   ] [I] [    33.7] Processed slot events pci=1: prach(ra-rnti=0x39 preamble=0 tc-rnti=0x4602)
2026-04-14T10:42:48.412112 [SCHED   ] [I] [    33.7] Slot decisions pci=1 t=20us (1 PDSCH, 0 PUSCHs, 0 PUCCHs): RAR: ra-rnti=0x39 rb=[0..3) tbs=10
2026-04-14T10:42:48.412398 [PHY     ] [I] [    33.7] PDCCH: rnti=0x0039 ss_id=1 format=1_0 cce=0 al=4 t=29.4us
2026-04-14T10:42:48.412886 [PHY     ] [I] [    33.7] PDSCH: rnti=0x0039 prb=[0, 3) symb=[1, 14) mod=QPSK rv=0 tbs=10 t=36.5us
2026-04-14T10:42:48.419028 [SCHED   ] [I] [    34.3] Slot decisions pci=1 t=2us (0 PDSCHs, 1 PUSCH, 0 PUCCHs): UL: ue=1024 rnti=0x4602 h_id=0 ss_id=1 rb=[8..11) newtx=true rv=0 tbs=11 msg3_delay=6
2026-04-14T10:42:48.421974 [PHY     ] [I] [    34.3] PUSCH: rnti=0x4602 h_id=0 prb=[8, 11) symb=[0, 14) mod=QPSK rv=0 tbs=11 crc=KO iter=6.0 sinr=8.0dB t=117.1us uci_t=0.0us ret_t=0.0us
2026-04-14T10:42:48.423781 [PHY     ] [I] [    34.7] PDCCH: rnti=0x4602 ss_id=1 format=0_0 cce=0 al=4 t=20.8us
2026-04-14T10:42:48.427833 [SCHED   ] [I] [    35.1] Slot decisions pci=1 t=3us (0 PDSCHs, 1 PUSCH, 0 PUCCHs): UL: ue=1024 rnti=0x4602 h_id=0 ss_id=1 rb=[8..11) newtx=false rv=0 tbs=11 k2=4
2026-04-14T10:42:48.430655 [PHY     ] [I] [    35.1] PUSCH: rnti=0x4602 h_id=0 prb=[8, 11) symb=[0, 14) mod=QPSK rv=0 tbs=11 crc=KO iter=6.0 sinr=6.7dB t=106.7us uci_t=0.0us ret_t=0.0us
2026-04-14T10:42:48.432300 [PHY     ] [I] [    35.5] PDCCH: rnti=0x4602 ss_id=1 format=0_0 cce=0 al=4 t=20.5us
2026-04-14T10:42:48.435456 [SCHED   ] [I] [    35.9] Slot decisions pci=1 t=3us (0 PDSCHs, 1 PUSCH, 0 PUCCHs): UL: ue=1024 rnti=0x4602 h_id=0 ss_id=1 rb=[8..11) newtx=false rv=0 tbs=11 k2=4
2026-04-14T10:42:48.438737 [PHY     ] [I] [    35.9] PUSCH: rnti=0x4602 h_id=0 prb=[8, 11) symb=[0, 14) mod=QPSK rv=0 tbs=11 crc=KO iter=6.0 sinr=5.2dB t=90.3us uci_t=0.0us ret_t=0.0us
2026-04-14T10:42:48.440246 [PHY     ] [I] [    36.3] PDCCH: rnti=0x4602 ss_id=1 format=0_0 cce=0 al=4 t=18.0us
2026-04-14T10:42:48.443289 [SCHED   ] [I] [    36.7] Slot decisions pci=1 t=2us (0 PDSCHs, 1 PUSCH, 0 PUCCHs): UL: ue=1024 rnti=0x4602 h_id=0 ss_id=1 rb=[8..11) newtx=false rv=0 tbs=11 k2=4
2026-04-14T10:42:48.446539 [PHY     ] [I] [    36.7] PUSCH: rnti=0x4602 h_id=0 prb=[8, 11) symb=[0, 14) mod=QPSK rv=0 tbs=11 crc=KO iter=6.0 sinr=5.3dB t=84.3us uci_t=0.0us ret_t=0.0us
2026-04-14T10:42:48.448375 [PHY     ] [I] [    37.1] PDCCH: rnti=0x4602 ss_id=1 format=0_0 cce=0 al=4 t=16.3us
2026-04-14T10:42:48.451506 [SCHED   ] [I] [    37.5] Slot decisions pci=1 t=6us (0 PDSCHs, 1 PUSCH, 0 PUCCHs): UL: ue=1024 rnti=0x4602 h_id=0 ss_id=1 rb=[8..11) newtx=false rv=0 tbs=11 k2=4
2026-04-14T10:42:48.454726 [PHY     ] [I] [    37.5] PUSCH: rnti=0x4602 h_id=0 prb=[8, 11) symb=[0, 14) mod=QPSK rv=0 tbs=11 crc=KO iter=6.0 sinr=6.1dB t=70.1us uci_t=0.0us ret_t=0.0us
2026-04-14T10:42:48.455841 [SCHED   ] [I] [    37.9] rnti=0x4602 h_id=0: Discarding UL HARQ process TB with tbs=11. Cause: Maximum number of reTxs 4 exceeded
2026-04-14T10:42:48.577299 [PHY     ] [I] [    49.4] PRACH: rsi=1 rssi=+15.3dB detected_preambles=[{idx=0 ta=0.00us detection_metric=87.4 power_dB=15.13}] t=227.3us
2026-04-14T10:42:48.577345 [SCHED   ] [I] [    49.7] Processed slot events pci=1: prach(ra-rnti=0x39 preamble=0 tc-rnti=0x4603)
2026-04-14T10:42:48.577354 [SCHED   ] [I] [    49.7] Slot decisions pci=1 t=18us (1 PDSCH, 0 PUSCHs, 0 PUCCHs): RAR: ra-rnti=0x39 rb=[0..3) tbs=10
2026-04-14T10:42:48.578099 [PHY     ] [I] [    49.7] PDCCH: rnti=0x0039 ss_id=1 format=1_0 cce=0 al=4 t=30.5us
2026-04-14T10:42:48.578135 [PHY     ] [I] [    49.7] PDSCH: rnti=0x0039 prb=[0, 3) symb=[1, 14) mod=QPSK rv=0 tbs=10 t=30.7us
2026-04-14T10:42:48.584264 [SCHED   ] [I] [    50.3] Slot decisions pci=1 t=10us (0 PDSCHs, 1 PUSCH, 0 PUCCHs): UL: ue=1024 rnti=0x4603 h_id=0 ss_id=1 rb=[8..11) newtx=true rv=0 tbs=11 msg3_delay=6
2026-04-14T10:42:48.586691 [PHY     ] [I] [    50.3] PUSCH: rnti=0x4603 h_id=0 prb=[8, 11) symb=[0, 14) mod=QPSK rv=0 tbs=11 crc=KO iter=6.0 sinr=8.0dB t=109.0us uci_t=0.0us ret_t=0.0us
2026-04-14T10:42:48.588412 [PHY     ] [I] [    50.7] PDCCH: rnti=0x4603 ss_id=1 format=0_0 cce=0 al=4 t=23.9us
2026-04-14T10:42:48.591511 [SCHED   ] [I] [    51.1] Slot decisions pci=1 t=6us (0 PDSCHs, 1 PUSCH, 0 PUCCHs): UL: ue=1024 rnti=0x4603 h_id=0 ss_id=1 rb=[8..11) newtx=false rv=0 tbs=11 k2=4
2026-04-14T10:42:48.594938 [PHY     ] [I] [    51.1] PUSCH: rnti=0x4603 h_id=0 prb=[8, 11) symb=[0, 14) mod=QPSK rv=0 tbs=11 crc=KO iter=6.0 sinr=6.7dB t=97.1us uci_t=0.0us ret_t=0.0us
2026-04-14T10:42:48.596853 [PHY     ] [I] [    51.5] PDCCH: rnti=0x4603 ss_id=1 format=0_0 cce=0 al=4 t=23.2us
2026-04-14T10:42:48.599818 [SCHED   ] [I] [    51.9] Slot decisions pci=1 t=2us (0 PDSCHs, 1 PUSCH, 0 PUCCHs): UL: ue=1024 rnti=0x4603 h_id=0 ss_id=1 rb=[8..11) newtx=false rv=0 tbs=11 k2=4
2026-04-14T10:42:48.603184 [PHY     ] [I] [    51.9] PUSCH: rnti=0x4603 h_id=0 prb=[8, 11) symb=[0, 14) mod=QPSK rv=0 tbs=11 crc=KO iter=6.0 sinr=5.2dB t=99.8us uci_t=0.0us ret_t=0.0us
2026-04-14T10:42:48.605010 [PHY     ] [I] [    52.3] PDCCH: rnti=0x4603 ss_id=1 format=0_0 cce=0 al=4 t=18.0us
2026-04-14T10:42:48.608459 [SCHED   ] [I] [    52.7] Slot decisions pci=1 t=2us (0 PDSCHs, 1 PUSCH, 0 PUCCHs): UL: ue=1024 rnti=0x4603 h_id=0 ss_id=1 rb=[8..11) newtx=false rv=0 tbs=11 k2=4
2026-04-14T10:42:48.611421 [PHY     ] [I] [    52.7] PUSCH: rnti=0x4603 h_id=0 prb=[8, 11) symb=[0, 14) mod=QPSK rv=0 tbs=11 crc=KO iter=6.0 sinr=5.3dB t=87.0us uci_t=0.0us ret_t=0.0us
2026-04-14T10:42:48.613285 [PHY     ] [I] [    53.1] PDCCH: rnti=0x4603 ss_id=1 format=0_0 cce=0 al=4 t=17.4us
2026-04-14T10:42:48.616291 [SCHED   ] [I] [    53.5] Slot decisions pci=1 t=5us (0 PDSCHs, 1 PUSCH, 0 PUCCHs): UL: ue=1024 rnti=0x4603 h_id=0 ss_id=1 rb=[8..11) newtx=false rv=0 tbs=11 k2=4
2026-04-14T10:42:48.619745 [PHY     ] [I] [    53.5] PUSCH: rnti=0x4603 h_id=0 prb=[8, 11) symb=[0, 14) mod=QPSK rv=0 tbs=11 crc=KO iter=6.0 sinr=6.1dB t=69.8us uci_t=0.0us ret_t=0.0us
2026-04-14T10:42:48.620510 [SCHED   ] [I] [    53.9] rnti=0x4603 h_id=0: Discarding UL HARQ process TB with tbs=11. Cause: Maximum number of reTxs 4 exceeded
2026-04-14T10:42:48.742691 [PHY     ] [I] [    65.4] PRACH: rsi=1 rssi=+15.3dB detected_preambles=[{idx=0 ta=0.00us detection_metric=87.5 power_dB=15.13}] t=268.4us
2026-04-14T10:42:48.743124 [SCHED   ] [I] [    65.7] Processed slot events pci=1: prach(ra-rnti=0x39 preamble=0 tc-rnti=0x4604)
2026-04-14T10:42:48.743126 [SCHED   ] [I] [    65.7] Slot decisions pci=1 t=14us (1 PDSCH, 0 PUSCHs, 0 PUCCHs): RAR: ra-rnti=0x39 rb=[0..3) tbs=10
2026-04-14T10:42:48.743550 [PHY     ] [I] [    65.7] PDCCH: rnti=0x0039 ss_id=1 format=1_0 cce=0 al=4 t=20.3us
2026-04-14T10:42:48.743588 [PHY     ] [I] [    65.7] PDSCH: rnti=0x0039 prb=[0, 3) symb=[1, 14) mod=QPSK rv=0 tbs=10 t=34.7us
2026-04-14T10:42:48.748825 [SCHED   ] [I] [    66.3] Slot decisions pci=1 t=3us (0 PDSCHs, 1 PUSCH, 0 PUCCHs): UL: ue=1024 rnti=0x4604 h_id=0 ss_id=1 rb=[8..11) newtx=true rv=0 tbs=11 msg3_delay=6
2026-04-14T10:42:48.752065 [PHY     ] [I] [    66.3] PUSCH: rnti=0x4604 h_id=0 prb=[8, 11) symb=[0, 14) mod=QPSK rv=0 tbs=11 crc=OK iter=2.0 sinr=8.0dB t=74.5us uci_t=0.0us ret_t=0.0us
2026-04-14T10:42:48.753110 [MAC     ] [I] [    66.7] UL rnti=0x4604 subPDUs: [CCCH48: len=6, SBSR: lcg=0 bs=1, PAD: len=1]
2026-04-14T10:42:48.755582 [DU-MNG  ] [I] ue=0 rnti=0x4604 proc="UE Create": Procedure started....
2026-04-14T10:42:48.759587 [DU-F1   ] [I] ue=0 c-rnti=0x4604 du_ue=0: F1 UE context created successfully.
2026-04-14T10:42:48.760319 [RLC     ] [I] du=0 ue=0 SRB0 DL: RLC TM created. queue_size=8
2026-04-14T10:42:48.760474 [RLC     ] [I] du=0 ue=0 SRB0 UL: RLC TM created. 
2026-04-14T10:42:48.760594 [RLC     ] [I] du=0 ue=0 SRB1 DL: RLC AM configured. tx_sn_size=12 pdcp_sn_len=12 t_poll_retx=45 max_retx=8 poll_pdu=-1 poll_byte=-1 queue_size=32 queue_size_bytes=64000 max_window=0
2026-04-14T10:42:48.760876 [RLC     ] [I] du=0 ue=0 SRB1 UL: RLC AM configured. rx_sn_size=12 t_reassembly=35 t_status_prohibit=0 max_sn_per_status={na}
2026-04-14T10:42:48.762384 [MAC     ] [I] [    67.6] ue=0 crnti=0x4604 proc="MAC UE Creation": finished successfully
2026-04-14T10:42:48.762390 [DU-MNG  ] [I] ue=0 rnti=0x4604 proc="UE Create": Procedure finished successfully.
2026-04-14T10:42:48.763028 [RLC     ] [I] du=0 ue=0 SRB0 UL: RX SDU. sdu_len=6
2026-04-14T10:42:48.763301 [SCHED   ] [I] [    67.7] Slot decisions pci=1 t=221us (1 PDSCH, 0 PUSCHs, 0 PUCCHs): DL: ue=0 c-rnti=0x4604 h_id=0 ss_id=1 rb=[0..2) k1=4 newtx=true rv=0 tbs=7 ri=1 dl_bo=0
2026-04-14T10:42:48.763329 [MAC     ] [I] [    67.7] DL PDU: ue=0 rnti=0x4604 size=7: CON_RES: id=157d315df46
2026-04-14T10:42:48.764202 [PHY     ] [I] [    67.7] PDCCH: rnti=0x4604 ss_id=1 format=1_0 cce=0 al=4 t=30.4us
2026-04-14T10:42:48.764254 [DU-F1   ] [I] Tx PDU du=0 tid=1 ue=0 du_ue=0: InitialULRRCMessageTransfer
2026-04-14T10:42:48.764266 [CU-CP-F1] [I] Rx PDU du=0 tid=1 du_ue=0: InitialULRRCMessageTransfer
2026-04-14T10:42:48.764403 [PHY     ] [I] [    67.7] PDSCH: rnti=0x4604 h_id=0 k1=4 prb=[0, 2) symb=[1, 14) mod=QPSK rv=0 tbs=7 t=197.5us
2026-04-14T10:42:48.764833 [CU-UEMNG] [I] ue=0 du_index=0 gnb_du_id=0 pci=1 rnti=0x4604 pcell_index=0: Created new CU-CP UE
2026-04-14T10:42:48.765423 [CU-CP   ] [I] ue=0 c-rnti=0x4604: UE created
2026-04-14T10:42:48.765429 [CU-CP-F1] [I] ue=0 du_ue=0 cu_ue=0: Added UE context
2026-04-14T10:42:48.766215 [RRC     ] [I] ue=0 c-rnti=0x4604: CCCH UL rrcSetupRequest
2026-04-14T10:42:48.766614 [PDCP    ] [I] ue=0 SRB1 DL: PDCP configured. rb_type=SRB rlc_mode=AM sn_size=12 discard_timer=infinity count_notify=3221225472 count_max=4294967294 warn_on_drop=false test_mode=false
2026-04-14T10:42:48.766783 [PDCP    ] [I] ue=0 SRB1 UL: PDCP configured. rb_type=SRB rlc_mode=AM sn_size=12 t_reordering=infinity count_notify=3221225472 count_max=4294967294
2026-04-14T10:42:48.767309 [RRC     ] [I] ue=0 c-rnti=0x4604: CCCH DL rrcSetup
2026-04-14T10:42:48.767696 [CU-CP-F1] [I] Tx PDU du=0 ue=0 cu_ue=0 du_ue=0: DLRRCMessageTransfer
2026-04-14T10:42:48.767706 [DU-F1   ] [I] Rx PDU du=0 ue=0 cu_ue=0 du_ue=0: DLRRCMessageTransfer
2026-04-14T10:42:48.767710 [RLC     ] [I] du=0 ue=0 SRB0 DL: TX SDU. sdu_len=297 queued_sdus=1 queued_bytes=297
2026-04-14T10:42:48.770208 [PHY     ] [I] [    68.0] PUCCH: rnti=0x4604 format=1 prb1=4 prb2=na symb=[0, 14) cs=0 occ=0 sr=no metric=-nan sinr=-infdB t=388.5us
2026-04-14T10:42:48.770465 [PHY     ] [I] [    68.1] PUCCH: rnti=0x4604 format=1 prb1=0 prb2=105 symb=[0, 14) cs=0 occ=0 ack=1 metric=520.3 sinr=15.7dB t=14.1us
2026-04-14T10:42:48.771273 [SCHED   ] [I] [    68.5] Slot decisions pci=1 t=21us (1 PDSCH, 0 PUSCHs, 0 PUCCHs): DL: ue=0 c-rnti=0x4604 h_id=0 ss_id=1 rb=[0..82) k1=4 newtx=true rv=0 tbs=301 ri=1 dl_bo=0
2026-04-14T10:42:48.771302 [RLC     ] [I] du=0 ue=0 SRB0 DL: TX PDU. pdu_len=297 grant_len=298
2026-04-14T10:42:48.771419 [MAC     ] [I] [    68.5] DL PDU: ue=0 rnti=0x4604 size=301: SDU: lcid=0 nof_sdus=1 total_size=300
2026-04-14T10:42:48.772471 [PHY     ] [I] [    68.5] PDCCH: rnti=0x4604 ss_id=1 format=1_0 cce=0 al=4 t=19.8us
2026-04-14T10:42:48.772972 [PHY     ] [I] [    68.5] PDSCH: rnti=0x4604 h_id=0 k1=4 prb=[0, 82) symb=[1, 14) mod=QPSK rv=0 tbs=301 t=498.8us
2026-04-14T10:42:48.775509 [PHY     ] [I] [    68.6] PUCCH: rnti=0x4604 format=2 prb=[7, 8) prb2=na symb=[4, 6) csi1=2222 sinr=-infdB t=38.2us
2026-04-14T10:42:48.779729 [PHY     ] [I] [    68.9] PUCCH: rnti=0x4604 format=1 prb1=0 prb2=105 symb=[0, 14) cs=0 occ=0 ack=1 metric=519.5 sinr=15.7dB t=22.7us
2026-04-14T10:42:48.795413 [PHY     ] [I] [    70.0] PUCCH: rnti=0x4604 format=1 prb1=4 prb2=na symb=[0, 14) cs=0 occ=0 sr=yes metric=979.9 sinr=15.7dB t=27.9us
2026-04-14T10:42:48.797732 [PHY     ] [I] [    70.4] PDCCH: rnti=0x4604 ss_id=1 format=0_0 cce=0 al=4 t=20.4us
2026-04-14T10:42:48.800979 [SCHED   ] [I] [    70.8] Slot decisions pci=1 t=5us (0 PDSCHs, 1 PUSCH, 0 PUCCHs): UL: ue=0 rnti=0x4604 h_id=0 ss_id=1 rb=[8..32) newtx=true rv=0 tbs=528 k2=4
2026-04-14T10:42:48.801794 [PHY     ] [I] [    70.6] PUCCH: rnti=0x4604 format=2 prb=[7, 8) prb2=na symb=[4, 6) csi1=1111 sinr=10.9dB t=340.5us
2026-04-14T10:42:48.804763 [PHY     ] [I] [    70.8] PUSCH: rnti=0x4604 h_id=0 prb=[8, 32) symb=[0, 14) mod=QPSK rv=0 tbs=528 crc=OK iter=3.0 sinr=2.9dB t=1000.2us uci_t=0.0us ret_t=0.0us
2026-04-14T10:42:48.804787 [MAC     ] [I] [    71.1] UL rnti=0x4604 ue=0 subPDUs: [C-RNTI: 0x4604, lcid=1: len=35, SBSR: lcg=0 bs=5, PAD: len=485]
2026-04-14T10:42:48.805152 [RLC     ] [I] du=0 ue=0 SRB1 UL: RX PDU. pdu_len=35 dc=data p=1 si=full sn=0
2026-04-14T10:42:48.805158 [RLC     ] [I] du=0 ue=0 SRB1 UL: RX SDU. sn=0 sdu_len=33
2026-04-14T10:42:48.805174 [DU-F1   ] [I] Tx PDU du=0 ue=0 cu_ue=0 du_ue=0: ULRRCMessageTransfer
2026-04-14T10:42:48.805187 [CU-CP-F1] [I] Rx PDU du=0 ue=0 cu_ue=0 du_ue=0: ULRRCMessageTransfer
2026-04-14T10:42:48.805195 [PDCP    ] [I] ue=0 SRB1 UL: RX PDU. type=data pdu_len=33 sn=0 count=0
2026-04-14T10:42:48.805383 [PDCP    ] [I] ue=0 SRB1 UL: RX SDU. count=0
2026-04-14T10:42:48.805560 [SCHED   ] [I] [    71.3] Slot decisions pci=1 t=49us (1 PDSCH, 0 PUSCHs, 0 PUCCHs): DL: ue=0 c-rnti=0x4604 h_id=0 ss_id=2 rb=[0..2) k1=4 newtx=true rv=0 tbs=153 ri=1 dl_bo=0
2026-04-14T10:42:48.805590 [RLC     ] [I] du=0 ue=0 SRB1 DL: TX status PDU. pdu_len=3 grant_len=4
2026-04-14T10:42:48.805593 [MAC     ] [I] [    71.3] DL PDU: ue=0 rnti=0x4604 size=153: SDU: lcid=1 nof_sdus=1 total_size=5
2026-04-14T10:42:48.805865 [RRC     ] [I] ue=0 c-rnti=0x4604: DCCH UL rrcSetupComplete
2026-04-14T10:42:48.806574 [PHY     ] [I] [    71.3] PDCCH: rnti=0x4604 ss_id=2 format=1_0 cce=0 al=2 t=10.3us
2026-04-14T10:42:48.806582 [PHY     ] [I] [    71.3] PDCCH: rnti=0x4604 ss_id=2 format=0_0 cce=4 al=2 t=4.1us
2026-04-14T10:42:48.806722 [NGAP    ] [I] Tx PDU ue=0 ran_ue=0: InitialUEMessage
2026-04-14T10:42:48.806762 [PHY     ] [I] [    71.3] PDSCH: rnti=0x4604 h_id=0 k1=4 prb=[0, 2) symb=[1, 14) mod=64QAM rv=0 tbs=153 t=176.8us
2026-04-14T10:42:48.809673 [SCHED   ] [I] [    71.7] Slot decisions pci=1 t=8us (0 PDSCHs, 1 PUSCH, 0 PUCCHs): UL: ue=0 rnti=0x4604 h_id=0 ss_id=2 rb=[2..5) newtx=true rv=0 tbs=51 k2=4
2026-04-14T10:42:48.813295 [PHY     ] [I] [    71.7] PUSCH: rnti=0x4604 h_id=0 prb=[2, 5) symb=[0, 14) mod=QPSK rv=0 tbs=51 crc=OK iter=2.0 ack=1 sinr=6.0dB t=268.7us uci_t=42.9us ret_t=0.0us
2026-04-14T10:42:48.813318 [MAC     ] [I] [    72.0] UL rnti=0x4604 ue=0 subPDUs: [SBSR: lcg=0 bs=0, PAD: len=48]
2026-04-14T10:42:48.816122 [PHY     ] [I] [    72.0] PUCCH: rnti=0x4604 format=1 prb1=4 prb2=na symb=[0, 14) cs=0 occ=0 sr=no metric=-nan sinr=-infdB t=27.3us
2026-04-14T10:42:48.820348 [NGAP    ] [I] Rx PDU ue=0 ran_ue=0 amf_ue=1: DownlinkNASTransport
2026-04-14T10:42:48.820729 [RRC     ] [I] ue=0 c-rnti=0x4604: DCCH DL dlInformationTransfer
2026-04-14T10:42:48.820733 [PDCP    ] [I] ue=0 SRB1 DL: TX PDU. type=data pdu_len=51 sn=0 count=0 is_retx=false
2026-04-14T10:42:48.820743 [CU-CP-F1] [I] Tx PDU du=0 ue=0 cu_ue=0 du_ue=0: DLRRCMessageTransfer
2026-04-14T10:42:48.820749 [DU-F1   ] [I] Rx PDU du=0 ue=0 cu_ue=0 du_ue=0: DLRRCMessageTransfer
2026-04-14T10:42:48.820755 [RLC     ] [I] du=0 ue=0 SRB1 DL: TX SDU. sdu_len=51 pdcp_sn=0 is_retx=false queued_sdus=1 queued_bytes=51
2026-04-14T10:42:48.821306 [SCHED   ] [I] [    72.8] Slot decisions pci=1 t=22us (1 PDSCH, 0 PUSCHs, 0 PUCCHs): DL: ue=0 c-rnti=0x4604 h_id=0 ss_id=2 rb=[0..2) k1=4 newtx=true rv=0 tbs=169 ri=1 dl_bo=0
2026-04-14T10:42:48.821330 [RLC     ] [I] du=0 ue=0 SRB1 DL: TX PDU. dc=data p=1 si=full sn=0 pdu_len=53 grant_len=53
2026-04-14T10:42:48.821334 [MAC     ] [I] [    72.8] DL PDU: ue=0 rnti=0x4604 size=169: SDU: lcid=1 nof_sdus=1 total_size=55
2026-04-14T10:42:48.822017 [PHY     ] [I] [    72.8] PDCCH: rnti=0x4604 ss_id=2 format=1_0 cce=0 al=2 t=12.2us
2026-04-14T10:42:48.822102 [PHY     ] [I] [    72.8] PDSCH: rnti=0x4604 h_id=0 k1=4 prb=[0, 2) symb=[1, 14) mod=64QAM rv=0 tbs=169 t=74.6us
2026-04-14T10:42:48.822254 [PHY     ] [I] [    72.6] PUCCH: rnti=0x4604 format=2 prb=[7, 8) prb2=na symb=[4, 6) csi1=1111 sinr=10.9dB t=28.1us
2026-04-14T10:42:48.828282 [PHY     ] [I] [    73.2] PUCCH: rnti=0x4604 format=1 prb1=0 prb2=na symb=[0, 14) cs=0 occ=0 ack=1 metric=1003.5 sinr=15.8dB t=18.2us
2026-04-14T10:42:48.836594 [PHY     ] [I] [    74.0] PUCCH: rnti=0x4604 format=1 prb1=4 prb2=na symb=[0, 14) cs=0 occ=0 sr=yes metric=979.8 sinr=15.7dB t=19.5us
2026-04-14T10:42:48.838825 [PHY     ] [I] [    74.4] PDCCH: rnti=0x4604 ss_id=2 format=0_0 cce=0 al=2 t=10.1us
2026-04-14T10:42:48.841723 [SCHED   ] [I] [    74.8] Slot decisions pci=1 t=8us (0 PDSCHs, 1 PUSCH, 0 PUCCHs): UL: ue=0 rnti=0x4604 h_id=0 ss_id=2 rb=[0..21) newtx=true rv=0 tbs=512 k2=4
2026-04-14T10:42:48.843233 [PHY     ] [I] [    74.6] PUCCH: rnti=0x4604 format=2 prb=[7, 8) prb2=na symb=[4, 6) csi1=1111 sinr=10.9dB t=21.7us
2026-04-14T10:42:48.845313 [PHY     ] [I] [    74.8] PUSCH: rnti=0x4604 h_id=0 prb=[0, 21) symb=[0, 14) mod=16QAM rv=0 tbs=512 crc=OK iter=3.0 sinr=4.7dB t=518.6us uci_t=0.0us ret_t=0.0us
2026-04-14T10:42:48.845347 [MAC     ] [I] [    75.1] UL rnti=0x4604 ue=0 subPDUs: [lcid=1: len=3, lcid=1: len=32, SBSR: lcg=0 bs=5, PAD: len=470]
2026-04-14T10:42:48.845351 [RLC     ] [I] du=0 ue=0 SRB1 UL: RX status PDU. ack_sn=1 n_nack=0
2026-04-14T10:42:48.845363 [RLC     ] [I] du=0 ue=0 SRB1 DL: Handled status report. t=4us ack_sn=1 n_nack=0
2026-04-14T10:42:48.845370 [RLC     ] [I] du=0 ue=0 SRB1 UL: RX PDU. pdu_len=32 dc=data p=1 si=full sn=1
2026-04-14T10:42:48.845373 [RLC     ] [I] du=0 ue=0 SRB1 UL: RX SDU. sn=1 sdu_len=30
2026-04-14T10:42:48.845401 [DU-F1   ] [I] Tx PDU du=0 ue=0 cu_ue=0 du_ue=0: ULRRCMessageTransfer
2026-04-14T10:42:48.845409 [CU-CP-F1] [I] Rx PDU du=0 ue=0 cu_ue=0 du_ue=0: ULRRCMessageTransfer
2026-04-14T10:42:48.845414 [PDCP    ] [I] ue=0 SRB1 UL: RX PDU. type=data pdu_len=30 sn=1 count=1
2026-04-14T10:42:48.845877 [PDCP    ] [I] ue=0 SRB1 UL: RX SDU. count=1
2026-04-14T10:42:48.845886 [RRC     ] [I] ue=0 c-rnti=0x4604: DCCH UL ulInformationTransfer
2026-04-14T10:42:48.845887 [SCHED   ] [I] [    75.2] Slot decisions pci=1 t=31us (1 PDSCH, 0 PUSCHs, 0 PUCCHs): DL: ue=0 c-rnti=0x4604 h_id=0 ss_id=2 rb=[0..2) k1=4 newtx=true rv=0 tbs=153 ri=1 dl_bo=0
2026-04-14T10:42:48.846227 [NGAP    ] [I] Tx PDU ue=0 ran_ue=0 amf_ue=1: UplinkNASTransport
2026-04-14T10:42:48.846228 [RLC     ] [I] du=0 ue=0 SRB1 DL: TX status PDU. pdu_len=3 grant_len=4
2026-04-14T10:42:48.846231 [MAC     ] [I] [    75.2] DL PDU: ue=0 rnti=0x4604 size=153: SDU: lcid=1 nof_sdus=1 total_size=5
2026-04-14T10:42:48.846826 [PHY     ] [I] [    75.2] PDCCH: rnti=0x4604 ss_id=2 format=1_0 cce=0 al=2 t=10.1us
2026-04-14T10:42:48.846836 [PHY     ] [I] [    75.2] PDCCH: rnti=0x4604 ss_id=2 format=0_0 cce=4 al=2 t=4.0us
2026-04-14T10:42:48.847000 [PHY     ] [I] [    75.2] PDSCH: rnti=0x4604 h_id=0 k1=4 prb=[0, 2) symb=[1, 14) mod=64QAM rv=0 tbs=153 t=43.2us
2026-04-14T10:42:48.850022 [SCHED   ] [I] [    75.6] Slot decisions pci=1 t=14us (1 PDSCH, 1 PUSCH, 0 PUCCHs): DL: ue=0 c-rnti=0x4604 h_id=1 ss_id=2 rb=[0..2) k1=4 newtx=true rv=0 tbs=169 ri=1 dl_bo=0, UL: ue=0 rnti=0x4604 h_id=0 ss_id=2 rb=[2..4) newtx=true rv=0 tbs=44 k2=4
2026-04-14T10:42:48.850089 [MAC     ] [I] [    75.6] DL PDU: ue=0 rnti=0x4604 size=169: TA_CMD: tag_id=0, ta_cmd=30
2026-04-14T10:42:48.850878 [PHY     ] [I] [    75.6] PDCCH: rnti=0x4604 ss_id=2 format=1_0 cce=0 al=2 t=9.9us
2026-04-14T10:42:48.850899 [PHY     ] [I] [    75.6] PDSCH: rnti=0x4604 h_id=1 k1=4 prb=[0, 2) symb=[1, 14) mod=64QAM rv=0 tbs=169 t=19.3us
2026-04-14T10:42:48.853604 [PHY     ] [I] [    75.6] PUSCH: rnti=0x4604 h_id=0 prb=[2, 4) symb=[0, 14) mod=QPSK rv=0 tbs=44 crc=OK iter=3.0 ack=1 sinr=6.3dB t=406.4us uci_t=147.2us ret_t=0.0us
2026-04-14T10:42:48.853664 [MAC     ] [I] [    75.9] UL rnti=0x4604 ue=0 subPDUs: [SBSR: lcg=0 bs=0, PAD: len=41]
2026-04-14T10:42:48.854220 [NGAP    ] [I] Rx PDU ue=0 ran_ue=0 amf_ue=1: DownlinkNASTransport
2026-04-14T10:42:48.854348 [RRC     ] [I] ue=0 c-rnti=0x4604: DCCH DL dlInformationTransfer
2026-04-14T10:42:48.854353 [PDCP    ] [I] ue=0 SRB1 DL: TX PDU. type=data pdu_len=28 sn=1 count=1 is_retx=false
2026-04-14T10:42:48.854505 [CU-CP-F1] [I] Tx PDU du=0 ue=0 cu_ue=0 du_ue=0: DLRRCMessageTransfer
2026-04-14T10:42:48.854510 [DU-F1   ] [I] Rx PDU du=0 ue=0 cu_ue=0 du_ue=0: DLRRCMessageTransfer
2026-04-14T10:42:48.854515 [RLC     ] [I] du=0 ue=0 SRB1 DL: TX SDU. sdu_len=28 pdcp_sn=1 is_retx=false queued_sdus=1 queued_bytes=28
2026-04-14T10:42:48.855048 [SCHED   ] [I] [    76.1] Slot decisions pci=1 t=16us (1 PDSCH, 0 PUSCHs, 0 PUCCHs): DL: ue=0 c-rnti=0x4604 h_id=0 ss_id=2 rb=[0..2) k1=4 newtx=true rv=0 tbs=169 ri=1 dl_bo=0
2026-04-14T10:42:48.855191 [RLC     ] [I] du=0 ue=0 SRB1 DL: TX PDU. dc=data p=1 si=full sn=1 pdu_len=30 grant_len=30
2026-04-14T10:42:48.855194 [MAC     ] [I] [    76.1] DL PDU: ue=0 rnti=0x4604 size=169: SDU: lcid=1 nof_sdus=1 total_size=32
2026-04-14T10:42:48.856254 [PHY     ] [I] [    76.1] PDCCH: rnti=0x4604 ss_id=2 format=1_0 cce=0 al=2 t=9.4us
2026-04-14T10:42:48.856274 [PHY     ] [I] [    76.1] PDSCH: rnti=0x4604 h_id=0 k1=4 prb=[0, 2) symb=[1, 14) mod=64QAM rv=0 tbs=169 t=17.3us
2026-04-14T10:42:48.857195 [PHY     ] [I] [    76.0] PUCCH: rnti=0x4604 format=1 prb1=4 prb2=na symb=[0, 14) cs=0 occ=0 ack=2 metric=0.1 sinr=-20.5dB t=24.9us
2026-04-14T10:42:48.857208 [PHY     ] [I] [    76.0] PUCCH: rnti=0x4604 format=1 prb1=0 prb2=na symb=[0, 14) cs=0 occ=0 ack=1 metric=1002.5 sinr=15.8dB t=5.1us
2026-04-14T10:42:48.862557 [PHY     ] [I] [    76.5] PUCCH: rnti=0x4604 format=1 prb1=0 prb2=na symb=[0, 14) cs=0 occ=0 ack=1 metric=474.3 sinr=12.5dB t=15.0us
2026-04-14T10:42:48.863386 [PHY     ] [I] [    76.6] PUCCH: rnti=0x4604 format=2 prb=[7, 8) prb2=na symb=[4, 6) csi1=1111 sinr=11.0dB t=22.5us
2026-04-14T10:42:48.878285 [PHY     ] [I] [    78.0] PUCCH: rnti=0x4604 format=1 prb1=4 prb2=na symb=[0, 14) cs=0 occ=0 sr=yes metric=471.8 sinr=12.5dB t=14.9us
2026-04-14T10:42:48.879717 [PHY     ] [I] [    78.4] PDCCH: rnti=0x4604 ss_id=2 format=0_0 cce=0 al=2 t=10.8us
2026-04-14T10:42:48.883120 [SCHED   ] [I] [    78.8] Slot decisions pci=1 t=5us (0 PDSCHs, 1 PUSCH, 0 PUCCHs): UL: ue=0 rnti=0x4604 h_id=0 ss_id=2 rb=[0..21) newtx=true rv=0 tbs=512 k2=4
2026-04-14T10:42:48.884024 [PHY     ] [I] [    78.6] PUCCH: rnti=0x4604 format=2 prb=[7, 8) prb2=na symb=[4, 6) csi1=1111 sinr=11.0dB t=16.8us
2026-04-14T10:42:48.886217 [PHY     ] [I] [    78.8] PUSCH: rnti=0x4604 h_id=0 prb=[0, 21) symb=[0, 14) mod=16QAM rv=0 tbs=512 crc=OK iter=3.0 sinr=4.7dB t=117.2us uci_t=0.0us ret_t=0.0us
2026-04-14T10:42:48.886238 [MAC     ] [I] [    79.1] UL rnti=0x4604 ue=0 subPDUs: [lcid=1: len=3, lcid=1: len=67, SBSR: lcg=0 bs=7, PAD: len=435]
2026-04-14T10:42:48.886242 [RLC     ] [I] du=0 ue=0 SRB1 UL: RX status PDU. ack_sn=2 n_nack=0
2026-04-14T10:42:48.886263 [RLC     ] [I] du=0 ue=0 SRB1 DL: Handled status report. t=5us ack_sn=2 n_nack=0
2026-04-14T10:42:48.886278 [RLC     ] [I] du=0 ue=0 SRB1 UL: RX PDU. pdu_len=67 dc=data p=1 si=full sn=2
2026-04-14T10:42:48.886281 [RLC     ] [I] du=0 ue=0 SRB1 UL: RX SDU. sn=2 sdu_len=65
2026-04-14T10:42:48.886291 [DU-F1   ] [I] Tx PDU du=0 ue=0 cu_ue=0 du_ue=0: ULRRCMessageTransfer
2026-04-14T10:42:48.886763 [CU-CP-F1] [I] Rx PDU du=0 ue=0 cu_ue=0 du_ue=0: ULRRCMessageTransfer
2026-04-14T10:42:48.886767 [PDCP    ] [I] ue=0 SRB1 UL: RX PDU. type=data pdu_len=65 sn=2 count=2
2026-04-14T10:42:48.886770 [PDCP    ] [I] ue=0 SRB1 UL: RX SDU. count=2
2026-04-14T10:42:48.886777 [RRC     ] [I] ue=0 c-rnti=0x4604: DCCH UL ulInformationTransfer
2026-04-14T10:42:48.886790 [NGAP    ] [I] Tx PDU ue=0 ran_ue=0 amf_ue=1: UplinkNASTransport
2026-04-14T10:42:48.887136 [SCHED   ] [I] [    79.2] Slot decisions pci=1 t=26us (1 PDSCH, 0 PUSCHs, 0 PUCCHs): DL: ue=0 c-rnti=0x4604 h_id=0 ss_id=2 rb=[0..2) k1=4 newtx=true rv=0 tbs=153 ri=1 dl_bo=0
2026-04-14T10:42:48.887159 [RLC     ] [I] du=0 ue=0 SRB1 DL: TX status PDU. pdu_len=3 grant_len=4
2026-04-14T10:42:48.887163 [MAC     ] [I] [    79.2] DL PDU: ue=0 rnti=0x4604 size=153: SDU: lcid=1 nof_sdus=1 total_size=5
2026-04-14T10:42:48.888009 [PHY     ] [I] [    79.2] PDCCH: rnti=0x4604 ss_id=2 format=1_0 cce=0 al=2 t=9.1us
2026-04-14T10:42:48.888019 [PHY     ] [I] [    79.2] PDCCH: rnti=0x4604 ss_id=2 format=0_0 cce=4 al=2 t=4.0us
2026-04-14T10:42:48.888048 [PHY     ] [I] [    79.2] PDSCH: rnti=0x4604 h_id=0 k1=4 prb=[0, 2) symb=[1, 14) mod=64QAM rv=0 tbs=153 t=23.9us
2026-04-14T10:42:48.891286 [SCHED   ] [I] [    79.6] Slot decisions pci=1 t=4us (0 PDSCHs, 1 PUSCH, 0 PUCCHs): UL: ue=0 rnti=0x4604 h_id=0 ss_id=2 rb=[2..6) newtx=true rv=0 tbs=88 k2=4
2026-04-14T10:42:48.894568 [PHY     ] [I] [    79.6] PUSCH: rnti=0x4604 h_id=0 prb=[2, 6) symb=[0, 14) mod=QPSK rv=0 tbs=88 crc=OK iter=2.0 ack=1 sinr=7.1dB t=212.6us uci_t=38.3us ret_t=0.0us
2026-04-14T10:42:48.894598 [MAC     ] [I] [    79.9] UL rnti=0x4604 ue=0 subPDUs: [SBSR: lcg=0 bs=0, PAD: len=85]
2026-04-14T10:42:48.898531 [PHY     ] [I] [    80.0] PUCCH: rnti=0x4604 format=1 prb1=4 prb2=na symb=[0, 14) cs=0 occ=0 sr=no metric=-nan sinr=-infdB t=28.8us
2026-04-14T10:42:48.901029 [NGAP    ] [I] Rx PDU ue=0 ran_ue=0 amf_ue=1: InitialContextSetupRequest
2026-04-14T10:42:48.901222 [CU-CP   ] [I] ue=0: "Initial Context Setup Routine" initialized
2026-04-14T10:42:48.901861 [SEC     ] [I] K_gNB: 
	a0 35 4a 9c da fb 43 94 4c c4 a7 41 04 e4 7e a1
	6a b2 ab 71 88 12 0a 07 30 72 fc 2f 53 04 c4 bc
2026-04-14T10:42:48.901861 [SEC     ] [I] RRC Integrity Key: 
	6f 9c db ee 4f a2 60 96 42 1a 70 b3 70 e2 99 ee
	fc 6a 57 74 36 b4 d3 f6 0a 6b 52 ae 4b 6c 83 e1
2026-04-14T10:42:48.901862 [SEC     ] [I] RRC Encryption Key: 
	58 70 26 ae ab d4 6d 2c 8e af 89 36 37 9f 37 73
	a9 77 37 fe 6b 22 59 50 4f 58 a2 a0 1d 31 aa 2a
2026-04-14T10:42:48.901862 [SEC     ] [I] UP Integrity Key: 
	94 45 8a 33 7f 4a 1e b5 2b bb 16 e7 e3 3d 8c b8
	bd d5 ae c2 78 0e 34 e0 21 ec 22 05 31 83 d8 58
2026-04-14T10:42:48.901864 [SEC     ] [I] UP Encryption Key: 
	f0 54 13 5e cb d2 58 af 6f 72 5d ea f7 5d 72 61
	e7 27 2d a8 2f 49 3f 22 c6 1e fa 3a 37 2f 1d d4
2026-04-14T10:42:48.902301 [PDCP    ] [I] ue=0 SRB1 UL: Security configured: NIA2 (on) NEA0 (off) domain=RRC
2026-04-14T10:42:48.902304 [PDCP    ] [I] ue=0 SRB1 UL: 128 K_int: 
	fc 6a 57 74 36 b4 d3 f6 0a 6b 52 ae 4b 6c 83 e1
2026-04-14T10:42:48.902305 [PDCP    ] [I] ue=0 SRB1 UL: 128 K_enc: 
	a9 77 37 fe 6b 22 59 50 4f 58 a2 a0 1d 31 aa 2a
2026-04-14T10:42:48.902310 [PDCP    ] [I] ue=0 SRB1 DL: Security configured: NIA2 (on) NEA0 (off) domain=RRC
2026-04-14T10:42:48.902310 [PDCP    ] [I] ue=0 SRB1 DL: 128 K_int: 
	fc 6a 57 74 36 b4 d3 f6 0a 6b 52 ae 4b 6c 83 e1
2026-04-14T10:42:48.902311 [PDCP    ] [I] ue=0 SRB1 DL: 128 K_enc: 
	a9 77 37 fe 6b 22 59 50 4f 58 a2 a0 1d 31 aa 2a
2026-04-14T10:42:48.902325 [PDCP    ] [I] ue=0 SRB1 DL: TX PDU. type=data pdu_len=9 sn=2 count=2 is_retx=false
2026-04-14T10:42:48.902327 [RRC     ] [I] ue=0 c-rnti=0x4604: DCCH DL securityModeCommand
2026-04-14T10:42:48.902654 [CU-CP-F1] [I] Tx PDU du=0 ue=0 cu_ue=0 du_ue=0: UEContextSetupRequest
2026-04-14T10:42:48.902889 [DU-F1   ] [I] Rx PDU du=0 ue=0 cu_ue=0 du_ue=0: UEContextSetupRequest
2026-04-14T10:42:48.903226 [DU-MNG  ] [I] ue=0 rnti=0x4604 proc="UE Configuration": Procedure started....
2026-04-14T10:42:48.903659 [MAC     ] [I] [    80.8] ue=0 crnti=0x4604 proc="Sched UE Config": successfully finished
2026-04-14T10:42:48.903663 [MAC     ] [I] [    80.8] ue=0 crnti=0x4604 proc="MAC UE Reconfiguration": finished successfully
2026-04-14T10:42:48.903667 [DU-MNG  ] [I] ue=0 rnti=0x4604 proc="UE Configuration": Procedure finished successfully.
2026-04-14T10:42:48.903913 [RLC     ] [I] du=0 ue=0 SRB1 DL: TX SDU. sdu_len=9 pdcp_sn=2 is_retx=false queued_sdus=1 queued_bytes=9
2026-04-14T10:42:48.904540 [SCHED   ] [I] [    80.9] Slot decisions pci=1 t=16us (1 PDSCH, 0 PUSCHs, 0 PUCCHs): DL: ue=0 c-rnti=0x4604 h_id=0 ss_id=1 rb=[0..3) k1=4 newtx=true rv=0 tbs=16 ri=1 dl_bo=0
2026-04-14T10:42:48.904561 [RLC     ] [I] du=0 ue=0 SRB1 DL: TX PDU. dc=data p=1 si=full sn=2 pdu_len=11 grant_len=14
2026-04-14T10:42:48.904686 [DU-F1   ] [I] Tx PDU du=0 ue=0 cu_ue=0 du_ue=0: UEContextSetupResponse
2026-04-14T10:42:48.904694 [MAC     ] [I] [    80.9] DL PDU: ue=0 rnti=0x4604 size=16: SDU: lcid=1 nof_sdus=1 total_size=13
2026-04-14T10:42:48.904719 [CU-CP-F1] [I] Rx PDU du=0 ue=0 cu_ue=0 du_ue=0: UEContextSetupResponse
2026-04-14T10:42:48.904793 [PHY     ] [I] [    80.6] PUCCH: rnti=0x4604 format=2 prb=[7, 8) prb2=na symb=[4, 6) csi1=1111 sinr=11.0dB t=26.8us
2026-04-14T10:42:48.905583 [PHY     ] [I] [    80.9] PDCCH: rnti=0x4604 ss_id=1 format=1_0 cce=0 al=4 t=18.5us
2026-04-14T10:42:48.906066 [PHY     ] [I] [    80.9] PDSCH: rnti=0x4604 h_id=0 k1=4 prb=[0, 3) symb=[1, 14) mod=QPSK rv=0 tbs=16 t=480.3us
2026-04-14T10:42:48.911994 [PHY     ] [I] [    81.3] PUCCH: rnti=0x4604 format=1 prb1=0 prb2=na symb=[0, 14) cs=0 occ=0 ack=1 metric=474.6 sinr=12.5dB t=22.3us
2026-04-14T10:42:48.912936 [PHY     ] [I] [    81.4] PRACH: rsi=1 rssi=+15.3dB detected_preambles=[{idx=0 ta=0.00us detection_metric=87.5 power_dB=15.13}] t=219.1us
2026-04-14T10:42:48.912972 [SCHED   ] [I] [    81.7] Processed slot events pci=1: prach(ra-rnti=0x39 preamble=0 tc-rnti=0x4605)
2026-04-14T10:42:48.912975 [SCHED   ] [I] [    81.7] Slot decisions pci=1 t=18us (1 PDSCH, 0 PUSCHs, 0 PUCCHs): RAR: ra-rnti=0x39 rb=[0..3) tbs=10
2026-04-14T10:42:48.913834 [PHY     ] [I] [    81.7] PDCCH: rnti=0x0039 ss_id=1 format=1_0 cce=0 al=4 t=19.0us
2026-04-14T10:42:48.913858 [PHY     ] [I] [    81.7] PDSCH: rnti=0x0039 prb=[0, 3) symb=[1, 14) mod=QPSK rv=0 tbs=10 t=22.8us
2026-04-14T10:42:48.919024 [SCHED   ] [I] [    82.3] Slot decisions pci=1 t=3us (0 PDSCHs, 1 PUSCH, 0 PUCCHs): UL: ue=1024 rnti=0x4605 h_id=0 ss_id=1 rb=[8..11) newtx=true rv=0 tbs=11 msg3_delay=6
2026-04-14T10:42:48.919100 [PHY     ] [I] [    82.0] PUCCH: rnti=0x4604 format=1 prb1=4 prb2=na symb=[0, 14) cs=0 occ=0 sr=yes metric=471.8 sinr=12.5dB t=22.9us
2026-04-14T10:42:48.920938 [PHY     ] [I] [    82.4] PDCCH: rnti=0x4604 ss_id=1 format=0_0 cce=0 al=4 t=17.5us
2026-04-14T10:42:48.922664 [PHY     ] [I] [    82.3] PUSCH: rnti=0x4605 h_id=0 prb=[8, 11) symb=[0, 14) mod=QPSK rv=0 tbs=11 crc=OK iter=1.0 sinr=8.0dB t=63.1us uci_t=0.0us ret_t=0.0us
2026-04-14T10:42:48.922686 [MAC     ] [I] [    82.6] UL rnti=0x4605 subPDUs: [CCCH48: len=6, SBSR: lcg=0 bs=1, PAD: len=1]
2026-04-14T10:42:48.922699 [DU-MNG  ] [I] ue=1 rnti=0x4605 proc="UE Create": Procedure started....
2026-04-14T10:42:48.922837 [DU-F1   ] [I] ue=1 c-rnti=0x4605 du_ue=1: F1 UE context created successfully.
2026-04-14T10:42:48.922852 [RLC     ] [I] du=0 ue=1 SRB0 DL: RLC TM created. queue_size=8
2026-04-14T10:42:48.923341 [RLC     ] [I] du=0 ue=1 SRB0 UL: RLC TM created. 
2026-04-14T10:42:48.923398 [RLC     ] [I] du=0 ue=1 SRB1 DL: RLC AM configured. tx_sn_size=12 pdcp_sn_len=12 t_poll_retx=45 max_retx=8 poll_pdu=-1 poll_byte=-1 queue_size=32 queue_size_bytes=64000 max_window=0
2026-04-14T10:42:48.923454 [RLC     ] [I] du=0 ue=1 SRB1 UL: RLC AM configured. rx_sn_size=12 t_reassembly=35 t_status_prohibit=0 max_sn_per_status={na}
2026-04-14T10:42:48.924246 [MAC     ] [I] [    82.8] ue=1 crnti=0x4605 proc="MAC UE Creation": finished successfully
2026-04-14T10:42:48.924249 [DU-MNG  ] [I] ue=1 rnti=0x4605 proc="UE Create": Procedure finished successfully.
2026-04-14T10:42:48.924255 [RLC     ] [I] du=0 ue=1 SRB0 UL: RX SDU. sdu_len=6
2026-04-14T10:42:48.924835 [SCHED   ] [I] [    82.8] Slot decisions pci=1 t=22us (0 PDSCHs, 1 PUSCH, 0 PUCCHs): UL: ue=0 rnti=0x4604 h_id=0 ss_id=1 rb=[8..27) newtx=true rv=0 tbs=528 k2=4
2026-04-14T10:42:48.924839 [DU-F1   ] [I] Tx PDU du=0 tid=2 ue=1 du_ue=1: InitialULRRCMessageTransfer
2026-04-14T10:42:48.924846 [CU-CP-F1] [I] Rx PDU du=0 tid=2 du_ue=1: InitialULRRCMessageTransfer
2026-04-14T10:42:48.924859 [CU-UEMNG] [I] ue=1 du_index=0 gnb_du_id=0 pci=1 rnti=0x4605 pcell_index=0: Created new CU-CP UE
2026-04-14T10:42:48.924902 [CU-CP   ] [I] ue=1 c-rnti=0x4605: UE created
2026-04-14T10:42:48.924905 [CU-CP-F1] [I] ue=1 du_ue=1 cu_ue=1: Added UE context
2026-04-14T10:42:48.924910 [RRC     ] [I] ue=1 c-rnti=0x4605: CCCH UL rrcSetupRequest
2026-04-14T10:42:48.924955 [PDCP    ] [I] ue=1 SRB1 DL: PDCP configured. rb_type=SRB rlc_mode=AM sn_size=12 discard_timer=infinity count_notify=3221225472 count_max=4294967294 warn_on_drop=false test_mode=false
2026-04-14T10:42:48.925017 [PDCP    ] [I] ue=1 SRB1 UL: PDCP configured. rb_type=SRB rlc_mode=AM sn_size=12 t_reordering=infinity count_notify=3221225472 count_max=4294967294
2026-04-14T10:42:48.925027 [RRC     ] [I] ue=1 c-rnti=0x4605: CCCH DL rrcSetup
2026-04-14T10:42:48.925034 [CU-CP-F1] [I] Tx PDU du=0 ue=1 cu_ue=1 du_ue=1: DLRRCMessageTransfer
2026-04-14T10:42:48.925039 [DU-F1   ] [I] Rx PDU du=0 ue=1 cu_ue=1 du_ue=1: DLRRCMessageTransfer
2026-04-14T10:42:48.925043 [RLC     ] [I] du=0 ue=1 SRB0 DL: TX SDU. sdu_len=297 queued_sdus=1 queued_bytes=297
2026-04-14T10:42:48.925209 [SCHED   ] [I] [    82.9] Slot decisions pci=1 t=24us (1 PDSCH, 0 PUSCHs, 0 PUCCHs): DL: ue=1 c-rnti=0x4605 h_id=0 ss_id=1 rb=[0..87) k1=4 newtx=true rv=0 tbs=309 ri=1 dl_bo=0
2026-04-14T10:42:48.925236 [RLC     ] [I] du=0 ue=1 SRB0 DL: TX PDU. pdu_len=297 grant_len=299
2026-04-14T10:42:48.925788 [MAC     ] [I] [    82.9] DL PDU: ue=1 rnti=0x4605 size=309: CON_RES: id=1231bee7afe6, SDU: lcid=0 nof_sdus=1 total_size=300
2026-04-14T10:42:48.925865 [PHY     ] [I] [    82.6] PUCCH: rnti=0x4604 format=2 prb=[7, 8) prb2=na symb=[4, 6) csi1=1111 sinr=11.0dB t=20.6us
2026-04-14T10:42:48.926529 [PHY     ] [I] [    82.9] PDCCH: rnti=0x4605 ss_id=1 format=1_0 cce=0 al=4 t=17.2us
2026-04-14T10:42:48.926617 [PHY     ] [I] [    82.9] PDSCH: rnti=0x4605 h_id=0 k1=4 prb=[0, 87) symb=[1, 14) mod=QPSK rv=0 tbs=309 t=83.2us
2026-04-14T10:42:48.927523 [PHY     ] [I] [    82.8] PUSCH: rnti=0x4604 h_id=0 prb=[8, 27) symb=[0, 14) mod=16QAM rv=0 tbs=528 crc=OK iter=5.0 sinr=4.3dB t=174.4us uci_t=0.0us ret_t=0.0us
2026-04-14T10:42:48.927544 [MAC     ] [I] [    83.1] UL rnti=0x4604 ue=0 subPDUs: [lcid=1: len=3, lcid=1: len=10, SBSR: lcg=0 bs=2, PAD: len=508]
2026-04-14T10:42:48.927546 [RLC     ] [I] du=0 ue=0 SRB1 UL: RX status PDU. ack_sn=3 n_nack=0
2026-04-14T10:42:48.927565 [RLC     ] [I] du=0 ue=0 SRB1 DL: Handled status report. t=4us ack_sn=3 n_nack=0
2026-04-14T10:42:48.927679 [RLC     ] [I] du=0 ue=0 SRB1 UL: RX PDU. pdu_len=10 dc=data p=1 si=full sn=3
2026-04-14T10:42:48.927680 [RLC     ] [I] du=0 ue=0 SRB1 UL: RX SDU. sn=3 sdu_len=8
2026-04-14T10:42:48.927697 [DU-F1   ] [I] Tx PDU du=0 ue=0 cu_ue=0 du_ue=0: ULRRCMessageTransfer
2026-04-14T10:42:48.927700 [CU-CP-F1] [I] Rx PDU du=0 ue=0 cu_ue=0 du_ue=0: ULRRCMessageTransfer
2026-04-14T10:42:48.927705 [PDCP    ] [I] ue=0 SRB1 UL: RX PDU. type=data pdu_len=8 sn=3 count=3
2026-04-14T10:42:48.927826 [PDCP    ] [I] ue=0 SRB1 UL: RX SDU. count=3
2026-04-14T10:42:48.927833 [RRC     ] [I] ue=0 c-rnti=0x4604: DCCH UL securityModeComplete
2026-04-14T10:42:48.928022 [PDCP    ] [I] ue=0 SRB1 UL: Security configured: NIA2 (on) NEA0 (on) domain=RRC
2026-04-14T10:42:48.928137 [PDCP    ] [I] ue=0 SRB1 UL: 128 K_int: 
	fc 6a 57 74 36 b4 d3 f6 0a 6b 52 ae 4b 6c 83 e1
2026-04-14T10:42:48.928137 [PDCP    ] [I] ue=0 SRB1 UL: 128 K_enc: 
	a9 77 37 fe 6b 22 59 50 4f 58 a2 a0 1d 31 aa 2a
2026-04-14T10:42:48.928277 [PDCP    ] [I] ue=0 SRB1 DL: Security configured: NIA2 (on) NEA0 (on) domain=RRC
2026-04-14T10:42:48.928278 [PDCP    ] [I] ue=0 SRB1 DL: 128 K_int: 
	fc 6a 57 74 36 b4 d3 f6 0a 6b 52 ae 4b 6c 83 e1
2026-04-14T10:42:48.928278 [PDCP    ] [I] ue=0 SRB1 DL: 128 K_enc: 
	a9 77 37 fe 6b 22 59 50 4f 58 a2 a0 1d 31 aa 2a
2026-04-14T10:42:48.928885 [RRC     ] [I] ue=0 c-rnti=0x4604: DCCH DL ueCapabilityEnquiry
2026-04-14T10:42:48.928889 [PDCP    ] [I] ue=0 SRB1 DL: TX PDU. type=data pdu_len=14 sn=3 count=3 is_retx=false
2026-04-14T10:42:48.928892 [CU-CP-F1] [I] Tx PDU du=0 ue=0 cu_ue=0 du_ue=0: DLRRCMessageTransfer
2026-04-14T10:42:48.928898 [DU-F1   ] [I] Rx PDU du=0 ue=0 cu_ue=0 du_ue=0: DLRRCMessageTransfer
2026-04-14T10:42:48.928982 [RLC     ] [I] du=0 ue=0 SRB1 DL: TX SDU. sdu_len=14 pdcp_sn=3 is_retx=false queued_sdus=1 queued_bytes=14
2026-04-14T10:42:48.929208 [PHY     ] [I] [    83.2] PDCCH: rnti=0x4604 ss_id=1 format=0_0 cce=0 al=4 t=15.1us
2026-04-14T10:42:48.930443 [SCHED   ] [I] [    83.4] Slot decisions pci=1 t=5us (1 PDSCH, 0 PUSCHs, 0 PUCCHs): DL: ue=0 c-rnti=0x4604 h_id=0 ss_id=1 rb=[0..2) k1=4 newtx=true rv=0 tbs=11 ri=1 dl_bo=0
2026-04-14T10:42:48.930456 [RLC     ] [I] du=0 ue=0 SRB1 DL: TX status PDU. pdu_len=3 grant_len=9
2026-04-14T10:42:48.930459 [RLC     ] [I] du=0 ue=0 SRB1 DL: TX PDU. dc=data p=0 si=first sn=3 pdu_len=4 grant_len=4
2026-04-14T10:42:48.930461 [MAC     ] [I] [    83.4] DL PDU: ue=0 rnti=0x4604 size=11: SDU: lcid=1 nof_sdus=2 total_size=11
2026-04-14T10:42:48.931493 [PHY     ] [I] [    83.4] PDCCH: rnti=0x4604 ss_id=1 format=1_0 cce=0 al=4 t=14.0us
2026-04-14T10:42:48.931658 [PHY     ] [I] [    83.4] PDSCH: rnti=0x4604 h_id=0 k1=4 prb=[0, 2) symb=[1, 14) mod=QPSK rv=0 tbs=11 t=162.3us
2026-04-14T10:42:48.931750 [SCHED   ] [I] [    83.5] Slot decisions pci=1 t=18us (1 PDSCH, 0 PUSCHs, 0 PUCCHs): DL: ue=0 c-rnti=0x4604 h_id=1 ss_id=1 rb=[0..3) k1=4 newtx=true rv=0 tbs=16 ri=1 dl_bo=0
2026-04-14T10:42:48.931775 [RLC     ] [I] du=0 ue=0 SRB1 DL: TX PDU. dc=data p=0 si=mid sn=3 so=2 pdu_len=14 grant_len=14
2026-04-14T10:42:48.931781 [MAC     ] [I] [    83.5] DL PDU: ue=0 rnti=0x4604 size=16: SDU: lcid=1 nof_sdus=1 total_size=16
2026-04-14T10:42:48.932774 [PHY     ] [I] [    83.5] PDCCH: rnti=0x4604 ss_id=1 format=1_0 cce=0 al=4 t=20.1us
2026-04-14T10:42:48.932987 [PHY     ] [I] [    83.5] PDSCH: rnti=0x4604 h_id=1 k1=4 prb=[0, 3) symb=[1, 14) mod=QPSK rv=0 tbs=16 t=12.3us
2026-04-14T10:42:48.933070 [SCHED   ] [I] [    83.6] Slot decisions pci=1 t=13us (1 PDSCH, 1 PUSCH, 0 PUCCHs): DL: ue=0 c-rnti=0x4604 h_id=2 ss_id=1 rb=[0..2) k1=4 newtx=true rv=0 tbs=11 ri=1 dl_bo=0, UL: ue=0 rnti=0x4604 h_id=0 ss_id=1 rb=[8..9) newtx=true rv=0 tbs=19 k2=4
2026-04-14T10:42:48.933086 [RLC     ] [I] du=0 ue=0 SRB1 DL: TX PDU. dc=data p=1 si=last sn=3 so=12 pdu_len=6 grant_len=9
2026-04-14T10:42:48.933088 [MAC     ] [I] [    83.6] DL PDU: ue=0 rnti=0x4604 size=11: SDU: lcid=1 nof_sdus=1 total_size=8
2026-04-14T10:42:48.933180 [PHY     ] [I] [    83.3] PUCCH: rnti=0x4605 format=1 prb1=0 prb2=105 symb=[0, 14) cs=0 occ=0 ack=1 metric=519.8 sinr=15.7dB t=34.5us
2026-04-14T10:42:48.934271 [PHY     ] [I] [    83.6] PDCCH: rnti=0x4604 ss_id=1 format=1_0 cce=0 al=4 t=14.8us
2026-04-14T10:42:48.934290 [PHY     ] [I] [    83.6] PDSCH: rnti=0x4604 h_id=2 k1=4 prb=[0, 2) symb=[1, 14) mod=QPSK rv=0 tbs=11 t=17.5us
2026-04-14T10:42:48.934512 [SCHED   ] [I] [    83.7] Slot decisions pci=1 t=10us (1 PDSCH, 0 PUSCHs, 0 PUCCHs): DL: ue=0 c-rnti=0x4604 h_id=3 ss_id=1 rb=[0..2) k1=4 newtx=true rv=0 tbs=11 ri=1 dl_bo=0
2026-04-14T10:42:48.934535 [MAC     ] [I] [    83.7] ue=0 rnti=0x4604 lcid=1: Skipping MAC SDU encoding. Cause: RLC could not encode any SDU
2026-04-14T10:42:48.934539 [MAC     ] [I] [    83.7] DL PDU: ue=0 rnti=0x4604 size=11: 
2026-04-14T10:42:48.938723 [PHY     ] [I] [    83.7] PDCCH: rnti=0x4604 ss_id=1 format=1_0 cce=0 al=4 t=27.8us
2026-04-14T10:42:48.938845 [PHY     ] [I] [    83.7] PDSCH: rnti=0x4604 h_id=3 k1=4 prb=[0, 2) symb=[1, 14) mod=QPSK rv=0 tbs=11 t=17.3us
2026-04-14T10:42:48.940589 [PHY     ] [I] [    83.6] PUSCH: rnti=0x4604 h_id=0 prb=[8, 9) symb=[0, 14) mod=QPSK rv=0 tbs=19 crc=OK iter=1.0 sinr=5.5dB t=295.7us uci_t=0.0us ret_t=0.0us
2026-04-14T10:42:48.940696 [MAC     ] [I] [    83.9] UL rnti=0x4604 ue=0 subPDUs: [SBSR: lcg=0 bs=0, PAD: len=16]
2026-04-14T10:42:48.943239 [PHY     ] [I] [    83.8] PUCCH: rnti=0x4604 format=1 prb1=0 prb2=na symb=[0, 14) cs=0 occ=0 ack=1 metric=474.3 sinr=12.5dB t=21.0us
2026-04-14T10:42:48.944535 [PHY     ] [I] [    83.9] PUCCH: rnti=0x4604 format=1 prb1=0 prb2=na symb=[0, 14) cs=0 occ=0 ack=1 metric=474.6 sinr=12.5dB t=14.4us
2026-04-14T10:42:48.944979 [PHY     ] [I] [    84.0] PUCCH: rnti=0x4604 format=1 prb1=4 prb2=na symb=[0, 14) cs=0 occ=0 ack=2 metric=0.1 sinr=-20.3dB t=10.4us
2026-04-14T10:42:48.944997 [PHY     ] [I] [    84.0] PUCCH: rnti=0x4604 format=1 prb1=0 prb2=na symb=[0, 14) cs=0 occ=0 ack=1 metric=474.6 sinr=12.5dB t=11.2us
2026-04-14T10:42:48.945883 [PHY     ] [I] [    84.1] PUCCH: rnti=0x4605 format=1 prb1=4 prb2=na symb=[0, 14) cs=0 occ=0 sr=yes metric=825.8 sinr=14.9dB t=13.4us
2026-04-14T10:42:48.945898 [PHY     ] [I] [    84.1] PUCCH: rnti=0x4604 format=1 prb1=0 prb2=na symb=[0, 14) cs=0 occ=0 ack=1 metric=245.8 sinr=9.6dB t=10.2us
2026-04-14T10:42:48.948094 [PHY     ] [I] [    84.5] PDCCH: rnti=0x4605 ss_id=1 format=0_0 cce=0 al=4 t=18.5us
2026-04-14T10:42:48.951538 [SCHED   ] [I] [    84.9] Slot decisions pci=1 t=7us (0 PDSCHs, 1 PUSCH, 0 PUCCHs): UL: ue=1 rnti=0x4605 h_id=0 ss_id=1 rb=[8..32) newtx=true rv=0 tbs=528 k2=4
2026-04-14T10:42:48.951979 [PHY     ] [I] [    84.6] PUCCH: rnti=0x4604 format=2 prb=[7, 8) prb2=na symb=[4, 6) csi1=1111 sinr=11.0dB t=49.1us
2026-04-14T10:42:48.952028 [PHY     ] [I] [    84.6] PUCCH: rnti=0x4605 format=2 prb=[7, 8) prb2=na symb=[6, 8) csi1=1111 sinr=7.8dB t=38.3us
2026-04-14T10:42:48.957815 [PHY     ] [I] [    84.9] PUSCH: rnti=0x4605 h_id=0 prb=[8, 32) symb=[0, 14) mod=QPSK rv=0 tbs=528 crc=OK iter=3.0 sinr=3.3dB t=98.5us uci_t=0.0us ret_t=0.0us
2026-04-14T10:42:48.958214 [MAC     ] [I] [    85.3] UL rnti=0x4605 ue=1 subPDUs: [C-RNTI: 0x4605, lcid=1: len=35, SBSR: lcg=0 bs=5, PAD: len=485]
2026-04-14T10:42:48.958218 [RLC     ] [I] du=0 ue=1 SRB1 UL: RX PDU. pdu_len=35 dc=data p=1 si=full sn=0
2026-04-14T10:42:48.958221 [RLC     ] [I] du=0 ue=1 SRB1 UL: RX SDU. sn=0 sdu_len=33
2026-04-14T10:42:48.958473 [DU-F1   ] [I] Tx PDU du=0 ue=1 cu_ue=1 du_ue=1: ULRRCMessageTransfer
2026-04-14T10:42:48.958730 [CU-CP-F1] [I] Rx PDU du=0 ue=1 cu_ue=1 du_ue=1: ULRRCMessageTransfer
2026-04-14T10:42:48.958781 [PDCP    ] [I] ue=1 SRB1 UL: RX PDU. type=data pdu_len=33 sn=0 count=0
2026-04-14T10:42:48.958784 [PDCP    ] [I] ue=1 SRB1 UL: RX SDU. count=0
2026-04-14T10:42:48.958840 [RRC     ] [I] ue=1 c-rnti=0x4605: DCCH UL rrcSetupComplete
2026-04-14T10:42:48.958890 [SCHED   ] [I] [    85.4] Slot decisions pci=1 t=45us (1 PDSCH, 0 PUSCHs, 0 PUCCHs): DL: ue=1 c-rnti=0x4605 h_id=0 ss_id=2 rb=[0..2) k1=4 newtx=true rv=0 tbs=169 ri=1 dl_bo=0
2026-04-14T10:42:48.958929 [RLC     ] [I] du=0 ue=1 SRB1 DL: TX status PDU. pdu_len=3 grant_len=4
2026-04-14T10:42:48.958934 [MAC     ] [I] [    85.4] DL PDU: ue=1 rnti=0x4605 size=169: SDU: lcid=1 nof_sdus=1 total_size=5
2026-04-14T10:42:48.959046 [NGAP    ] [I] Tx PDU ue=1 ran_ue=1: InitialUEMessage
2026-04-14T10:42:48.959806 [PHY     ] [I] [    85.4] PDCCH: rnti=0x4605 ss_id=2 format=1_0 cce=0 al=2 t=18.3us
2026-04-14T10:42:48.959821 [PHY     ] [I] [    85.4] PDCCH: rnti=0x4605 ss_id=2 format=0_0 cce=4 al=2 t=12.7us
2026-04-14T10:42:48.959844 [PHY     ] [I] [    85.4] PDSCH: rnti=0x4605 h_id=0 k1=4 prb=[0, 2) symb=[1, 14) mod=64QAM rv=0 tbs=169 t=19.4us
2026-04-14T10:42:48.963151 [NGAP    ] [I] Rx PDU ue=1 ran_ue=1 amf_ue=2: DownlinkNASTransport
2026-04-14T10:42:48.963261 [RRC     ] [I] ue=1 c-rnti=0x4605: DCCH DL dlInformationTransfer
2026-04-14T10:42:48.963270 [PDCP    ] [I] ue=1 SRB1 DL: TX PDU. type=data pdu_len=51 sn=0 count=0 is_retx=false
2026-04-14T10:42:48.963332 [CU-CP-F1] [I] Tx PDU du=0 ue=1 cu_ue=1 du_ue=1: DLRRCMessageTransfer
2026-04-14T10:42:48.963342 [DU-F1   ] [I] Rx PDU du=0 ue=1 cu_ue=1 du_ue=1: DLRRCMessageTransfer
2026-04-14T10:42:48.963409 [RLC     ] [I] du=0 ue=1 SRB1 DL: TX SDU. sdu_len=51 pdcp_sn=0 is_retx=false queued_sdus=1 queued_bytes=51
2026-04-14T10:42:48.963832 [SCHED   ] [I] [    85.8] Slot decisions pci=1 t=66us (1 PDSCH, 1 PUSCH, 0 PUCCHs): DL: ue=1 c-rnti=0x4605 h_id=1 ss_id=2 rb=[0..2) k1=4 newtx=true rv=0 tbs=169 ri=1 dl_bo=0, UL: ue=1 rnti=0x4605 h_id=0 ss_id=2 rb=[4..7) newtx=true rv=0 tbs=51 k2=4
2026-04-14T10:42:48.963880 [RLC     ] [I] du=0 ue=1 SRB1 DL: TX PDU. dc=data p=1 si=full sn=0 pdu_len=53 grant_len=53
2026-04-14T10:42:48.963888 [MAC     ] [I] [    85.8] DL PDU: ue=1 rnti=0x4605 size=169: SDU: lcid=1 nof_sdus=1 total_size=55
2026-04-14T10:42:48.964721 [PHY     ] [I] [    85.8] PDCCH: rnti=0x4605 ss_id=2 format=1_0 cce=0 al=2 t=12.2us
2026-04-14T10:42:48.964769 [PHY     ] [I] [    85.8] PDSCH: rnti=0x4605 h_id=1 k1=4 prb=[0, 2) symb=[1, 14) mod=64QAM rv=0 tbs=169 t=33.6us
2026-04-14T10:42:48.967661 [PHY     ] [I] [    85.8] PUSCH: rnti=0x4605 h_id=0 prb=[4, 7) symb=[0, 14) mod=QPSK rv=0 tbs=51 crc=OK iter=2.0 ack=1 sinr=5.1dB t=85.2us uci_t=49.9us ret_t=0.0us
2026-04-14T10:42:48.967813 [MAC     ] [I] [    86.1] UL rnti=0x4605 ue=1 subPDUs: [SBSR: lcg=0 bs=0, PAD: len=48]
2026-04-14T10:42:48.970501 [PHY     ] [I] [    86.0] PUCCH: rnti=0x4604 format=1 prb1=4 prb2=na symb=[0, 14) cs=0 occ=0 sr=yes metric=471.8 sinr=12.5dB t=24.0us
2026-04-14T10:42:48.971445 [PHY     ] [I] [    86.1] PUCCH: rnti=0x4605 format=1 prb1=4 prb2=na symb=[0, 14) cs=0 occ=0 sr=no metric=-nan sinr=-infdB t=17.8us
2026-04-14T10:42:48.972026 [PHY     ] [I] [    86.4] PDCCH: rnti=0x4604 ss_id=1 format=0_0 cce=0 al=4 t=23.2us
2026-04-14T10:42:48.972226 [PHY     ] [I] [    86.2] PUCCH: rnti=0x4605 format=1 prb1=2 prb2=na symb=[0, 14) cs=0 occ=0 ack=1 metric=998.1 sinr=15.7dB t=14.8us
2026-04-14T10:42:48.975192 [SCHED   ] [I] [    86.8] Slot decisions pci=1 t=7us (0 PDSCHs, 1 PUSCH, 0 PUCCHs): UL: ue=0 rnti=0x4604 h_id=0 ss_id=1 rb=[8..32) newtx=true rv=0 tbs=528 k2=4
2026-04-14T10:42:48.976195 [PHY     ] [I] [    86.6] PUCCH: rnti=0x4604 format=2 prb=[7, 8) prb2=na symb=[4, 6) csi1=1111 sinr=11.0dB t=29.5us
2026-04-14T10:42:48.976204 [PHY     ] [I] [    86.6] PUCCH: rnti=0x4605 format=2 prb=[7, 8) prb2=na symb=[6, 8) csi1=1111 sinr=7.8dB t=2.9us
2026-04-14T10:42:48.977944 [PHY     ] [I] [    86.8] PUSCH: rnti=0x4604 h_id=0 prb=[8, 32) symb=[0, 14) mod=16QAM rv=0 tbs=528 crc=OK iter=4.0 sinr=2.9dB t=269.0us uci_t=0.0us ret_t=0.0us
2026-04-14T10:42:48.978081 [MAC     ] [I] [    87.1] UL rnti=0x4604 ue=0 subPDUs: [lcid=1: len=3, lcid=1: len=38, SBSR: lcg=0 bs=6, PAD: len=480]
2026-04-14T10:42:48.978088 [RLC     ] [I] du=0 ue=0 SRB1 UL: RX status PDU. ack_sn=4 n_nack=0
2026-04-14T10:42:48.978117 [RLC     ] [I] du=0 ue=0 SRB1 DL: Handled status report. t=9us ack_sn=4 n_nack=0
2026-04-14T10:42:48.978140 [RLC     ] [I] du=0 ue=0 SRB1 UL: RX PDU. pdu_len=38 dc=data p=1 si=full sn=4
2026-04-14T10:42:48.978227 [RLC     ] [I] du=0 ue=0 SRB1 UL: RX SDU. sn=4 sdu_len=36
2026-04-14T10:42:48.978246 [DU-F1   ] [I] Tx PDU du=0 ue=0 cu_ue=0 du_ue=0: ULRRCMessageTransfer
2026-04-14T10:42:48.978270 [CU-CP-F1] [I] Rx PDU du=0 ue=0 cu_ue=0 du_ue=0: ULRRCMessageTransfer
2026-04-14T10:42:48.978417 [PDCP    ] [I] ue=0 SRB1 UL: RX PDU. type=data pdu_len=36 sn=4 count=4
2026-04-14T10:42:48.978429 [PDCP    ] [I] ue=0 SRB1 UL: RX SDU. count=4
2026-04-14T10:42:48.978451 [RRC     ] [I] ue=0 c-rnti=0x4604: DCCH UL ueCapabilityInformation
2026-04-14T10:42:48.979048 [RRC     ] [I] ue=0 c-rnti=0x4604: DCCH DL dlInformationTransfer
2026-04-14T10:42:48.979062 [PDCP    ] [I] ue=0 SRB1 DL: TX PDU. type=data pdu_len=55 sn=4 count=4 is_retx=false
2026-04-14T10:42:48.979085 [CU-CP-F1] [I] Tx PDU du=0 ue=0 cu_ue=0 du_ue=0: DLRRCMessageTransfer
2026-04-14T10:42:48.979101 [DU-F1   ] [I] Rx PDU du=0 ue=0 cu_ue=0 du_ue=0: DLRRCMessageTransfer
2026-04-14T10:42:48.979164 [RLC     ] [I] du=0 ue=0 SRB1 DL: TX SDU. sdu_len=55 pdcp_sn=4 is_retx=false queued_sdus=1 queued_bytes=55
2026-04-14T10:42:48.979173 [CU-CP   ] [I] ue=0: "Initial Context Setup Routine" finished successfully
2026-04-14T10:42:48.979209 [NGAP    ] [I] Tx PDU ue=0 ran_ue=0 amf_ue=1: InitialContextSetupResponse
2026-04-14T10:42:48.979325 [NGAP    ] [I] Tx PDU ue=0 ran_ue=0: UERadioCapabilityInfoIndication
2026-04-14T10:42:48.980334 [PHY     ] [I] [    87.2] PDCCH: rnti=0x4604 ss_id=1 format=0_0 cce=0 al=4 t=32.4us
2026-04-14T10:42:48.980872 [SCHED   ] [I] [    87.4] Slot decisions pci=1 t=14us (1 PDSCH, 0 PUSCHs, 0 PUCCHs): DL: ue=0 c-rnti=0x4604 h_id=3 ss_id=1 rb=[0..2) k1=4 newtx=true rv=0 tbs=11 ri=1 dl_bo=0
2026-04-14T10:42:48.980903 [RLC     ] [I] du=0 ue=0 SRB1 DL: TX status PDU. pdu_len=3 grant_len=9
2026-04-14T10:42:48.980909 [RLC     ] [I] du=0 ue=0 SRB1 DL: TX PDU. dc=data p=0 si=first sn=4 pdu_len=4 grant_len=4
2026-04-14T10:42:48.980911 [MAC     ] [I] [    87.4] DL PDU: ue=0 rnti=0x4604 size=11: SDU: lcid=1 nof_sdus=2 total_size=11
2026-04-14T10:42:48.982552 [PHY     ] [I] [    87.4] PDCCH: rnti=0x4604 ss_id=1 format=1_0 cce=0 al=4 t=49.3us
2026-04-14T10:42:48.982623 [PHY     ] [I] [    87.4] PDSCH: rnti=0x4604 h_id=3 k1=4 prb=[0, 2) symb=[1, 14) mod=QPSK rv=0 tbs=11 t=63.5us
2026-04-14T10:42:48.982946 [SCHED   ] [I] [    87.5] Slot decisions pci=1 t=17us (1 PDSCH, 0 PUSCHs, 0 PUCCHs): DL: ue=0 c-rnti=0x4604 h_id=2 ss_id=1 rb=[0..10) k1=4 newtx=true rv=0 tbs=57 ri=1 dl_bo=0
2026-04-14T10:42:48.982969 [RLC     ] [I] du=0 ue=0 SRB1 DL: TX PDU. dc=data p=0 si=mid sn=4 so=2 pdu_len=55 grant_len=55
2026-04-14T10:42:48.983070 [MAC     ] [I] [    87.5] DL PDU: ue=0 rnti=0x4604 size=57: SDU: lcid=1 nof_sdus=1 total_size=57
2026-04-14T10:42:48.983267 [PHY     ] [I] [    87.5] PDCCH: rnti=0x4604 ss_id=1 format=1_0 cce=0 al=4 t=24.1us
2026-04-14T10:42:48.983527 [PHY     ] [I] [    87.5] PDSCH: rnti=0x4604 h_id=2 k1=4 prb=[0, 10) symb=[1, 14) mod=QPSK rv=0 tbs=57 t=251.6us
2026-04-14T10:42:48.983877 [SCHED   ] [I] [    87.6] Slot decisions pci=1 t=31us (1 PDSCH, 1 PUSCH, 0 PUCCHs): DL: ue=0 c-rnti=0x4604 h_id=1 ss_id=1 rb=[0..2) k1=4 newtx=true rv=0 tbs=11 ri=1 dl_bo=0, UL: ue=0 rnti=0x4604 h_id=0 ss_id=1 rb=[8..12) newtx=true rv=0 tbs=69 k2=4
2026-04-14T10:42:48.983921 [RLC     ] [I] du=0 ue=0 SRB1 DL: TX PDU. dc=data p=1 si=last sn=4 so=53 pdu_len=6 grant_len=9
2026-04-14T10:42:48.983928 [MAC     ] [I] [    87.6] DL PDU: ue=0 rnti=0x4604 size=11: SDU: lcid=1 nof_sdus=1 total_size=8
2026-04-14T10:42:48.984268 [PHY     ] [I] [    87.6] PDCCH: rnti=0x4604 ss_id=1 format=1_0 cce=0 al=4 t=37.1us
2026-04-14T10:42:48.984300 [PHY     ] [I] [    87.6] PDSCH: rnti=0x4604 h_id=1 k1=4 prb=[0, 2) symb=[1, 14) mod=QPSK rv=0 tbs=11 t=28.4us
2026-04-14T10:42:48.984812 [SCHED   ] [I] [    87.7] Slot decisions pci=1 t=12us (1 PDSCH, 0 PUSCHs, 0 PUCCHs): DL: ue=0 c-rnti=0x4604 h_id=0 ss_id=1 rb=[0..2) k1=4 newtx=true rv=0 tbs=11 ri=1 dl_bo=0
2026-04-14T10:42:48.984856 [MAC     ] [I] [    87.7] ue=0 rnti=0x4604 lcid=1: Skipping MAC SDU encoding. Cause: RLC could not encode any SDU
2026-04-14T10:42:48.984857 [MAC     ] [I] [    87.7] DL PDU: ue=0 rnti=0x4604 size=11: 
2026-04-14T10:42:48.985737 [PHY     ] [I] [    87.7] PDCCH: rnti=0x4604 ss_id=1 format=1_0 cce=0 al=4 t=45.7us
2026-04-14T10:42:48.985798 [PHY     ] [I] [    87.7] PDSCH: rnti=0x4604 h_id=0 k1=4 prb=[0, 2) symb=[1, 14) mod=QPSK rv=0 tbs=11 t=57.4us
2026-04-14T10:42:48.987652 [PHY     ] [I] [    87.6] PUSCH: rnti=0x4604 h_id=0 prb=[8, 12) symb=[0, 14) mod=QPSK rv=0 tbs=69 crc=OK iter=1.0 sinr=5.2dB t=149.8us uci_t=0.0us ret_t=0.0us
2026-04-14T10:42:48.987706 [MAC     ] [I] [    87.9] UL rnti=0x4604 ue=0 subPDUs: [SBSR: lcg=0 bs=0, PAD: len=66]
2026-04-14T10:42:48.989832 [PHY     ] [I] [    87.8] PUCCH: rnti=0x4604 format=1 prb1=0 prb2=na symb=[0, 14) cs=0 occ=0 ack=1 metric=474.3 sinr=12.5dB t=41.1us
2026-04-14T10:42:48.990715 [PHY     ] [I] [    87.9] PUCCH: rnti=0x4604 format=1 prb1=0 prb2=na symb=[0, 14) cs=0 occ=0 ack=1 metric=474.6 sinr=12.5dB t=32.8us
2026-04-14T10:42:48.992397 [PHY     ] [I] [    88.0] PUCCH: rnti=0x4604 format=1 prb1=4 prb2=na symb=[0, 14) cs=0 occ=0 ack=2 metric=0.1 sinr=-20.3dB t=27.1us
2026-04-14T10:42:48.992463 [PHY     ] [I] [    88.0] PUCCH: rnti=0x4604 format=1 prb1=0 prb2=na symb=[0, 14) cs=0 occ=0 ack=1 metric=474.6 sinr=12.5dB t=22.5us
2026-04-14T10:42:48.993336 [PHY     ] [I] [    88.1] PUCCH: rnti=0x4605 format=1 prb1=4 prb2=na symb=[0, 14) cs=0 occ=0 sr=yes metric=825.9 sinr=14.9dB t=15.5us
2026-04-14T10:42:48.993359 [PHY     ] [I] [    88.1] PUCCH: rnti=0x4604 format=1 prb1=0 prb2=na symb=[0, 14) cs=0 occ=0 ack=1 metric=245.8 sinr=9.6dB t=12.1us
2026-04-14T10:42:48.994265 [PHY     ] [I] [    88.5] PDCCH: rnti=0x4605 ss_id=2 format=0_0 cce=0 al=2 t=32.5us
2026-04-14T10:42:48.997747 [SCHED   ] [I] [    88.9] Slot decisions pci=1 t=7us (0 PDSCHs, 1 PUSCH, 0 PUCCHs): UL: ue=1 rnti=0x4605 h_id=0 ss_id=2 rb=[0..24) newtx=true rv=0 tbs=528 k2=4
2026-04-14T10:42:48.997877 [PHY     ] [I] [    88.6] PUCCH: rnti=0x4604 format=2 prb=[7, 8) prb2=na symb=[4, 6) csi1=1111 sinr=11.0dB t=43.8us
2026-04-14T10:42:48.997891 [PHY     ] [I] [    88.6] PUCCH: rnti=0x4605 format=2 prb=[7, 8) prb2=na symb=[6, 8) csi1=1111 sinr=7.8dB t=6.3us
2026-04-14T10:42:49.000437 [PHY     ] [I] [    88.9] PUSCH: rnti=0x4605 h_id=0 prb=[0, 24) symb=[0, 14) mod=QPSK rv=0 tbs=528 crc=OK iter=2.0 sinr=4.6dB t=147.9us uci_t=0.0us ret_t=0.0us
2026-04-14T10:42:49.000558 [MAC     ] [I] [    89.2] UL rnti=0x4605 ue=1 subPDUs: [lcid=1: len=3, lcid=1: len=32, SBSR: lcg=0 bs=5, PAD: len=486]
2026-04-14T10:42:49.000571 [RLC     ] [I] du=0 ue=1 SRB1 UL: RX status PDU. ack_sn=1 n_nack=0
2026-04-14T10:42:49.000592 [RLC     ] [I] du=0 ue=1 SRB1 DL: Handled status report. t=8us ack_sn=1 n_nack=0
2026-04-14T10:42:49.000604 [RLC     ] [I] du=0 ue=1 SRB1 UL: RX PDU. pdu_len=32 dc=data p=1 si=full sn=1
2026-04-14T10:42:49.000624 [RLC     ] [I] du=0 ue=1 SRB1 UL: RX SDU. sn=1 sdu_len=30
2026-04-14T10:42:49.000658 [DU-F1   ] [I] Tx PDU du=0 ue=1 cu_ue=1 du_ue=1: ULRRCMessageTransfer
2026-04-14T10:42:49.000723 [CU-CP-F1] [I] Rx PDU du=0 ue=1 cu_ue=1 du_ue=1: ULRRCMessageTransfer
2026-04-14T10:42:49.000728 [PDCP    ] [I] ue=1 SRB1 UL: RX PDU. type=data pdu_len=30 sn=1 count=1
2026-04-14T10:42:49.000731 [PDCP    ] [I] ue=1 SRB1 UL: RX SDU. count=1
2026-04-14T10:42:49.000740 [RRC     ] [I] ue=1 c-rnti=0x4605: DCCH UL ulInformationTransfer
2026-04-14T10:42:49.000754 [NGAP    ] [I] Tx PDU ue=1 ran_ue=1 amf_ue=2: UplinkNASTransport
2026-04-14T10:42:49.001292 [SCHED   ] [I] [    89.3] Slot decisions pci=1 t=50us (1 PDSCH, 0 PUSCHs, 0 PUCCHs): DL: ue=1 c-rnti=0x4605 h_id=1 ss_id=2 rb=[0..2) k1=4 newtx=true rv=0 tbs=153 ri=1 dl_bo=0
2026-04-14T10:42:49.001341 [RLC     ] [I] du=0 ue=1 SRB1 DL: TX status PDU. pdu_len=3 grant_len=4
2026-04-14T10:42:49.001423 [MAC     ] [I] [    89.3] DL PDU: ue=1 rnti=0x4605 size=153: SDU: lcid=1 nof_sdus=1 total_size=5
2026-04-14T10:42:49.002216 [PHY     ] [I] [    89.3] PDCCH: rnti=0x4605 ss_id=2 format=1_0 cce=0 al=2 t=39.8us
2026-04-14T10:42:49.002247 [PHY     ] [I] [    89.3] PDCCH: rnti=0x4605 ss_id=2 format=0_0 cce=4 al=2 t=20.6us
2026-04-14T10:42:49.002303 [PHY     ] [I] [    89.3] PDSCH: rnti=0x4605 h_id=1 k1=4 prb=[0, 2) symb=[1, 14) mod=64QAM rv=0 tbs=153 t=33.8us
2026-04-14T10:42:49.005209 [SCHED   ] [I] [    89.7] Slot decisions pci=1 t=6us (0 PDSCHs, 1 PUSCH, 0 PUCCHs): UL: ue=1 rnti=0x4605 h_id=0 ss_id=2 rb=[4..6) newtx=true rv=0 tbs=44 k2=4
2026-04-14T10:42:49.008755 [PHY     ] [I] [    89.7] PUSCH: rnti=0x4605 h_id=0 prb=[4, 6) symb=[0, 14) mod=QPSK rv=0 tbs=44 crc=OK iter=3.0 ack=1 sinr=7.7dB t=157.1us uci_t=55.1us ret_t=0.0us
2026-04-14T10:42:49.008799 [MAC     ] [I] [    90.0] UL rnti=0x4605 ue=1 subPDUs: [SBSR: lcg=0 bs=0, PAD: len=41]
2026-04-14T10:42:49.011842 [PHY     ] [I] [    90.0] PUCCH: rnti=0x4604 format=1 prb1=4 prb2=na symb=[0, 14) cs=0 occ=0 sr=yes metric=471.8 sinr=12.5dB t=24.8us
2026-04-14T10:42:49.013077 [PHY     ] [I] [    90.1] PUCCH: rnti=0x4605 format=1 prb1=4 prb2=na symb=[0, 14) cs=0 occ=0 sr=no metric=-nan sinr=-infdB t=24.0us
2026-04-14T10:42:49.013581 [PHY     ] [I] [    90.4] PDCCH: rnti=0x4604 ss_id=1 format=0_0 cce=0 al=4 t=31.9us
2026-04-14T10:42:49.016841 [SCHED   ] [I] [    90.8] Slot decisions pci=1 t=21us (1 PDSCH, 1 PUSCH, 0 PUCCHs): DL: ue=1 c-rnti=0x4605 h_id=1 ss_id=2 rb=[0..2) k1=4 newtx=true rv=0 tbs=169 ri=1 dl_bo=0, UL: ue=0 rnti=0x4604 h_id=0 ss_id=1 rb=[8..32) newtx=true rv=0 tbs=528 k2=4
2026-04-14T10:42:49.016858 [MAC     ] [I] [    90.8] DL PDU: ue=1 rnti=0x4605 size=169: TA_CMD: tag_id=0, ta_cmd=30
2026-04-14T10:42:49.017912 [PHY     ] [I] [    90.8] PDCCH: rnti=0x4605 ss_id=2 format=1_0 cce=0 al=2 t=14.2us
2026-04-14T10:42:49.017947 [PHY     ] [I] [    90.8] PDSCH: rnti=0x4605 h_id=1 k1=4 prb=[0, 2) symb=[1, 14) mod=64QAM rv=0 tbs=169 t=30.8us
2026-04-14T10:42:49.018231 [PHY     ] [I] [    90.6] PUCCH: rnti=0x4604 format=2 prb=[7, 8) prb2=na symb=[4, 6) csi1=1111 sinr=11.0dB t=37.3us
2026-04-14T10:42:49.018269 [PHY     ] [I] [    90.6] PUCCH: rnti=0x4605 format=2 prb=[7, 8) prb2=na symb=[6, 8) csi1=1111 sinr=7.8dB t=29.0us
2026-04-14T10:42:49.020470 [PHY     ] [I] [    90.8] PUSCH: rnti=0x4604 h_id=0 prb=[8, 32) symb=[0, 14) mod=QPSK rv=0 tbs=528 crc=OK iter=3.0 sinr=2.9dB t=243.1us uci_t=0.0us ret_t=0.0us
2026-04-14T10:42:49.020780 [MAC     ] [I] [    91.1] UL rnti=0x4604 ue=0 subPDUs: [lcid=1: len=3, lcid=1: len=21, lcid=1: len=46, SBSR: lcg=0 bs=7, PAD: len=449]
2026-04-14T10:42:49.020784 [RLC     ] [I] du=0 ue=0 SRB1 UL: RX status PDU. ack_sn=5 n_nack=0
2026-04-14T10:42:49.020813 [RLC     ] [I] du=0 ue=0 SRB1 DL: Handled status report. t=8us ack_sn=5 n_nack=0
2026-04-14T10:42:49.021080 [RLC     ] [I] du=0 ue=0 SRB1 UL: RX PDU. pdu_len=21 dc=data p=0 si=full sn=5
2026-04-14T10:42:49.021083 [RLC     ] [I] du=0 ue=0 SRB1 UL: RX SDU. sn=5 sdu_len=19
2026-04-14T10:42:49.021090 [RLC     ] [I] du=0 ue=0 SRB1 UL: RX PDU. pdu_len=46 dc=data p=1 si=full sn=6
2026-04-14T10:42:49.021202 [RLC     ] [I] du=0 ue=0 SRB1 UL: RX SDU. sn=6 sdu_len=44
2026-04-14T10:42:49.021118 [DU-F1   ] [I] Tx PDU du=0 ue=0 cu_ue=0 du_ue=0: ULRRCMessageTransfer
2026-04-14T10:42:49.021215 [DU-F1   ] [I] Tx PDU du=0 ue=0 cu_ue=0 du_ue=0: ULRRCMessageTransfer
2026-04-14T10:42:49.021221 [CU-CP-F1] [I] Rx PDU du=0 ue=0 cu_ue=0 du_ue=0: ULRRCMessageTransfer
2026-04-14T10:42:49.021402 [PDCP    ] [I] ue=0 SRB1 UL: RX PDU. type=data pdu_len=19 sn=5 count=5
2026-04-14T10:42:49.021410 [PDCP    ] [I] ue=0 SRB1 UL: RX SDU. count=5
2026-04-14T10:42:49.021475 [RRC     ] [I] ue=0 c-rnti=0x4604: DCCH UL ulInformationTransfer
2026-04-14T10:42:49.021499 [NGAP    ] [I] Tx PDU ue=0 ran_ue=0 amf_ue=1: UplinkNASTransport
2026-04-14T10:42:49.021587 [CU-CP-F1] [I] Rx PDU du=0 ue=0 cu_ue=0 du_ue=0: ULRRCMessageTransfer
2026-04-14T10:42:49.021590 [PDCP    ] [I] ue=0 SRB1 UL: RX PDU. type=data pdu_len=44 sn=6 count=6
2026-04-14T10:42:49.021738 [PDCP    ] [I] ue=0 SRB1 UL: RX SDU. count=6
2026-04-14T10:42:49.021906 [RRC     ] [I] ue=0 c-rnti=0x4604: DCCH UL ulInformationTransfer
2026-04-14T10:42:49.021913 [NGAP    ] [I] Tx PDU ue=0 ran_ue=0 amf_ue=1: UplinkNASTransport
2026-04-14T10:42:49.023330 [PHY     ] [I] [    91.3] PDCCH: rnti=0x4604 ss_id=1 format=0_0 cce=0 al=4 t=27.0us
2026-04-14T10:42:49.023430 [SCHED   ] [I] [    91.4] Slot decisions pci=1 t=13us (1 PDSCH, 0 PUSCHs, 0 PUCCHs): DL: ue=0 c-rnti=0x4604 h_id=0 ss_id=1 rb=[0..2) k1=4 newtx=true rv=0 tbs=11 ri=1 dl_bo=0
2026-04-14T10:42:49.023463 [RLC     ] [I] du=0 ue=0 SRB1 DL: TX status PDU. pdu_len=3 grant_len=9
2026-04-14T10:42:49.023466 [MAC     ] [I] [    91.4] DL PDU: ue=0 rnti=0x4604 size=11: SDU: lcid=1 nof_sdus=1 total_size=5
2026-04-14T10:42:49.024111 [PHY     ] [I] [    91.4] PDCCH: rnti=0x4604 ss_id=1 format=1_0 cce=0 al=4 t=23.4us
2026-04-14T10:42:49.024130 [PHY     ] [I] [    91.4] PDSCH: rnti=0x4604 h_id=0 k1=4 prb=[0, 2) symb=[1, 14) mod=QPSK rv=0 tbs=11 t=16.7us
2026-04-14T10:42:49.024502 [PHY     ] [I] [    91.2] PUCCH: rnti=0x4605 format=1 prb1=2 prb2=na symb=[0, 14) cs=0 occ=0 ack=1 metric=998.1 sinr=15.7dB t=22.7us
2026-04-14T10:42:49.026276 [SCHED   ] [I] [    91.7] Slot decisions pci=1 t=4us (0 PDSCHs, 1 PUSCH, 0 PUCCHs): UL: ue=0 rnti=0x4604 h_id=0 ss_id=1 rb=[8..13) newtx=true rv=0 tbs=84 k2=4
2026-04-14T10:42:49.029655 [PHY     ] [I] [    91.7] PUSCH: rnti=0x4604 h_id=0 prb=[8, 13) symb=[0, 14) mod=QPSK rv=0 tbs=84 crc=OK iter=1.0 sinr=6.4dB t=48.6us uci_t=0.0us ret_t=0.0us
2026-04-14T10:42:49.029674 [MAC     ] [I] [    92.0] UL rnti=0x4604 ue=0 subPDUs: [SBSR: lcg=0 bs=0, PAD: len=81]
2026-04-14T10:42:49.030491 [PHY     ] [I] [    91.8] PUCCH: rnti=0x4604 format=1 prb1=0 prb2=na symb=[0, 14) cs=0 occ=0 ack=1 metric=474.2 sinr=12.5dB t=12.5us
2026-04-14T10:42:49.032554 [PHY     ] [I] [    92.0] PUCCH: rnti=0x4604 format=1 prb1=4 prb2=na symb=[0, 14) cs=0 occ=0 sr=no metric=-nan sinr=-infdB t=11.6us
2026-04-14T10:42:49.033615 [PHY     ] [I] [    92.1] PUCCH: rnti=0x4605 format=1 prb1=4 prb2=na symb=[0, 14) cs=0 occ=0 sr=no metric=-nan sinr=-infdB t=9.3us
2026-04-14T10:42:49.038815 [PHY     ] [I] [    92.6] PUCCH: rnti=0x4604 format=2 prb=[7, 8) prb2=na symb=[4, 6) csi1=1111 sinr=11.0dB t=15.2us
2026-04-14T10:42:49.038832 [PHY     ] [I] [    92.6] PUCCH: rnti=0x4605 format=2 prb=[7, 8) prb2=na symb=[6, 8) csi1=1111 sinr=7.5dB t=3.9us
2026-04-14T10:42:49.053379 [PHY     ] [I] [    94.0] PUCCH: rnti=0x4604 format=1 prb1=4 prb2=na symb=[0, 14) cs=0 occ=0 sr=no metric=-nan sinr=-infdB t=23.4us
2026-04-14T10:42:49.054749 [PHY     ] [I] [    94.1] PUCCH: rnti=0x4605 format=1 prb1=4 prb2=na symb=[0, 14) cs=0 occ=0 sr=no metric=-nan sinr=-infdB t=18.8us
2026-04-14T10:42:49.059785 [PHY     ] [I] [    94.6] PUCCH: rnti=0x4604 format=2 prb=[7, 8) prb2=na symb=[4, 6) csi1=1111 sinr=11.0dB t=27.4us
2026-04-14T10:42:49.059793 [PHY     ] [I] [    94.6] PUCCH: rnti=0x4605 format=2 prb=[7, 8) prb2=na symb=[6, 8) csi1=1111 sinr=7.5dB t=3.6us
2026-04-14T10:42:49.075093 [PHY     ] [I] [    96.0] PUCCH: rnti=0x4604 format=1 prb1=4 prb2=na symb=[0, 14) cs=0 occ=0 sr=no metric=-nan sinr=-infdB t=20.7us
2026-04-14T10:42:49.075603 [PHY     ] [I] [    96.1] PUCCH: rnti=0x4605 format=1 prb1=4 prb2=na symb=[0, 14) cs=0 occ=0 sr=no metric=-nan sinr=-infdB t=16.9us
2026-04-14T10:42:49.080785 [PHY     ] [I] [    96.6] PUCCH: rnti=0x4604 format=2 prb=[7, 8) prb2=na symb=[4, 6) csi1=1111 sinr=11.0dB t=19.6us
2026-04-14T10:42:49.080798 [PHY     ] [I] [    96.6] PUCCH: rnti=0x4605 format=2 prb=[7, 8) prb2=na symb=[6, 8) csi1=1111 sinr=7.5dB t=8.0us
2026-04-14T10:42:49.095534 [PHY     ] [I] [    98.0] PUCCH: rnti=0x4604 format=1 prb1=4 prb2=na symb=[0, 14) cs=0 occ=0 sr=no metric=-nan sinr=-infdB t=14.4us
2026-04-14T10:42:49.096592 [PHY     ] [I] [    98.1] PUCCH: rnti=0x4605 format=1 prb1=4 prb2=na symb=[0, 14) cs=0 occ=0 sr=no metric=-nan sinr=-infdB t=16.8us
2026-04-14T10:42:49.100478 [NGAP    ] [I] Rx PDU ue=0 ran_ue=0 amf_ue=1: DownlinkNASTransport
2026-04-14T10:42:49.100747 [RRC     ] [I] ue=0 c-rnti=0x4604: DCCH DL dlInformationTransfer
2026-04-14T10:42:49.100758 [PDCP    ] [I] ue=0 SRB1 DL: TX PDU. type=data pdu_len=62 sn=5 count=5 is_retx=false
2026-04-14T10:42:49.100768 [CU-CP-F1] [I] Tx PDU du=0 ue=0 cu_ue=0 du_ue=0: DLRRCMessageTransfer
2026-04-14T10:42:49.100778 [DU-F1   ] [I] Rx PDU du=0 ue=0 cu_ue=0 du_ue=0: DLRRCMessageTransfer
2026-04-14T10:42:49.100984 [RLC     ] [I] du=0 ue=0 SRB1 DL: TX SDU. sdu_len=62 pdcp_sn=5 is_retx=false queued_sdus=1 queued_bytes=62
2026-04-14T10:42:49.101930 [SCHED   ] [I] [    98.9] Slot decisions pci=1 t=23us (1 PDSCH, 0 PUSCHs, 0 PUCCHs): DL: ue=0 c-rnti=0x4604 h_id=0 ss_id=1 rb=[0..12) k1=4 newtx=true rv=0 tbs=69 ri=1 dl_bo=0
2026-04-14T10:42:49.101957 [RLC     ] [I] du=0 ue=0 SRB1 DL: TX PDU. dc=data p=1 si=full sn=5 pdu_len=64 grant_len=67
2026-04-14T10:42:49.101961 [MAC     ] [I] [    98.9] DL PDU: ue=0 rnti=0x4604 size=69: SDU: lcid=1 nof_sdus=1 total_size=66
2026-04-14T10:42:49.100774 [NGAP    ] [I] Rx PDU ue=0 ran_ue=0 amf_ue=1: DownlinkNASTransport
2026-04-14T10:42:49.102236 [RRC     ] [I] ue=0 c-rnti=0x4604: DCCH DL dlInformationTransfer
2026-04-14T10:42:49.102239 [PDCP    ] [I] ue=0 SRB1 DL: TX PDU. type=data pdu_len=20 sn=6 count=6 is_retx=false
2026-04-14T10:42:49.102264 [PHY     ] [I] [    98.6] PUCCH: rnti=0x4604 format=2 prb=[7, 8) prb2=na symb=[4, 6) csi1=1111 sinr=11.0dB t=21.7us
2026-04-14T10:42:49.102554 [CU-CP-F1] [I] Tx PDU du=0 ue=0 cu_ue=0 du_ue=0: DLRRCMessageTransfer
2026-04-14T10:42:49.102560 [DU-F1   ] [I] Rx PDU du=0 ue=0 cu_ue=0 du_ue=0: DLRRCMessageTransfer
2026-04-14T10:42:49.102564 [RLC     ] [I] du=0 ue=0 SRB1 DL: TX SDU. sdu_len=20 pdcp_sn=6 is_retx=false queued_sdus=1 queued_bytes=20
2026-04-14T10:42:49.102616 [PHY     ] [I] [    98.6] PUCCH: rnti=0x4605 format=2 prb=[7, 8) prb2=na symb=[6, 8) csi1=1111 sinr=7.5dB t=11.2us
2026-04-14T10:42:49.102899 [NGAP    ] [I] Rx PDU ue=1 ran_ue=1 amf_ue=2: DownlinkNASTransport
2026-04-14T10:42:49.102900 [PHY     ] [I] [    98.9] PDCCH: rnti=0x4604 ss_id=1 format=1_0 cce=0 al=4 t=19.6us
2026-04-14T10:42:49.102909 [RRC     ] [I] ue=1 c-rnti=0x4605: DCCH DL dlInformationTransfer
2026-04-14T10:42:49.102911 [PDCP    ] [I] ue=1 SRB1 DL: TX PDU. type=data pdu_len=28 sn=1 count=1 is_retx=false
2026-04-14T10:42:49.103018 [PHY     ] [I] [    98.9] PDSCH: rnti=0x4604 h_id=0 k1=4 prb=[0, 12) symb=[1, 14) mod=QPSK rv=0 tbs=69 t=25.9us
2026-04-14T10:42:49.103020 [CU-CP-F1] [I] Tx PDU du=0 ue=1 cu_ue=1 du_ue=1: DLRRCMessageTransfer
2026-04-14T10:42:49.103026 [DU-F1   ] [I] Rx PDU du=0 ue=1 cu_ue=1 du_ue=1: DLRRCMessageTransfer
2026-04-14T10:42:49.103030 [RLC     ] [I] du=0 ue=1 SRB1 DL: TX SDU. sdu_len=28 pdcp_sn=1 is_retx=false queued_sdus=1 queued_bytes=28
2026-04-14T10:42:49.103140 [SCHED   ] [I] [    99.0] Slot decisions pci=1 t=25us (2 PDSCHs, 0 PUSCHs, 0 PUCCHs): DL: ue=0 c-rnti=0x4604 h_id=1 ss_id=1 rb=[0..5) k1=4 newtx=true rv=0 tbs=28 ri=1 dl_bo=0, DL: ue=1 c-rnti=0x4605 h_id=1 ss_id=2 rb=[0..2) k1=4 newtx=true rv=0 tbs=169 ri=1 dl_bo=0
2026-04-14T10:42:49.103381 [RLC     ] [I] du=0 ue=0 SRB1 DL: TX PDU. dc=data p=1 si=full sn=6 pdu_len=22 grant_len=26
2026-04-14T10:42:49.103383 [MAC     ] [I] [    99.0] DL PDU: ue=0 rnti=0x4604 size=28: SDU: lcid=1 nof_sdus=1 total_size=24
2026-04-14T10:42:49.103427 [RLC     ] [I] du=0 ue=1 SRB1 DL: TX PDU. dc=data p=1 si=full sn=1 pdu_len=30 grant_len=30
2026-04-14T10:42:49.103428 [MAC     ] [I] [    99.0] DL PDU: ue=1 rnti=0x4605 size=169: SDU: lcid=1 nof_sdus=1 total_size=32
2026-04-14T10:42:49.103793 [PHY     ] [I] [    99.0] PDCCH: rnti=0x4604 ss_id=1 format=1_0 cce=0 al=4 t=24.9us
2026-04-14T10:42:49.103800 [PHY     ] [I] [    99.0] PDCCH: rnti=0x4605 ss_id=2 format=1_0 cce=4 al=2 t=5.3us
2026-04-14T10:42:49.104143 [PHY     ] [I] [    99.0] PDSCH: rnti=0x4604 h_id=1 k1=4 prb=[0, 5) symb=[1, 14) mod=QPSK rv=0 tbs=28 t=330.4us
2026-04-14T10:42:49.104156 [PHY     ] [I] [    99.0] PDSCH: rnti=0x4605 h_id=1 k1=4 prb=[0, 2) symb=[1, 14) mod=64QAM rv=0 tbs=169 t=12.0us
2026-04-14T10:42:49.109750 [PHY     ] [I] [    99.3] PUCCH: rnti=0x4604 format=1 prb1=0 prb2=na symb=[0, 14) cs=0 occ=0 ack=1 metric=474.2 sinr=12.5dB t=22.3us
2026-04-14T10:42:49.110305 [PHY     ] [I] [    99.4] PUCCH: rnti=0x4604 format=1 prb1=0 prb2=na symb=[0, 14) cs=0 occ=0 ack=1 metric=390.1 sinr=11.7dB t=17.4us
2026-04-14T10:42:49.110317 [PHY     ] [I] [    99.4] PUCCH: rnti=0x4605 format=1 prb1=2 prb2=na symb=[0, 14) cs=0 occ=0 ack=1 metric=440.5 sinr=12.2dB t=5.3us
2026-04-14T10:42:49.116591 [PHY     ] [I] [   100.0] PUCCH: rnti=0x4604 format=1 prb1=4 prb2=na symb=[0, 14) cs=0 occ=0 sr=yes metric=471.8 sinr=12.5dB t=10.6us
2026-04-14T10:42:49.117671 [PHY     ] [I] [   100.1] PUCCH: rnti=0x4605 format=1 prb1=4 prb2=na symb=[0, 14) cs=0 occ=0 sr=yes metric=472.1 sinr=12.5dB t=8.4us
2026-04-14T10:42:49.118486 [PHY     ] [I] [   100.4] PDCCH: rnti=0x4604 ss_id=1 format=0_0 cce=0 al=4 t=19.0us
2026-04-14T10:42:49.119782 [PHY     ] [I] [   100.5] PDCCH: rnti=0x4605 ss_id=2 format=0_0 cce=0 al=2 t=8.1us
2026-04-14T10:42:49.122161 [SCHED   ] [I] [   100.8] Slot decisions pci=1 t=9us (0 PDSCHs, 1 PUSCH, 0 PUCCHs): UL: ue=0 rnti=0x4604 h_id=0 ss_id=1 rb=[8..29) newtx=true rv=0 tbs=512 k2=4
2026-04-14T10:42:49.122843 [SCHED   ] [I] [   100.9] Slot decisions pci=1 t=7us (0 PDSCHs, 1 PUSCH, 0 PUCCHs): UL: ue=1 rnti=0x4605 h_id=0 ss_id=2 rb=[0..17) newtx=true rv=0 tbs=528 k2=4
2026-04-14T10:42:49.123115 [PHY     ] [I] [   100.6] PUCCH: rnti=0x4604 format=2 prb=[7, 8) prb2=na symb=[4, 6) csi1=1111 sinr=11.0dB t=30.0us
2026-04-14T10:42:49.123128 [PHY     ] [I] [   100.6] PUCCH: rnti=0x4605 format=2 prb=[7, 8) prb2=na symb=[6, 8) csi1=1111 sinr=7.5dB t=6.5us
2026-04-14T10:42:49.125497 [PHY     ] [I] [   100.8] PUSCH: rnti=0x4604 h_id=0 prb=[8, 29) symb=[0, 14) mod=16QAM rv=0 tbs=512 crc=OK iter=4.0 sinr=3.3dB t=210.7us uci_t=0.0us ret_t=0.0us
2026-04-14T10:42:49.125707 [MAC     ] [I] [   101.1] UL rnti=0x4604 ue=0 subPDUs: [lcid=1: len=3, lcid=1: len=21, SBSR: lcg=0 bs=4, PAD: len=481]
2026-04-14T10:42:49.125711 [RLC     ] [I] du=0 ue=0 SRB1 UL: RX status PDU. ack_sn=7 n_nack=0
2026-04-14T10:42:49.125726 [RLC     ] [I] du=0 ue=0 SRB1 DL: Handled status report. t=7us ack_sn=7 n_nack=0
2026-04-14T10:42:49.125864 [RLC     ] [I] du=0 ue=0 SRB1 UL: RX PDU. pdu_len=21 dc=data p=1 si=full sn=7
2026-04-14T10:42:49.125866 [RLC     ] [I] du=0 ue=0 SRB1 UL: RX SDU. sn=7 sdu_len=19
2026-04-14T10:42:49.126100 [DU-F1   ] [I] Tx PDU du=0 ue=0 cu_ue=0 du_ue=0: ULRRCMessageTransfer
2026-04-14T10:42:49.126108 [CU-CP-F1] [I] Rx PDU du=0 ue=0 cu_ue=0 du_ue=0: ULRRCMessageTransfer
2026-04-14T10:42:49.126151 [PDCP    ] [I] ue=0 SRB1 UL: RX PDU. type=data pdu_len=19 sn=7 count=7
2026-04-14T10:42:49.126226 [PDCP    ] [I] ue=0 SRB1 UL: RX SDU. count=7
2026-04-14T10:42:49.126235 [RRC     ] [I] ue=0 c-rnti=0x4604: DCCH UL ulInformationTransfer
2026-04-14T10:42:49.126254 [NGAP    ] [I] Tx PDU ue=0 ran_ue=0 amf_ue=1: UplinkNASTransport
2026-04-14T10:42:49.126337 [PHY     ] [I] [   100.9] PUSCH: rnti=0x4605 h_id=0 prb=[0, 17) symb=[0, 14) mod=16QAM rv=0 tbs=528 crc=OK iter=4.0 sinr=4.7dB t=130.3us uci_t=0.0us ret_t=0.0us
2026-04-14T10:42:49.126413 [MAC     ] [I] [   101.2] UL rnti=0x4605 ue=1 subPDUs: [lcid=1: len=3, lcid=1: len=67, SBSR: lcg=0 bs=7, PAD: len=451]
2026-04-14T10:42:49.126416 [RLC     ] [I] du=0 ue=1 SRB1 UL: RX status PDU. ack_sn=2 n_nack=0
2026-04-14T10:42:49.126438 [RLC     ] [I] du=0 ue=1 SRB1 DL: Handled status report. t=3us ack_sn=2 n_nack=0
2026-04-14T10:42:49.126444 [RLC     ] [I] du=0 ue=1 SRB1 UL: RX PDU. pdu_len=67 dc=data p=1 si=full sn=2
2026-04-14T10:42:49.126446 [RLC     ] [I] du=0 ue=1 SRB1 UL: RX SDU. sn=2 sdu_len=65
2026-04-14T10:42:49.126499 [DU-F1   ] [I] Tx PDU du=0 ue=1 cu_ue=1 du_ue=1: ULRRCMessageTransfer
2026-04-14T10:42:49.126568 [CU-CP-F1] [I] Rx PDU du=0 ue=1 cu_ue=1 du_ue=1: ULRRCMessageTransfer
2026-04-14T10:42:49.126575 [PDCP    ] [I] ue=1 SRB1 UL: RX PDU. type=data pdu_len=65 sn=2 count=2
2026-04-14T10:42:49.126577 [PDCP    ] [I] ue=1 SRB1 UL: RX SDU. count=2
2026-04-14T10:42:49.126695 [RRC     ] [I] ue=1 c-rnti=0x4605: DCCH UL ulInformationTransfer
2026-04-14T10:42:49.126703 [NGAP    ] [I] Tx PDU ue=1 ran_ue=1 amf_ue=2: UplinkNASTransport
2026-04-14T10:42:49.127123 [PHY     ] [I] [   101.2] PDCCH: rnti=0x4604 ss_id=1 format=0_0 cce=0 al=4 t=31.8us
2026-04-14T10:42:49.127215 [SCHED   ] [I] [   101.3] Slot decisions pci=1 t=24us (1 PDSCH, 0 PUSCHs, 0 PUCCHs): DL: ue=1 c-rnti=0x4605 h_id=1 ss_id=2 rb=[0..2) k1=4 newtx=true rv=0 tbs=153 ri=1 dl_bo=0
2026-04-14T10:42:49.127242 [RLC     ] [I] du=0 ue=1 SRB1 DL: TX status PDU. pdu_len=3 grant_len=4
2026-04-14T10:42:49.127245 [MAC     ] [I] [   101.3] DL PDU: ue=1 rnti=0x4605 size=153: SDU: lcid=1 nof_sdus=1 total_size=5
2026-04-14T10:42:49.128486 [PHY     ] [I] [   101.3] PDCCH: rnti=0x4605 ss_id=2 format=1_0 cce=0 al=2 t=12.2us
2026-04-14T10:42:49.128497 [PHY     ] [I] [   101.3] PDCCH: rnti=0x4605 ss_id=2 format=0_0 cce=4 al=2 t=5.2us
2026-04-14T10:42:49.128522 [PHY     ] [I] [   101.3] PDSCH: rnti=0x4605 h_id=1 k1=4 prb=[0, 2) symb=[1, 14) mod=64QAM rv=0 tbs=153 t=22.2us
2026-04-14T10:42:49.128611 [SCHED   ] [I] [   101.4] Slot decisions pci=1 t=14us (1 PDSCH, 0 PUSCHs, 0 PUCCHs): DL: ue=0 c-rnti=0x4604 h_id=1 ss_id=1 rb=[0..2) k1=4 newtx=true rv=0 tbs=11 ri=1 dl_bo=0
2026-04-14T10:42:49.128631 [RLC     ] [I] du=0 ue=0 SRB1 DL: TX status PDU. pdu_len=3 grant_len=9
2026-04-14T10:42:49.128635 [MAC     ] [I] [   101.4] DL PDU: ue=0 rnti=0x4604 size=11: SDU: lcid=1 nof_sdus=1 total_size=5
2026-04-14T10:42:49.129136 [PHY     ] [I] [   101.4] PDCCH: rnti=0x4604 ss_id=1 format=1_0 cce=0 al=4 t=17.5us
2026-04-14T10:42:49.129178 [PHY     ] [I] [   101.4] PDSCH: rnti=0x4604 h_id=1 k1=4 prb=[0, 2) symb=[1, 14) mod=QPSK rv=0 tbs=11 t=40.4us
2026-04-14T10:42:49.130526 [SCHED   ] [I] [   101.6] Slot decisions pci=1 t=7us (0 PDSCHs, 1 PUSCH, 0 PUCCHs): UL: ue=0 rnti=0x4604 h_id=0 ss_id=1 rb=[8..10) newtx=true rv=0 tbs=34 k2=4
2026-04-14T10:42:49.131276 [SCHED   ] [I] [   101.7] Slot decisions pci=1 t=7us (0 PDSCHs, 1 PUSCH, 0 PUCCHs): UL: ue=1 rnti=0x4605 h_id=0 ss_id=2 rb=[4..8) newtx=true rv=0 tbs=88 k2=4
2026-04-14T10:42:49.134042 [PHY     ] [I] [   101.6] PUSCH: rnti=0x4604 h_id=0 prb=[8, 10) symb=[0, 14) mod=QPSK rv=0 tbs=34 crc=OK iter=2.0 sinr=5.6dB t=535.0us uci_t=0.0us ret_t=0.0us
2026-04-14T10:42:49.134235 [MAC     ] [I] [   101.9] UL rnti=0x4604 ue=0 subPDUs: [SBSR: lcg=0 bs=0, PAD: len=31]
2026-04-14T10:42:49.134833 [PHY     ] [I] [   101.7] PUSCH: rnti=0x4605 h_id=0 prb=[4, 8) symb=[0, 14) mod=QPSK rv=0 tbs=88 crc=OK iter=2.0 ack=1 sinr=6.0dB t=46.3us uci_t=27.7us ret_t=0.0us
2026-04-14T10:42:49.134845 [MAC     ] [I] [   102.0] UL rnti=0x4605 ue=1 subPDUs: [SBSR: lcg=0 bs=0, PAD: len=85]
2026-04-14T10:42:49.135753 [PHY     ] [I] [   101.8] PUCCH: rnti=0x4604 format=1 prb1=0 prb2=na symb=[0, 14) cs=0 occ=0 ack=1 metric=474.1 sinr=12.5dB t=26.6us
2026-04-14T10:42:49.138959 [PHY     ] [I] [   102.0] PUCCH: rnti=0x4604 format=1 prb1=4 prb2=na symb=[0, 14) cs=0 occ=0 sr=no metric=-nan sinr=-infdB t=76.6us
2026-04-14T10:42:49.140006 [PHY     ] [I] [   102.1] PUCCH: rnti=0x4605 format=1 prb1=4 prb2=na symb=[0, 14) cs=0 occ=0 sr=no metric=-nan sinr=-infdB t=52.4us
2026-04-14T10:42:49.144569 [PHY     ] [I] [   102.6] PUCCH: rnti=0x4604 format=2 prb=[7, 8) prb2=na symb=[4, 6) csi1=1111 sinr=11.0dB t=18.9us
2026-04-14T10:42:49.144578 [PHY     ] [I] [   102.6] PUCCH: rnti=0x4605 format=2 prb=[7, 8) prb2=na symb=[6, 8) csi1=1111 sinr=7.5dB t=3.7us
2026-04-14T10:42:49.159109 [PHY     ] [I] [   104.0] PUCCH: rnti=0x4604 format=1 prb1=4 prb2=na symb=[0, 14) cs=0 occ=0 sr=no metric=-nan sinr=-infdB t=17.6us
2026-04-14T10:42:49.159925 [PHY     ] [I] [   104.1] PUCCH: rnti=0x4605 format=1 prb1=4 prb2=na symb=[0, 14) cs=0 occ=0 sr=no metric=-nan sinr=-infdB t=21.2us
2026-04-14T10:42:49.165104 [PHY     ] [I] [   104.6] PUCCH: rnti=0x4604 format=2 prb=[7, 8) prb2=na symb=[4, 6) csi1=1111 sinr=11.0dB t=50.4us
2026-04-14T10:42:49.165120 [PHY     ] [I] [   104.6] PUCCH: rnti=0x4605 format=2 prb=[7, 8) prb2=na symb=[6, 8) csi1=1111 sinr=7.5dB t=5.2us
2026-04-14T10:42:49.180401 [PHY     ] [I] [   106.0] PUCCH: rnti=0x4604 format=1 prb1=4 prb2=na symb=[0, 14) cs=0 occ=0 sr=no metric=-nan sinr=-infdB t=22.1us
2026-04-14T10:42:49.181032 [PHY     ] [I] [   106.1] PUCCH: rnti=0x4605 format=1 prb1=4 prb2=na symb=[0, 14) cs=0 occ=0 sr=no metric=-nan sinr=-infdB t=19.0us
2026-04-14T10:42:49.186344 [PHY     ] [I] [   106.6] PUCCH: rnti=0x4604 format=2 prb=[7, 8) prb2=na symb=[4, 6) csi1=1111 sinr=11.0dB t=31.7us
2026-04-14T10:42:49.186354 [PHY     ] [I] [   106.6] PUCCH: rnti=0x4605 format=2 prb=[7, 8) prb2=na symb=[6, 8) csi1=1111 sinr=7.5dB t=3.4us
2026-04-14T10:42:49.201083 [PHY     ] [I] [   108.0] PUCCH: rnti=0x4604 format=1 prb1=4 prb2=na symb=[0, 14) cs=0 occ=0 sr=no metric=-nan sinr=-infdB t=18.5us
2026-04-14T10:42:49.202031 [PHY     ] [I] [   108.1] PUCCH: rnti=0x4605 format=1 prb1=4 prb2=na symb=[0, 14) cs=0 occ=0 sr=no metric=-nan sinr=-infdB t=11.3us
2026-04-14T10:42:49.207369 [PHY     ] [I] [   108.6] PUCCH: rnti=0x4604 format=2 prb=[7, 8) prb2=na symb=[4, 6) csi1=1111 sinr=11.0dB t=30.9us
2026-04-14T10:42:49.207381 [PHY     ] [I] [   108.6] PUCCH: rnti=0x4605 format=2 prb=[7, 8) prb2=na symb=[6, 8) csi1=1111 sinr=7.5dB t=3.5us
2026-04-14T10:42:49.222124 [PHY     ] [I] [   110.0] PUCCH: rnti=0x4604 format=1 prb1=4 prb2=na symb=[0, 14) cs=0 occ=0 sr=no metric=-nan sinr=-infdB t=18.5us
2026-04-14T10:42:49.223098 [PHY     ] [I] [   110.1] PUCCH: rnti=0x4605 format=1 prb1=4 prb2=na symb=[0, 14) cs=0 occ=0 sr=no metric=-nan sinr=-infdB t=11.2us
2026-04-14T10:42:49.228401 [PHY     ] [I] [   110.6] PUCCH: rnti=0x4604 format=2 prb=[7, 8) prb2=na symb=[4, 6) csi1=1111 sinr=11.0dB t=31.1us
2026-04-14T10:42:49.228414 [PHY     ] [I] [   110.6] PUCCH: rnti=0x4605 format=2 prb=[7, 8) prb2=na symb=[6, 8) csi1=1111 sinr=7.5dB t=3.0us
2026-04-14T10:42:49.244275 [PHY     ] [I] [   112.0] PUCCH: rnti=0x4604 format=1 prb1=4 prb2=na symb=[0, 14) cs=0 occ=0 sr=no metric=-nan sinr=-infdB t=24.5us
2026-04-14T10:42:49.245381 [PHY     ] [I] [   112.1] PUCCH: rnti=0x4605 format=1 prb1=4 prb2=na symb=[0, 14) cs=0 occ=0 sr=no metric=-nan sinr=-infdB t=77.9us
2026-04-14T10:42:49.249647 [PHY     ] [I] [   112.6] PUCCH: rnti=0x4604 format=2 prb=[7, 8) prb2=na symb=[4, 6) csi1=1111 sinr=11.0dB t=86.1us
2026-04-14T10:42:49.249659 [PHY     ] [I] [   112.6] PUCCH: rnti=0x4605 format=2 prb=[7, 8) prb2=na symb=[6, 8) csi1=1111 sinr=7.5dB t=2.9us
2026-04-14T10:42:49.262224 [NGAP    ] [I] Rx PDU ue=1 ran_ue=1 amf_ue=2: InitialContextSetupRequest
2026-04-14T10:42:49.262453 [CU-CP   ] [I] ue=1: "Initial Context Setup Routine" initialized
2026-04-14T10:42:49.262467 [SEC     ] [I] K_gNB: 
	94 76 31 26 36 25 66 44 9b 80 49 98 0f 3a e2 94
	17 f9 40 18 8a a2 b2 d2 3c d4 67 2d 33 ef f1 fc
2026-04-14T10:42:49.262470 [SEC     ] [I] RRC Integrity Key: 
	21 9b 36 8d ce 06 84 78 f0 a3 b9 64 a8 9a 69 b8
	0b d2 53 70 e0 7f 36 b1 ec 39 19 8a ef 19 09 0a
2026-04-14T10:42:49.262597 [SEC     ] [I] RRC Encryption Key: 
	7b e2 6a f6 2c fb b9 b4 16 7c ce 23 58 85 81 99
	46 7d e4 51 dc 19 db bb ab dc 83 a6 47 57 6c be
2026-04-14T10:42:49.262598 [SEC     ] [I] UP Integrity Key: 
	ba 34 1b 92 71 8e 04 c9 ae 9e fd 14 2f cb 13 e1
	fb 77 a4 0c 91 00 db 71 4e 44 22 87 d4 1c 6f f0
2026-04-14T10:42:49.262605 [SEC     ] [I] UP Encryption Key: 
	d2 73 64 93 e9 63 b2 4c e9 52 b9 2b 7f 4f 0a c6
	d3 a6 16 c4 53 be 76 12 e8 91 1d 33 28 60 36 40
2026-04-14T10:42:49.262617 [PDCP    ] [I] ue=1 SRB1 UL: Security configured: NIA2 (on) NEA0 (off) domain=RRC
2026-04-14T10:42:49.262620 [PDCP    ] [I] ue=1 SRB1 UL: 128 K_int: 
	0b d2 53 70 e0 7f 36 b1 ec 39 19 8a ef 19 09 0a
2026-04-14T10:42:49.262621 [PDCP    ] [I] ue=1 SRB1 UL: 128 K_enc: 
	46 7d e4 51 dc 19 db bb ab dc 83 a6 47 57 6c be
2026-04-14T10:42:49.262634 [PDCP    ] [I] ue=1 SRB1 DL: Security configured: NIA2 (on) NEA0 (off) domain=RRC
2026-04-14T10:42:49.262634 [PDCP    ] [I] ue=1 SRB1 DL: 128 K_int: 
	0b d2 53 70 e0 7f 36 b1 ec 39 19 8a ef 19 09 0a
2026-04-14T10:42:49.262847 [PDCP    ] [I] ue=1 SRB1 DL: 128 K_enc: 
	46 7d e4 51 dc 19 db bb ab dc 83 a6 47 57 6c be
2026-04-14T10:42:49.262866 [PDCP    ] [I] ue=1 SRB1 DL: TX PDU. type=data pdu_len=9 sn=2 count=2 is_retx=false
2026-04-14T10:42:49.262874 [RRC     ] [I] ue=1 c-rnti=0x4605: DCCH DL securityModeCommand
2026-04-14T10:42:49.262902 [CU-CP-F1] [I] Tx PDU du=0 ue=1 cu_ue=1 du_ue=1: UEContextSetupRequest
2026-04-14T10:42:49.264295 [PHY     ] [I] [   114.0] PUCCH: rnti=0x4604 format=1 prb1=4 prb2=na symb=[0, 14) cs=0 occ=0 sr=no metric=-nan sinr=-infdB t=33.8us
2026-04-14T10:42:49.265226 [PHY     ] [I] [   114.1] PUCCH: rnti=0x4605 format=1 prb1=4 prb2=na symb=[0, 14) cs=0 occ=0 sr=no metric=-nan sinr=-infdB t=17.3us
2026-04-14T10:42:49.265883 [DU-F1   ] [I] Rx PDU du=0 ue=1 cu_ue=1 du_ue=1: UEContextSetupRequest
2026-04-14T10:42:49.265895 [DU-MNG  ] [I] ue=1 rnti=0x4605 proc="UE Configuration": Procedure started....
2026-04-14T10:42:49.266255 [MAC     ] [I] [   114.5] ue=1 crnti=0x4605 proc="Sched UE Config": successfully finished
2026-04-14T10:42:49.266258 [MAC     ] [I] [   114.5] ue=1 crnti=0x4605 proc="MAC UE Reconfiguration": finished successfully
2026-04-14T10:42:49.266261 [DU-MNG  ] [I] ue=1 rnti=0x4605 proc="UE Configuration": Procedure finished successfully.
2026-04-14T10:42:49.266361 [RLC     ] [I] du=0 ue=1 SRB1 DL: TX SDU. sdu_len=9 pdcp_sn=2 is_retx=false queued_sdus=1 queued_bytes=9
2026-04-14T10:42:49.267306 [SCHED   ] [I] [   114.6] Slot decisions pci=1 t=21us (1 PDSCH, 0 PUSCHs, 2 PUCCHs): DL: ue=1 c-rnti=0x4605 h_id=1 ss_id=1 rb=[0..3) k1=4 newtx=true rv=0 tbs=16 ri=1 dl_bo=0
2026-04-14T10:42:49.267774 [DU-F1   ] [I] Tx PDU du=0 ue=1 cu_ue=1 du_ue=1: UEContextSetupResponse
2026-04-14T10:42:49.267776 [RLC     ] [I] du=0 ue=1 SRB1 DL: TX PDU. dc=data p=1 si=full sn=2 pdu_len=11 grant_len=14
2026-04-14T10:42:49.267782 [MAC     ] [I] [   114.6] DL PDU: ue=1 rnti=0x4605 size=16: SDU: lcid=1 nof_sdus=1 total_size=13
2026-04-14T10:42:49.268323 [PHY     ] [I] [   114.6] PDCCH: rnti=0x4605 ss_id=1 format=1_0 cce=0 al=4 t=38.8us
2026-04-14T10:42:49.268351 [PHY     ] [I] [   114.6] PDSCH: rnti=0x4605 h_id=1 k1=4 prb=[0, 3) symb=[1, 14) mod=QPSK rv=0 tbs=16 t=23.0us
2026-04-14T10:42:49.269432 [CU-CP-F1] [I] Rx PDU du=0 ue=1 cu_ue=1 du_ue=1: UEContextSetupResponse
2026-04-14T10:42:49.270578 [PHY     ] [I] [   114.6] PUCCH: rnti=0x4604 format=2 prb=[7, 8) prb2=na symb=[4, 6) csi1=1111 sinr=11.0dB t=28.9us
2026-04-14T10:42:49.270588 [PHY     ] [I] [   114.6] PUCCH: rnti=0x4605 format=2 prb=[7, 8) prb2=na symb=[6, 8) csi1=1111 sinr=7.5dB t=4.0us
2026-04-14T10:42:49.274826 [PHY     ] [I] [   115.0] PUCCH: rnti=0x4605 format=1 prb1=2 prb2=na symb=[0, 14) cs=0 occ=0 ack=1 metric=476.1 sinr=12.5dB t=17.1us
2026-04-14T10:42:49.285547 [PHY     ] [I] [   116.0] PUCCH: rnti=0x4604 format=1 prb1=4 prb2=na symb=[0, 14) cs=0 occ=0 sr=no metric=-nan sinr=-infdB t=44.5us
2026-04-14T10:42:49.286621 [PHY     ] [I] [   116.1] PUCCH: rnti=0x4605 format=1 prb1=4 prb2=na symb=[0, 14) cs=0 occ=0 sr=yes metric=472.2 sinr=12.5dB t=13.5us
2026-04-14T10:42:49.288454 [PHY     ] [I] [   116.5] PDCCH: rnti=0x4605 ss_id=1 format=0_0 cce=0 al=4 t=33.9us
2026-04-14T10:42:49.291396 [SCHED   ] [I] [   116.9] Slot decisions pci=1 t=3us (0 PDSCHs, 1 PUSCH, 0 PUCCHs): UL: ue=1 rnti=0x4605 h_id=0 ss_id=1 rb=[8..29) newtx=true rv=0 tbs=512 k2=4
2026-04-14T10:42:49.291517 [PHY     ] [I] [   116.6] PUCCH: rnti=0x4604 format=2 prb=[7, 8) prb2=na symb=[4, 6) csi1=1111 sinr=11.0dB t=51.7us
2026-04-14T10:42:49.291548 [PHY     ] [I] [   116.6] PUCCH: rnti=0x4605 format=2 prb=[7, 8) prb2=na symb=[6, 8) csi1=1111 sinr=7.5dB t=21.9us
2026-04-14T10:42:49.294989 [PHY     ] [I] [   116.9] PUSCH: rnti=0x4605 h_id=0 prb=[8, 29) symb=[0, 14) mod=16QAM rv=0 tbs=512 crc=OK iter=4.0 sinr=3.7dB t=159.9us uci_t=0.0us ret_t=0.0us
2026-04-14T10:42:49.295368 [MAC     ] [I] [   117.2] UL rnti=0x4605 ue=1 subPDUs: [lcid=1: len=3, lcid=1: len=10, SBSR: lcg=0 bs=2, PAD: len=492]
2026-04-14T10:42:49.295383 [RLC     ] [I] du=0 ue=1 SRB1 UL: RX status PDU. ack_sn=3 n_nack=0
2026-04-14T10:42:49.295411 [RLC     ] [I] du=0 ue=1 SRB1 DL: Handled status report. t=7us ack_sn=3 n_nack=0
2026-04-14T10:42:49.295420 [RLC     ] [I] du=0 ue=1 SRB1 UL: RX PDU. pdu_len=10 dc=data p=1 si=full sn=3
2026-04-14T10:42:49.295423 [RLC     ] [I] du=0 ue=1 SRB1 UL: RX SDU. sn=3 sdu_len=8
2026-04-14T10:42:49.295447 [DU-F1   ] [I] Tx PDU du=0 ue=1 cu_ue=1 du_ue=1: ULRRCMessageTransfer
2026-04-14T10:42:49.295454 [CU-CP-F1] [I] Rx PDU du=0 ue=1 cu_ue=1 du_ue=1: ULRRCMessageTransfer
2026-04-14T10:42:49.295825 [PDCP    ] [I] ue=1 SRB1 UL: RX PDU. type=data pdu_len=8 sn=3 count=3
2026-04-14T10:42:49.295833 [PDCP    ] [I] ue=1 SRB1 UL: RX SDU. count=3
2026-04-14T10:42:49.295843 [RRC     ] [I] ue=1 c-rnti=0x4605: DCCH UL securityModeComplete
2026-04-14T10:42:49.295871 [PDCP    ] [I] ue=1 SRB1 UL: Security configured: NIA2 (on) NEA0 (on) domain=RRC
2026-04-14T10:42:49.295871 [PDCP    ] [I] ue=1 SRB1 UL: 128 K_int: 
	0b d2 53 70 e0 7f 36 b1 ec 39 19 8a ef 19 09 0a
2026-04-14T10:42:49.295872 [PDCP    ] [I] ue=1 SRB1 UL: 128 K_enc: 
	46 7d e4 51 dc 19 db bb ab dc 83 a6 47 57 6c be
2026-04-14T10:42:49.295876 [PDCP    ] [I] ue=1 SRB1 DL: Security configured: NIA2 (on) NEA0 (on) domain=RRC
2026-04-14T10:42:49.296177 [PDCP    ] [I] ue=1 SRB1 DL: 128 K_int: 
	0b d2 53 70 e0 7f 36 b1 ec 39 19 8a ef 19 09 0a
2026-04-14T10:42:49.296177 [PDCP    ] [I] ue=1 SRB1 DL: 128 K_enc: 
	46 7d e4 51 dc 19 db bb ab dc 83 a6 47 57 6c be
2026-04-14T10:42:49.296192 [RRC     ] [I] ue=1 c-rnti=0x4605: DCCH DL ueCapabilityEnquiry
2026-04-14T10:42:49.296196 [PDCP    ] [I] ue=1 SRB1 DL: TX PDU. type=data pdu_len=14 sn=3 count=3 is_retx=false
2026-04-14T10:42:49.296203 [CU-CP-F1] [I] Tx PDU du=0 ue=1 cu_ue=1 du_ue=1: DLRRCMessageTransfer
2026-04-14T10:42:49.296217 [DU-F1   ] [I] Rx PDU du=0 ue=1 cu_ue=1 du_ue=1: DLRRCMessageTransfer
2026-04-14T10:42:49.296223 [RLC     ] [I] du=0 ue=1 SRB1 DL: TX SDU. sdu_len=14 pdcp_sn=3 is_retx=false queued_sdus=1 queued_bytes=14
2026-04-14T10:42:49.296471 [PHY     ] [I] [   117.3] PDCCH: rnti=0x4605 ss_id=1 format=0_0 cce=0 al=4 t=20.3us
2026-04-14T10:42:49.296576 [SCHED   ] [I] [   117.4] Slot decisions pci=1 t=14us (1 PDSCH, 0 PUSCHs, 0 PUCCHs): DL: ue=1 c-rnti=0x4605 h_id=1 ss_id=1 rb=[0..2) k1=4 newtx=true rv=0 tbs=11 ri=1 dl_bo=0
2026-04-14T10:42:49.296592 [RLC     ] [I] du=0 ue=1 SRB1 DL: TX status PDU. pdu_len=3 grant_len=9
2026-04-14T10:42:49.296899 [RLC     ] [I] du=0 ue=1 SRB1 DL: TX PDU. dc=data p=0 si=first sn=3 pdu_len=4 grant_len=4
2026-04-14T10:42:49.296902 [MAC     ] [I] [   117.4] DL PDU: ue=1 rnti=0x4605 size=11: SDU: lcid=1 nof_sdus=2 total_size=11
2026-04-14T10:42:49.297383 [PHY     ] [I] [   117.4] PDCCH: rnti=0x4605 ss_id=1 format=1_0 cce=0 al=4 t=16.0us
2026-04-14T10:42:49.297425 [PHY     ] [I] [   117.4] PDSCH: rnti=0x4605 h_id=1 k1=4 prb=[0, 2) symb=[1, 14) mod=QPSK rv=0 tbs=11 t=35.8us
2026-04-14T10:42:49.297505 [SCHED   ] [I] [   117.5] Slot decisions pci=1 t=7us (1 PDSCH, 0 PUSCHs, 0 PUCCHs): DL: ue=1 c-rnti=0x4605 h_id=0 ss_id=1 rb=[0..3) k1=4 newtx=true rv=0 tbs=16 ri=1 dl_bo=0
2026-04-14T10:42:49.297514 [RLC     ] [I] du=0 ue=1 SRB1 DL: TX PDU. dc=data p=0 si=mid sn=3 so=2 pdu_len=14 grant_len=14
2026-04-14T10:42:49.297515 [MAC     ] [I] [   117.5] DL PDU: ue=1 rnti=0x4605 size=16: SDU: lcid=1 nof_sdus=1 total_size=16
2026-04-14T10:42:49.298553 [PHY     ] [I] [   117.5] PDCCH: rnti=0x4605 ss_id=1 format=1_0 cce=0 al=4 t=13.5us
2026-04-14T10:42:49.298579 [PHY     ] [I] [   117.5] PDSCH: rnti=0x4605 h_id=0 k1=4 prb=[0, 3) symb=[1, 14) mod=QPSK rv=0 tbs=16 t=24.4us
2026-04-14T10:42:49.298673 [SCHED   ] [I] [   117.6] Slot decisions pci=1 t=19us (1 PDSCH, 0 PUSCHs, 0 PUCCHs): DL: ue=1 c-rnti=0x4605 h_id=2 ss_id=1 rb=[0..2) k1=4 newtx=true rv=0 tbs=11 ri=1 dl_bo=0
2026-04-14T10:42:49.298693 [RLC     ] [I] du=0 ue=1 SRB1 DL: TX PDU. dc=data p=1 si=last sn=3 so=12 pdu_len=6 grant_len=9
2026-04-14T10:42:49.298696 [MAC     ] [I] [   117.6] DL PDU: ue=1 rnti=0x4605 size=11: SDU: lcid=1 nof_sdus=1 total_size=8
2026-04-14T10:42:49.299456 [PHY     ] [I] [   117.6] PDCCH: rnti=0x4605 ss_id=1 format=1_0 cce=0 al=4 t=14.0us
2026-04-14T10:42:49.299479 [PHY     ] [I] [   117.6] PDSCH: rnti=0x4605 h_id=2 k1=4 prb=[0, 2) symb=[1, 14) mod=QPSK rv=0 tbs=11 t=9.0us
2026-04-14T10:42:49.300238 [SCHED   ] [I] [   117.7] Slot decisions pci=1 t=6us (1 PDSCH, 1 PUSCH, 0 PUCCHs): DL: ue=1 c-rnti=0x4605 h_id=3 ss_id=1 rb=[0..2) k1=4 newtx=true rv=0 tbs=11 ri=1 dl_bo=0, UL: ue=1 rnti=0x4605 h_id=0 ss_id=1 rb=[8..9) newtx=true rv=0 tbs=19 k2=4
2026-04-14T10:42:49.300266 [MAC     ] [I] [   117.7] ue=1 rnti=0x4605 lcid=1: Skipping MAC SDU encoding. Cause: RLC could not encode any SDU
2026-04-14T10:42:49.300268 [MAC     ] [I] [   117.7] DL PDU: ue=1 rnti=0x4605 size=11: 
2026-04-14T10:42:49.300622 [PHY     ] [I] [   117.7] PDCCH: rnti=0x4605 ss_id=1 format=1_0 cce=0 al=4 t=13.5us
2026-04-14T10:42:49.300634 [PHY     ] [I] [   117.7] PDSCH: rnti=0x4605 h_id=3 k1=4 prb=[0, 2) symb=[1, 14) mod=QPSK rv=0 tbs=11 t=9.4us
2026-04-14T10:42:49.302819 [PHY     ] [I] [   117.7] PUSCH: rnti=0x4605 h_id=0 prb=[8, 9) symb=[0, 14) mod=QPSK rv=0 tbs=19 crc=OK iter=1.0 sinr=6.0dB t=48.4us uci_t=0.0us ret_t=0.0us
2026-04-14T10:42:49.302943 [MAC     ] [I] [   118.0] UL rnti=0x4605 ue=1 subPDUs: [SBSR: lcg=0 bs=0, PAD: len=16]
2026-04-14T10:42:49.303805 [PHY     ] [I] [   117.8] PUCCH: rnti=0x4605 format=1 prb1=2 prb2=na symb=[0, 14) cs=0 occ=0 ack=1 metric=476.0 sinr=12.5dB t=18.1us
2026-04-14T10:42:49.304808 [PHY     ] [I] [   117.9] PUCCH: rnti=0x4605 format=1 prb1=2 prb2=na symb=[0, 14) cs=0 occ=0 ack=1 metric=475.1 sinr=12.5dB t=10.3us
2026-04-14T10:42:49.305826 [PHY     ] [I] [   118.0] PUCCH: rnti=0x4604 format=1 prb1=4 prb2=na symb=[0, 14) cs=0 occ=0 sr=no metric=0.4 sinr=-15.1dB t=9.8us
2026-04-14T10:42:49.305931 [PHY     ] [I] [   118.0] PUCCH: rnti=0x4605 format=1 prb1=2 prb2=na symb=[0, 14) cs=0 occ=0 ack=1 metric=476.1 sinr=12.5dB t=10.0us
2026-04-14T10:42:49.306808 [PHY     ] [I] [   118.1] PUCCH: rnti=0x4605 format=1 prb1=4 prb2=na symb=[0, 14) cs=0 occ=0 ack=2 metric=0.4 sinr=-15.1dB t=7.9us
2026-04-14T10:42:49.306825 [PHY     ] [I] [   118.1] PUCCH: rnti=0x4605 format=1 prb1=2 prb2=na symb=[0, 14) cs=0 occ=0 ack=1 metric=474.7 sinr=12.5dB t=5.2us
2026-04-14T10:42:49.311915 [PHY     ] [I] [   118.6] PUCCH: rnti=0x4604 format=2 prb=[7, 8) prb2=na symb=[4, 6) csi1=1111 sinr=11.0dB t=25.0us
2026-04-14T10:42:49.312122 [PHY     ] [I] [   118.6] PUCCH: rnti=0x4605 format=2 prb=[7, 8) prb2=na symb=[6, 8) csi1=1111 sinr=7.5dB t=3.4us
2026-04-14T10:42:49.326359 [PHY     ] [I] [   120.0] PUCCH: rnti=0x4604 format=1 prb1=4 prb2=na symb=[0, 14) cs=0 occ=0 sr=no metric=-nan sinr=-infdB t=14.0us
2026-04-14T10:42:49.327477 [PHY     ] [I] [   120.1] PUCCH: rnti=0x4605 format=1 prb1=4 prb2=na symb=[0, 14) cs=0 occ=0 sr=yes metric=472.2 sinr=12.5dB t=9.3us
2026-04-14T10:42:49.329471 [PHY     ] [I] [   120.5] PDCCH: rnti=0x4605 ss_id=1 format=0_0 cce=0 al=4 t=21.1us
2026-04-14T10:42:49.332475 [SCHED   ] [I] [   120.9] Slot decisions pci=1 t=6us (0 PDSCHs, 1 PUSCH, 0 PUCCHs): UL: ue=1 rnti=0x4605 h_id=0 ss_id=1 rb=[8..29) newtx=true rv=0 tbs=512 k2=4
2026-04-14T10:42:49.332550 [PHY     ] [I] [   120.6] PUCCH: rnti=0x4604 format=2 prb=[7, 8) prb2=na symb=[4, 6) csi1=1111 sinr=11.0dB t=24.8us
2026-04-14T10:42:49.332561 [PHY     ] [I] [   120.6] PUCCH: rnti=0x4605 format=2 prb=[7, 8) prb2=na symb=[6, 8) csi1=1111 sinr=7.5dB t=2.5us
2026-04-14T10:42:49.336088 [PHY     ] [I] [   120.9] PUSCH: rnti=0x4605 h_id=0 prb=[8, 29) symb=[0, 14) mod=16QAM rv=0 tbs=512 crc=OK iter=4.0 sinr=3.7dB t=146.1us uci_t=0.0us ret_t=0.0us
2026-04-14T10:42:49.336158 [MAC     ] [I] [   121.2] UL rnti=0x4605 ue=1 subPDUs: [lcid=1: len=3, lcid=1: len=38, SBSR: lcg=0 bs=6, PAD: len=464]
2026-04-14T10:42:49.336166 [RLC     ] [I] du=0 ue=1 SRB1 UL: RX status PDU. ack_sn=4 n_nack=0
2026-04-14T10:42:49.336205 [RLC     ] [I] du=0 ue=1 SRB1 DL: Handled status report. t=5us ack_sn=4 n_nack=0
2026-04-14T10:42:49.336218 [RLC     ] [I] du=0 ue=1 SRB1 UL: RX PDU. pdu_len=38 dc=data p=1 si=full sn=4
2026-04-14T10:42:49.336220 [RLC     ] [I] du=0 ue=1 SRB1 UL: RX SDU. sn=4 sdu_len=36
2026-04-14T10:42:49.336275 [DU-F1   ] [I] Tx PDU du=0 ue=1 cu_ue=1 du_ue=1: ULRRCMessageTransfer
2026-04-14T10:42:49.336282 [CU-CP-F1] [I] Rx PDU du=0 ue=1 cu_ue=1 du_ue=1: ULRRCMessageTransfer
2026-04-14T10:42:49.336288 [PDCP    ] [I] ue=1 SRB1 UL: RX PDU. type=data pdu_len=36 sn=4 count=4
2026-04-14T10:42:49.336295 [PDCP    ] [I] ue=1 SRB1 UL: RX SDU. count=4
2026-04-14T10:42:49.336306 [RRC     ] [I] ue=1 c-rnti=0x4605: DCCH UL ueCapabilityInformation
2026-04-14T10:42:49.336333 [RRC     ] [I] ue=1 c-rnti=0x4605: DCCH DL dlInformationTransfer
2026-04-14T10:42:49.336337 [PDCP    ] [I] ue=1 SRB1 DL: TX PDU. type=data pdu_len=55 sn=4 count=4 is_retx=false
2026-04-14T10:42:49.336344 [CU-CP-F1] [I] Tx PDU du=0 ue=1 cu_ue=1 du_ue=1: DLRRCMessageTransfer
2026-04-14T10:42:49.336585 [DU-F1   ] [I] Rx PDU du=0 ue=1 cu_ue=1 du_ue=1: DLRRCMessageTransfer
2026-04-14T10:42:49.336585 [CU-CP   ] [I] ue=1: "Initial Context Setup Routine" finished successfully
2026-04-14T10:42:49.336593 [RLC     ] [I] du=0 ue=1 SRB1 DL: TX SDU. sdu_len=55 pdcp_sn=4 is_retx=false queued_sdus=1 queued_bytes=55
2026-04-14T10:42:49.336598 [NGAP    ] [I] Tx PDU ue=1 ran_ue=1 amf_ue=2: InitialContextSetupResponse
2026-04-14T10:42:49.336649 [NGAP    ] [I] Tx PDU ue=1 ran_ue=1: UERadioCapabilityInfoIndication
2026-04-14T10:42:49.337620 [PHY     ] [I] [   121.3] PDCCH: rnti=0x4605 ss_id=1 format=0_0 cce=0 al=4 t=17.3us
2026-04-14T10:42:49.337700 [SCHED   ] [I] [   121.4] Slot decisions pci=1 t=11us (1 PDSCH, 0 PUSCHs, 0 PUCCHs): DL: ue=1 c-rnti=0x4605 h_id=3 ss_id=1 rb=[0..2) k1=4 newtx=true rv=0 tbs=11 ri=1 dl_bo=0
2026-04-14T10:42:49.337715 [RLC     ] [I] du=0 ue=1 SRB1 DL: TX status PDU. pdu_len=3 grant_len=9
2026-04-14T10:42:49.337719 [RLC     ] [I] du=0 ue=1 SRB1 DL: TX PDU. dc=data p=0 si=first sn=4 pdu_len=4 grant_len=4
2026-04-14T10:42:49.337730 [MAC     ] [I] [   121.4] DL PDU: ue=1 rnti=0x4605 size=11: SDU: lcid=1 nof_sdus=2 total_size=11
2026-04-14T10:42:49.338538 [PHY     ] [I] [   121.4] PDCCH: rnti=0x4605 ss_id=1 format=1_0 cce=0 al=4 t=15.2us
2026-04-14T10:42:49.338571 [PHY     ] [I] [   121.4] PDSCH: rnti=0x4605 h_id=3 k1=4 prb=[0, 2) symb=[1, 14) mod=QPSK rv=0 tbs=11 t=19.4us
2026-04-14T10:42:49.338667 [SCHED   ] [I] [   121.5] Slot decisions pci=1 t=14us (1 PDSCH, 0 PUSCHs, 0 PUCCHs): DL: ue=1 c-rnti=0x4605 h_id=2 ss_id=1 rb=[0..10) k1=4 newtx=true rv=0 tbs=57 ri=1 dl_bo=0
2026-04-14T10:42:49.338689 [RLC     ] [I] du=0 ue=1 SRB1 DL: TX PDU. dc=data p=0 si=mid sn=4 so=2 pdu_len=55 grant_len=55
2026-04-14T10:42:49.338757 [MAC     ] [I] [   121.5] DL PDU: ue=1 rnti=0x4605 size=57: SDU: lcid=1 nof_sdus=1 total_size=57
2026-04-14T10:42:49.339718 [PHY     ] [I] [   121.5] PDCCH: rnti=0x4605 ss_id=1 format=1_0 cce=0 al=4 t=15.7us
2026-04-14T10:42:49.339747 [PHY     ] [I] [   121.5] PDSCH: rnti=0x4605 h_id=2 k1=4 prb=[0, 10) symb=[1, 14) mod=QPSK rv=0 tbs=57 t=27.4us
2026-04-14T10:42:49.339835 [SCHED   ] [I] [   121.6] Slot decisions pci=1 t=11us (1 PDSCH, 0 PUSCHs, 0 PUCCHs): DL: ue=1 c-rnti=0x4605 h_id=0 ss_id=1 rb=[0..2) k1=4 newtx=true rv=0 tbs=11 ri=1 dl_bo=0
2026-04-14T10:42:49.339851 [RLC     ] [I] du=0 ue=1 SRB1 DL: TX PDU. dc=data p=1 si=last sn=4 so=53 pdu_len=6 grant_len=9
2026-04-14T10:42:49.339853 [MAC     ] [I] [   121.6] DL PDU: ue=1 rnti=0x4605 size=11: SDU: lcid=1 nof_sdus=1 total_size=8
2026-04-14T10:42:49.340579 [PHY     ] [I] [   121.6] PDCCH: rnti=0x4605 ss_id=1 format=1_0 cce=0 al=4 t=13.8us
2026-04-14T10:42:49.340602 [PHY     ] [I] [   121.6] PDSCH: rnti=0x4605 h_id=0 k1=4 prb=[0, 2) symb=[1, 14) mod=QPSK rv=0 tbs=11 t=21.2us
2026-04-14T10:42:49.340708 [SCHED   ] [I] [   121.7] Slot decisions pci=1 t=5us (1 PDSCH, 1 PUSCH, 0 PUCCHs): DL: ue=1 c-rnti=0x4605 h_id=1 ss_id=1 rb=[0..2) k1=4 newtx=true rv=0 tbs=11 ri=1 dl_bo=0, UL: ue=1 rnti=0x4605 h_id=0 ss_id=1 rb=[8..11) newtx=true rv=0 tbs=60 k2=4
2026-04-14T10:42:49.340720 [MAC     ] [I] [   121.7] ue=1 rnti=0x4605 lcid=1: Skipping MAC SDU encoding. Cause: RLC could not encode any SDU
2026-04-14T10:42:49.340721 [MAC     ] [I] [   121.7] DL PDU: ue=1 rnti=0x4605 size=11: 
2026-04-14T10:42:49.341693 [PHY     ] [I] [   121.7] PDCCH: rnti=0x4605 ss_id=1 format=1_0 cce=0 al=4 t=13.8us
2026-04-14T10:42:49.341715 [PHY     ] [I] [   121.7] PDSCH: rnti=0x4605 h_id=1 k1=4 prb=[0, 2) symb=[1, 14) mod=QPSK rv=0 tbs=11 t=18.9us
2026-04-14T10:42:49.343960 [PHY     ] [I] [   121.7] PUSCH: rnti=0x4605 h_id=0 prb=[8, 11) symb=[0, 14) mod=QPSK rv=0 tbs=60 crc=OK iter=2.0 sinr=5.3dB t=47.6us uci_t=0.0us ret_t=0.0us
2026-04-14T10:42:49.343986 [MAC     ] [I] [   122.0] UL rnti=0x4605 ue=1 subPDUs: [SBSR: lcg=0 bs=0, PAD: len=57]
2026-04-14T10:42:49.344897 [PHY     ] [I] [   121.8] PUCCH: rnti=0x4605 format=1 prb1=2 prb2=na symb=[0, 14) cs=0 occ=0 ack=1 metric=476.0 sinr=12.5dB t=16.3us
2026-04-14T10:42:49.346108 [PHY     ] [I] [   121.9] PUCCH: rnti=0x4605 format=1 prb1=2 prb2=na symb=[0, 14) cs=0 occ=0 ack=1 metric=475.1 sinr=12.5dB t=15.7us
2026-04-14T10:42:49.346983 [PHY     ] [I] [   122.0] PUCCH: rnti=0x4604 format=1 prb1=4 prb2=na symb=[0, 14) cs=0 occ=0 sr=no metric=0.4 sinr=-15.1dB t=9.9us
2026-04-14T10:42:49.346994 [PHY     ] [I] [   122.0] PUCCH: rnti=0x4605 format=1 prb1=2 prb2=na symb=[0, 14) cs=0 occ=0 ack=1 metric=476.1 sinr=12.5dB t=5.0us
2026-04-14T10:42:49.348005 [PHY     ] [I] [   122.1] PUCCH: rnti=0x4605 format=1 prb1=4 prb2=na symb=[0, 14) cs=0 occ=0 ack=2 metric=0.4 sinr=-15.1dB t=7.6us
2026-04-14T10:42:49.348015 [PHY     ] [I] [   122.1] PUCCH: rnti=0x4605 format=1 prb1=2 prb2=na symb=[0, 14) cs=0 occ=0 ack=1 metric=474.7 sinr=12.5dB t=4.8us
2026-04-14T10:42:49.353532 [PHY     ] [I] [   122.6] PUCCH: rnti=0x4604 format=2 prb=[7, 8) prb2=na symb=[4, 6) csi1=1111 sinr=11.0dB t=22.3us
2026-04-14T10:42:49.353640 [PHY     ] [I] [   122.6] PUCCH: rnti=0x4605 format=2 prb=[7, 8) prb2=na symb=[6, 8) csi1=1111 sinr=7.5dB t=4.4us
2026-04-14T10:42:49.368113 [PHY     ] [I] [   124.0] PUCCH: rnti=0x4604 format=1 prb1=4 prb2=na symb=[0, 14) cs=0 occ=0 sr=no metric=-nan sinr=-infdB t=117.4us
2026-04-14T10:42:49.369120 [PHY     ] [I] [   124.1] PUCCH: rnti=0x4605 format=1 prb1=4 prb2=na symb=[0, 14) cs=0 occ=0 sr=yes metric=472.1 sinr=12.5dB t=88.4us
2026-04-14T10:42:49.370910 [PHY     ] [I] [   124.5] PDCCH: rnti=0x4605 ss_id=1 format=0_0 cce=0 al=4 t=20.6us
2026-04-14T10:42:49.374010 [SCHED   ] [I] [   124.9] Slot decisions pci=1 t=5us (0 PDSCHs, 1 PUSCH, 0 PUCCHs): UL: ue=1 rnti=0x4605 h_id=0 ss_id=1 rb=[8..32) newtx=true rv=0 tbs=528 k2=4
2026-04-14T10:42:49.374197 [PHY     ] [I] [   124.6] PUCCH: rnti=0x4604 format=2 prb=[7, 8) prb2=na symb=[4, 6) csi1=1111 sinr=11.0dB t=82.1us
2026-04-14T10:42:49.374205 [PHY     ] [I] [   124.6] PUCCH: rnti=0x4605 format=2 prb=[7, 8) prb2=na symb=[6, 8) csi1=1111 sinr=7.5dB t=3.0us
2026-04-14T10:42:49.377338 [PHY     ] [I] [   124.9] PUSCH: rnti=0x4605 h_id=0 prb=[8, 32) symb=[0, 14) mod=QPSK rv=0 tbs=528 crc=OK iter=3.0 sinr=3.3dB t=106.9us uci_t=0.0us ret_t=0.0us
2026-04-14T10:42:49.377726 [MAC     ] [I] [   125.2] UL rnti=0x4605 ue=1 subPDUs: [lcid=1: len=3, lcid=1: len=21, lcid=1: len=46, SBSR: lcg=0 bs=7, PAD: len=449]
2026-04-14T10:42:49.377998 [RLC     ] [I] du=0 ue=1 SRB1 UL: RX status PDU. ack_sn=5 n_nack=0
2026-04-14T10:42:49.378015 [RLC     ] [I] du=0 ue=1 SRB1 DL: Handled status report. t=7us ack_sn=5 n_nack=0
2026-04-14T10:42:49.378022 [RLC     ] [I] du=0 ue=1 SRB1 UL: RX PDU. pdu_len=21 dc=data p=0 si=full sn=5
2026-04-14T10:42:49.378025 [RLC     ] [I] du=0 ue=1 SRB1 UL: RX SDU. sn=5 sdu_len=19
2026-04-14T10:42:49.378029 [RLC     ] [I] du=0 ue=1 SRB1 UL: RX PDU. pdu_len=46 dc=data p=1 si=full sn=6
2026-04-14T10:42:49.378030 [RLC     ] [I] du=0 ue=1 SRB1 UL: RX SDU. sn=6 sdu_len=44
2026-04-14T10:42:49.378058 [DU-F1   ] [I] Tx PDU du=0 ue=1 cu_ue=1 du_ue=1: ULRRCMessageTransfer
2026-04-14T10:42:49.378063 [DU-F1   ] [I] Tx PDU du=0 ue=1 cu_ue=1 du_ue=1: ULRRCMessageTransfer
2026-04-14T10:42:49.378066 [CU-CP-F1] [I] Rx PDU du=0 ue=1 cu_ue=1 du_ue=1: ULRRCMessageTransfer
2026-04-14T10:42:49.378508 [PDCP    ] [I] ue=1 SRB1 UL: RX PDU. type=data pdu_len=19 sn=5 count=5
2026-04-14T10:42:49.378515 [PDCP    ] [I] ue=1 SRB1 UL: RX SDU. count=5
2026-04-14T10:42:49.378527 [RRC     ] [I] ue=1 c-rnti=0x4605: DCCH UL ulInformationTransfer
2026-04-14T10:42:49.378542 [NGAP    ] [I] Tx PDU ue=1 ran_ue=1 amf_ue=2: UplinkNASTransport
2026-04-14T10:42:49.378568 [CU-CP-F1] [I] Rx PDU du=0 ue=1 cu_ue=1 du_ue=1: ULRRCMessageTransfer
2026-04-14T10:42:49.378568 [PDCP    ] [I] ue=1 SRB1 UL: RX PDU. type=data pdu_len=44 sn=6 count=6
2026-04-14T10:42:49.378570 [PDCP    ] [I] ue=1 SRB1 UL: RX SDU. count=6
2026-04-14T10:42:49.378770 [RRC     ] [I] ue=1 c-rnti=0x4605: DCCH UL ulInformationTransfer
2026-04-14T10:42:49.378772 [NGAP    ] [I] Tx PDU ue=1 ran_ue=1 amf_ue=2: UplinkNASTransport
2026-04-14T10:42:49.379274 [PHY     ] [I] [   125.3] PDCCH: rnti=0x4605 ss_id=1 format=0_0 cce=0 al=4 t=30.9us
2026-04-14T10:42:49.379363 [SCHED   ] [I] [   125.4] Slot decisions pci=1 t=7us (1 PDSCH, 0 PUSCHs, 0 PUCCHs): DL: ue=1 c-rnti=0x4605 h_id=1 ss_id=1 rb=[0..2) k1=4 newtx=true rv=0 tbs=11 ri=1 dl_bo=0
2026-04-14T10:42:49.379380 [RLC     ] [I] du=0 ue=1 SRB1 DL: TX status PDU. pdu_len=3 grant_len=9
2026-04-14T10:42:49.379383 [MAC     ] [I] [   125.4] DL PDU: ue=1 rnti=0x4605 size=11: SDU: lcid=1 nof_sdus=1 total_size=5
2026-04-14T10:42:49.380226 [PHY     ] [I] [   125.4] PDCCH: rnti=0x4605 ss_id=1 format=1_0 cce=0 al=4 t=16.0us
2026-04-14T10:42:49.380270 [PHY     ] [I] [   125.4] PDSCH: rnti=0x4605 h_id=1 k1=4 prb=[0, 2) symb=[1, 14) mod=QPSK rv=0 tbs=11 t=40.4us
2026-04-14T10:42:49.382435 [SCHED   ] [I] [   125.7] Slot decisions pci=1 t=8us (0 PDSCHs, 1 PUSCH, 0 PUCCHs): UL: ue=1 rnti=0x4605 h_id=0 ss_id=1 rb=[8..13) newtx=true rv=0 tbs=84 k2=4
2026-04-14T10:42:49.385788 [PHY     ] [I] [   125.7] PUSCH: rnti=0x4605 h_id=0 prb=[8, 13) symb=[0, 14) mod=QPSK rv=0 tbs=84 crc=OK iter=1.0 sinr=6.4dB t=67.0us uci_t=0.0us ret_t=0.0us
2026-04-14T10:42:49.385858 [MAC     ] [I] [   126.0] UL rnti=0x4605 ue=1 subPDUs: [SBSR: lcg=0 bs=0, PAD: len=81]
2026-04-14T10:42:49.386822 [PHY     ] [I] [   125.8] PUCCH: rnti=0x4605 format=1 prb1=2 prb2=na symb=[0, 14) cs=0 occ=0 ack=1 metric=476.0 sinr=12.5dB t=20.2us
2026-04-14T10:42:49.388859 [PHY     ] [I] [   126.0] PUCCH: rnti=0x4604 format=1 prb1=4 prb2=na symb=[0, 14) cs=0 occ=0 sr=no metric=-nan sinr=-infdB t=15.3us
2026-04-14T10:42:49.389954 [PHY     ] [I] [   126.1] PUCCH: rnti=0x4605 format=1 prb1=4 prb2=na symb=[0, 14) cs=0 occ=0 sr=no metric=-nan sinr=-infdB t=17.6us
2026-04-14T10:42:49.395193 [PHY     ] [I] [   126.6] PUCCH: rnti=0x4604 format=2 prb=[7, 8) prb2=na symb=[4, 6) csi1=1111 sinr=11.0dB t=33.1us
2026-04-14T10:42:49.395202 [PHY     ] [I] [   126.6] PUCCH: rnti=0x4605 format=2 prb=[7, 8) prb2=na symb=[6, 8) csi1=1111 sinr=7.5dB t=3.5us
2026-04-14T10:42:49.410043 [PHY     ] [I] [   128.0] PUCCH: rnti=0x4604 format=1 prb1=4 prb2=na symb=[0, 14) cs=0 occ=0 sr=no metric=-nan sinr=-infdB t=24.5us
2026-04-14T10:42:49.411017 [PHY     ] [I] [   128.1] PUCCH: rnti=0x4605 format=1 prb1=4 prb2=na symb=[0, 14) cs=0 occ=0 sr=no metric=-nan sinr=-infdB t=16.2us
2026-04-14T10:42:49.416228 [PHY     ] [I] [   128.6] PUCCH: rnti=0x4604 format=2 prb=[7, 8) prb2=na symb=[4, 6) csi1=1111 sinr=11.0dB t=29.8us
2026-04-14T10:42:49.416237 [PHY     ] [I] [   128.6] PUCCH: rnti=0x4605 format=2 prb=[7, 8) prb2=na symb=[6, 8) csi1=1111 sinr=7.5dB t=3.1us
2026-04-14T10:42:49.430632 [PHY     ] [I] [   130.0] PUCCH: rnti=0x4604 format=1 prb1=4 prb2=na symb=[0, 14) cs=0 occ=0 sr=no metric=-nan sinr=-infdB t=21.4us
2026-04-14T10:42:49.431610 [PHY     ] [I] [   130.1] PUCCH: rnti=0x4605 format=1 prb1=4 prb2=na symb=[0, 14) cs=0 occ=0 sr=no metric=-nan sinr=-infdB t=10.3us
2026-04-14T10:42:49.436732 [PHY     ] [I] [   130.6] PUCCH: rnti=0x4604 format=2 prb=[7, 8) prb2=na symb=[4, 6) csi1=1111 sinr=11.0dB t=19.2us
2026-04-14T10:42:49.436988 [PHY     ] [I] [   130.6] PUCCH: rnti=0x4605 format=2 prb=[7, 8) prb2=na symb=[6, 8) csi1=1111 sinr=7.5dB t=3.1us
2026-04-14T10:42:49.451244 [PHY     ] [I] [   132.0] PUCCH: rnti=0x4604 format=1 prb1=4 prb2=na symb=[0, 14) cs=0 occ=0 sr=no metric=-nan sinr=-infdB t=23.2us
2026-04-14T10:42:49.452298 [PHY     ] [I] [   132.1] PUCCH: rnti=0x4605 format=1 prb1=4 prb2=na symb=[0, 14) cs=0 occ=0 sr=no metric=-nan sinr=-infdB t=9.5us
2026-04-14T10:42:49.457368 [PHY     ] [I] [   132.6] PUCCH: rnti=0x4604 format=2 prb=[7, 8) prb2=na symb=[4, 6) csi1=1111 sinr=11.0dB t=29.0us
2026-04-14T10:42:49.457380 [PHY     ] [I] [   132.6] PUCCH: rnti=0x4605 format=2 prb=[7, 8) prb2=na symb=[6, 8) csi1=1111 sinr=7.5dB t=2.8us
2026-04-14T10:42:49.460221 [NGAP    ] [I] Rx PDU ue=1 ran_ue=1 amf_ue=2: DownlinkNASTransport
2026-04-14T10:42:49.460236 [RRC     ] [I] ue=1 c-rnti=0x4605: DCCH DL dlInformationTransfer
2026-04-14T10:42:49.460247 [PDCP    ] [I] ue=1 SRB1 DL: TX PDU. type=data pdu_len=62 sn=5 count=5 is_retx=false
2026-04-14T10:42:49.460740 [CU-CP-F1] [I] Tx PDU du=0 ue=1 cu_ue=1 du_ue=1: DLRRCMessageTransfer
2026-04-14T10:42:49.460747 [NGAP    ] [I] Rx PDU ue=1 ran_ue=1 amf_ue=2: DownlinkNASTransport
2026-04-14T10:42:49.460751 [RRC     ] [I] ue=1 c-rnti=0x4605: DCCH DL dlInformationTransfer
2026-04-14T10:42:49.460753 [PDCP    ] [I] ue=1 SRB1 DL: TX PDU. type=data pdu_len=20 sn=6 count=6 is_retx=false
2026-04-14T10:42:49.460756 [CU-CP-F1] [I] Tx PDU du=0 ue=1 cu_ue=1 du_ue=1: DLRRCMessageTransfer
2026-04-14T10:42:49.460761 [DU-F1   ] [I] Rx PDU du=0 ue=1 cu_ue=1 du_ue=1: DLRRCMessageTransfer
2026-04-14T10:42:49.460769 [DU-F1   ] [I] Rx PDU du=0 ue=1 cu_ue=1 du_ue=1: DLRRCMessageTransfer
2026-04-14T10:42:49.461036 [RLC     ] [I] du=0 ue=1 SRB1 DL: TX SDU. sdu_len=62 pdcp_sn=5 is_retx=false queued_sdus=1 queued_bytes=62
2026-04-14T10:42:49.461061 [RLC     ] [I] du=0 ue=1 SRB1 DL: TX SDU. sdu_len=20 pdcp_sn=6 is_retx=false queued_sdus=2 queued_bytes=82
2026-04-14T10:42:49.462606 [SCHED   ] [I] [   133.4] Slot decisions pci=1 t=5us (1 PDSCH, 0 PUSCHs, 0 PUCCHs): DL: ue=1 c-rnti=0x4605 h_id=1 ss_id=1 rb=[0..16) k1=4 newtx=true rv=0 tbs=92 ri=1 dl_bo=0
2026-04-14T10:42:49.462625 [RLC     ] [I] du=0 ue=1 SRB1 DL: TX PDU. dc=data p=0 si=full sn=5 pdu_len=64 grant_len=90
2026-04-14T10:42:49.462627 [RLC     ] [I] du=0 ue=1 SRB1 DL: TX PDU. dc=data p=1 si=full sn=6 pdu_len=22 grant_len=24
2026-04-14T10:42:49.462629 [MAC     ] [I] [   133.4] DL PDU: ue=1 rnti=0x4605 size=92: SDU: lcid=1 nof_sdus=2 total_size=90
2026-04-14T10:42:49.463535 [PHY     ] [I] [   133.4] PDCCH: rnti=0x4605 ss_id=1 format=1_0 cce=0 al=4 t=20.3us
2026-04-14T10:42:49.463855 [PHY     ] [I] [   133.4] PDSCH: rnti=0x4605 h_id=1 k1=4 prb=[0, 16) symb=[1, 14) mod=QPSK rv=0 tbs=92 t=302.0us
2026-04-14T10:42:49.470505 [PHY     ] [I] [   133.8] PUCCH: rnti=0x4605 format=1 prb1=2 prb2=na symb=[0, 14) cs=0 occ=0 ack=1 metric=476.0 sinr=12.5dB t=20.9us
2026-04-14T10:42:49.472180 [PHY     ] [I] [   134.0] PUCCH: rnti=0x4604 format=1 prb1=4 prb2=na symb=[0, 14) cs=0 occ=0 sr=no metric=-nan sinr=-infdB t=12.2us
2026-04-14T10:42:49.473605 [PHY     ] [I] [   134.1] PUCCH: rnti=0x4605 format=1 prb1=4 prb2=na symb=[0, 14) cs=0 occ=0 sr=yes metric=472.2 sinr=12.5dB t=9.3us
2026-04-14T10:42:49.475341 [PHY     ] [I] [   134.5] PDCCH: rnti=0x4605 ss_id=1 format=0_0 cce=0 al=4 t=19.7us
2026-04-14T10:42:49.478529 [SCHED   ] [I] [   134.9] Slot decisions pci=1 t=5us (0 PDSCHs, 1 PUSCH, 0 PUCCHs): UL: ue=1 rnti=0x4605 h_id=0 ss_id=1 rb=[8..29) newtx=true rv=0 tbs=512 k2=4
2026-04-14T10:42:49.478612 [PHY     ] [I] [   134.6] PUCCH: rnti=0x4604 format=2 prb=[7, 8) prb2=na symb=[4, 6) csi1=1111 sinr=11.0dB t=41.1us
2026-04-14T10:42:49.478824 [PHY     ] [I] [   134.6] PUCCH: rnti=0x4605 format=2 prb=[7, 8) prb2=na symb=[6, 8) csi1=1111 sinr=7.5dB t=3.3us
2026-04-14T10:42:49.482190 [PHY     ] [I] [   134.9] PUSCH: rnti=0x4605 h_id=0 prb=[8, 29) symb=[0, 14) mod=16QAM rv=0 tbs=512 crc=OK iter=4.0 sinr=3.7dB t=140.7us uci_t=0.0us ret_t=0.0us
2026-04-14T10:42:49.482215 [MAC     ] [I] [   135.2] UL rnti=0x4605 ue=1 subPDUs: [lcid=1: len=3, lcid=1: len=21, SBSR: lcg=0 bs=4, PAD: len=481]
2026-04-14T10:42:49.482547 [RLC     ] [I] du=0 ue=1 SRB1 UL: RX status PDU. ack_sn=7 n_nack=0
2026-04-14T10:42:49.482570 [RLC     ] [I] du=0 ue=1 SRB1 DL: Handled status report. t=4us ack_sn=7 n_nack=0
2026-04-14T10:42:49.482973 [RLC     ] [I] du=0 ue=1 SRB1 UL: RX PDU. pdu_len=21 dc=data p=1 si=full sn=7
2026-04-14T10:42:49.482976 [RLC     ] [I] du=0 ue=1 SRB1 UL: RX SDU. sn=7 sdu_len=19
2026-04-14T10:42:49.483204 [DU-F1   ] [I] Tx PDU du=0 ue=1 cu_ue=1 du_ue=1: ULRRCMessageTransfer
2026-04-14T10:42:49.483210 [CU-CP-F1] [I] Rx PDU du=0 ue=1 cu_ue=1 du_ue=1: ULRRCMessageTransfer
2026-04-14T10:42:49.483215 [PDCP    ] [I] ue=1 SRB1 UL: RX PDU. type=data pdu_len=19 sn=7 count=7
2026-04-14T10:42:49.483222 [PDCP    ] [I] ue=1 SRB1 UL: RX SDU. count=7
2026-04-14T10:42:49.483501 [RRC     ] [I] ue=1 c-rnti=0x4605: DCCH UL ulInformationTransfer
2026-04-14T10:42:49.483513 [NGAP    ] [I] Tx PDU ue=1 ran_ue=1 amf_ue=2: UplinkNASTransport
2026-04-14T10:42:49.484650 [PHY     ] [I] [   135.4] PDCCH: rnti=0x4605 ss_id=1 format=0_0 cce=0 al=4 t=16.4us
2026-04-14T10:42:49.484759 [SCHED   ] [I] [   135.5] Slot decisions pci=1 t=6us (1 PDSCH, 0 PUSCHs, 0 PUCCHs): DL: ue=1 c-rnti=0x4605 h_id=1 ss_id=1 rb=[0..2) k1=4 newtx=true rv=0 tbs=11 ri=1 dl_bo=0
2026-04-14T10:42:49.484777 [RLC     ] [I] du=0 ue=1 SRB1 DL: TX status PDU. pdu_len=3 grant_len=9
2026-04-14T10:42:49.484780 [MAC     ] [I] [   135.5] DL PDU: ue=1 rnti=0x4605 size=11: SDU: lcid=1 nof_sdus=1 total_size=5
2026-04-14T10:42:49.485785 [PHY     ] [I] [   135.5] PDCCH: rnti=0x4605 ss_id=1 format=1_0 cce=0 al=4 t=14.4us
2026-04-14T10:42:49.486028 [PHY     ] [I] [   135.5] PDSCH: rnti=0x4605 h_id=1 k1=4 prb=[0, 2) symb=[1, 14) mod=QPSK rv=0 tbs=11 t=26.7us
2026-04-14T10:42:49.487855 [SCHED   ] [I] [   135.8] Slot decisions pci=1 t=3us (0 PDSCHs, 1 PUSCH, 0 PUCCHs): UL: ue=1 rnti=0x4605 h_id=0 ss_id=1 rb=[8..10) newtx=true rv=0 tbs=38 k2=4
2026-04-14T10:42:49.491519 [PHY     ] [I] [   135.8] PUSCH: rnti=0x4605 h_id=0 prb=[8, 10) symb=[0, 14) mod=QPSK rv=0 tbs=38 crc=OK iter=2.0 sinr=5.4dB t=301.6us uci_t=0.0us ret_t=0.0us
2026-04-14T10:42:49.491535 [MAC     ] [I] [   136.1] UL rnti=0x4605 ue=1 subPDUs: [SBSR: lcg=0 bs=0, PAD: len=35]
2026-04-14T10:42:49.492207 [PHY     ] [I] [   135.9] PUCCH: rnti=0x4605 format=1 prb1=2 prb2=na symb=[0, 14) cs=0 occ=0 ack=1 metric=475.1 sinr=12.5dB t=19.3us
2026-04-14T10:42:49.493287 [PHY     ] [I] [   136.0] PUCCH: rnti=0x4604 format=1 prb1=4 prb2=na symb=[0, 14) cs=0 occ=0 sr=no metric=-nan sinr=-infdB t=9.8us
2026-04-14T10:42:49.494355 [PHY     ] [I] [   136.1] PUCCH: rnti=0x4605 format=1 prb1=4 prb2=na symb=[0, 14) cs=0 occ=0 sr=no metric=-nan sinr=-infdB t=7.8us
2026-04-14T10:42:49.499548 [PHY     ] [I] [   136.6] PUCCH: rnti=0x4604 format=2 prb=[7, 8) prb2=na symb=[4, 6) csi1=1111 sinr=11.0dB t=12.5us
2026-04-14T10:42:49.499614 [PHY     ] [I] [   136.6] PUCCH: rnti=0x4605 format=2 prb=[7, 8) prb2=na symb=[6, 8) csi1=1111 sinr=7.5dB t=4.0us
2026-04-14T10:42:49.514457 [PHY     ] [I] [   138.0] PUCCH: rnti=0x4604 format=1 prb1=4 prb2=na symb=[0, 14) cs=0 occ=0 sr=no metric=-nan sinr=-infdB t=24.1us
2026-04-14T10:42:49.515668 [PHY     ] [I] [   138.1] PUCCH: rnti=0x4605 format=1 prb1=4 prb2=na symb=[0, 14) cs=0 occ=0 sr=no metric=-nan sinr=-infdB t=12.2us
2026-04-14T10:42:49.520778 [PHY     ] [I] [   138.6] PUCCH: rnti=0x4604 format=2 prb=[7, 8) prb2=na symb=[4, 6) csi1=1111 sinr=11.0dB t=37.9us
2026-04-14T10:42:49.520908 [PHY     ] [I] [   138.6] PUCCH: rnti=0x4605 format=2 prb=[7, 8) prb2=na symb=[6, 8) csi1=1111 sinr=7.5dB t=2.7us
2026-04-14T10:42:49.535667 [PHY     ] [I] [   140.0] PUCCH: rnti=0x4604 format=1 prb1=4 prb2=na symb=[0, 14) cs=0 occ=0 sr=no metric=-nan sinr=-infdB t=31.0us
2026-04-14T10:42:49.536673 [PHY     ] [I] [   140.1] PUCCH: rnti=0x4605 format=1 prb1=4 prb2=na symb=[0, 14) cs=0 occ=0 sr=no metric=-nan sinr=-infdB t=19.9us
2026-04-14T10:42:49.542316 [PHY     ] [I] [   140.6] PUCCH: rnti=0x4604 format=2 prb=[7, 8) prb2=na symb=[4, 6) csi1=1111 sinr=11.0dB t=35.1us
2026-04-14T10:42:49.542329 [PHY     ] [I] [   140.6] PUCCH: rnti=0x4605 format=2 prb=[7, 8) prb2=na symb=[6, 8) csi1=1111 sinr=7.5dB t=6.7us
2026-04-14T10:42:49.556836 [PHY     ] [I] [   142.0] PUCCH: rnti=0x4604 format=1 prb1=4 prb2=na symb=[0, 14) cs=0 occ=0 sr=no metric=-nan sinr=-infdB t=22.5us
2026-04-14T10:42:49.557826 [PHY     ] [I] [   142.1] PUCCH: rnti=0x4605 format=1 prb1=4 prb2=na symb=[0, 14) cs=0 occ=0 sr=no metric=-nan sinr=-infdB t=15.7us
2026-04-14T10:42:49.563097 [PHY     ] [I] [   142.6] PUCCH: rnti=0x4604 format=2 prb=[7, 8) prb2=na symb=[4, 6) csi1=1111 sinr=11.0dB t=32.2us
2026-04-14T10:42:49.563111 [PHY     ] [I] [   142.6] PUCCH: rnti=0x4605 format=2 prb=[7, 8) prb2=na symb=[6, 8) csi1=1111 sinr=7.5dB t=4.9us
2026-04-14T10:42:49.578244 [PHY     ] [I] [   144.0] PUCCH: rnti=0x4604 format=1 prb1=4 prb2=na symb=[0, 14) cs=0 occ=0 sr=no metric=-nan sinr=-infdB t=22.0us
2026-04-14T10:42:49.578899 [PHY     ] [I] [   144.1] PUCCH: rnti=0x4605 format=1 prb1=4 prb2=na symb=[0, 14) cs=0 occ=0 sr=no metric=-nan sinr=-infdB t=11.1us
2026-04-14T10:42:49.584159 [PHY     ] [I] [   144.6] PUCCH: rnti=0x4604 format=2 prb=[7, 8) prb2=na symb=[4, 6) csi1=1111 sinr=11.0dB t=25.9us
2026-04-14T10:42:49.584166 [PHY     ] [I] [   144.6] PUCCH: rnti=0x4605 format=2 prb=[7, 8) prb2=na symb=[6, 8) csi1=1111 sinr=7.5dB t=3.0us
2026-04-14T10:42:49.598986 [PHY     ] [I] [   146.0] PUCCH: rnti=0x4604 format=1 prb1=4 prb2=na symb=[0, 14) cs=0 occ=0 sr=no metric=-nan sinr=-infdB t=20.7us
2026-04-14T10:42:49.599945 [PHY     ] [I] [   146.1] PUCCH: rnti=0x4605 format=1 prb1=4 prb2=na symb=[0, 14) cs=0 occ=0 sr=no metric=-nan sinr=-infdB t=14.6us
2026-04-14T10:42:49.605236 [PHY     ] [I] [   146.6] PUCCH: rnti=0x4604 format=2 prb=[7, 8) prb2=na symb=[4, 6) csi1=1111 sinr=11.0dB t=23.0us
2026-04-14T10:42:49.605243 [PHY     ] [I] [   146.6] PUCCH: rnti=0x4605 format=2 prb=[7, 8) prb2=na symb=[6, 8) csi1=1111 sinr=7.5dB t=3.0us
2026-04-14T10:42:49.620005 [PHY     ] [I] [   148.0] PUCCH: rnti=0x4604 format=1 prb1=4 prb2=na symb=[0, 14) cs=0 occ=0 sr=no metric=-nan sinr=-infdB t=19.8us
2026-04-14T10:42:49.621029 [PHY     ] [I] [   148.1] PUCCH: rnti=0x4605 format=1 prb1=4 prb2=na symb=[0, 14) cs=0 occ=0 sr=no metric=-nan sinr=-infdB t=15.1us
2026-04-14T10:42:49.626278 [PHY     ] [I] [   148.6] PUCCH: rnti=0x4604 format=2 prb=[7, 8) prb2=na symb=[4, 6) csi1=1111 sinr=11.0dB t=25.5us
2026-04-14T10:42:49.626287 [PHY     ] [I] [   148.6] PUCCH: rnti=0x4605 format=2 prb=[7, 8) prb2=na symb=[6, 8) csi1=1111 sinr=7.5dB t=2.8us
2026-04-14T10:42:49.641032 [PHY     ] [I] [   150.0] PUCCH: rnti=0x4604 format=1 prb1=4 prb2=na symb=[0, 14) cs=0 occ=0 sr=no metric=-nan sinr=-infdB t=18.6us
2026-04-14T10:42:49.642390 [PHY     ] [I] [   150.1] PUCCH: rnti=0x4605 format=1 prb1=4 prb2=na symb=[0, 14) cs=0 occ=0 sr=no metric=-nan sinr=-infdB t=10.4us
2026-04-14T10:42:49.647314 [PHY     ] [I] [   150.6] PUCCH: rnti=0x4604 format=2 prb=[7, 8) prb2=na symb=[4, 6) csi1=1111 sinr=11.0dB t=18.5us
2026-04-14T10:42:49.647328 [PHY     ] [I] [   150.6] PUCCH: rnti=0x4605 format=2 prb=[7, 8) prb2=na symb=[6, 8) csi1=1111 sinr=7.5dB t=3.1us
2026-04-14T10:42:49.662128 [PHY     ] [I] [   152.0] PUCCH: rnti=0x4604 format=1 prb1=4 prb2=na symb=[0, 14) cs=0 occ=0 sr=no metric=-nan sinr=-infdB t=14.8us
2026-04-14T10:42:49.663124 [PHY     ] [I] [   152.1] PUCCH: rnti=0x4605 format=1 prb1=4 prb2=na symb=[0, 14) cs=0 occ=0 sr=no metric=-nan sinr=-infdB t=10.8us
2026-04-14T10:42:49.668361 [PHY     ] [I] [   152.6] PUCCH: rnti=0x4604 format=2 prb=[7, 8) prb2=na symb=[4, 6) csi1=1111 sinr=11.0dB t=17.9us
2026-04-14T10:42:49.668652 [PHY     ] [I] [   152.6] PUCCH: rnti=0x4605 format=2 prb=[7, 8) prb2=na symb=[6, 8) csi1=1111 sinr=7.5dB t=3.4us
2026-04-14T10:42:49.683262 [PHY     ] [I] [   154.0] PUCCH: rnti=0x4604 format=1 prb1=4 prb2=na symb=[0, 14) cs=0 occ=0 sr=no metric=-nan sinr=-infdB t=26.9us
2026-04-14T10:42:49.684240 [PHY     ] [I] [   154.1] PUCCH: rnti=0x4605 format=1 prb1=4 prb2=na symb=[0, 14) cs=0 occ=0 sr=no metric=-nan sinr=-infdB t=13.2us
2026-04-14T10:42:49.689470 [PHY     ] [I] [   154.6] PUCCH: rnti=0x4604 format=2 prb=[7, 8) prb2=na symb=[4, 6) csi1=1111 sinr=11.0dB t=22.4us
2026-04-14T10:42:49.689479 [PHY     ] [I] [   154.6] PUCCH: rnti=0x4605 format=2 prb=[7, 8) prb2=na symb=[6, 8) csi1=1111 sinr=7.5dB t=2.9us
2026-04-14T10:42:49.704248 [PHY     ] [I] [   156.0] PUCCH: rnti=0x4604 format=1 prb1=4 prb2=na symb=[0, 14) cs=0 occ=0 sr=no metric=-nan sinr=-infdB t=13.2us
2026-04-14T10:42:49.705558 [PHY     ] [I] [   156.1] PUCCH: rnti=0x4605 format=1 prb1=4 prb2=na symb=[0, 14) cs=0 occ=0 sr=no metric=-nan sinr=-infdB t=14.4us
2026-04-14T10:42:49.710452 [PHY     ] [I] [   156.6] PUCCH: rnti=0x4604 format=2 prb=[7, 8) prb2=na symb=[4, 6) csi1=1111 sinr=11.0dB t=22.4us
2026-04-14T10:42:49.710458 [PHY     ] [I] [   156.6] PUCCH: rnti=0x4605 format=2 prb=[7, 8) prb2=na symb=[6, 8) csi1=1111 sinr=7.5dB t=3.1us
2026-04-14T10:42:49.724844 [PHY     ] [I] [   158.0] PUCCH: rnti=0x4604 format=1 prb1=4 prb2=na symb=[0, 14) cs=0 occ=0 sr=no metric=-nan sinr=-infdB t=21.6us
2026-04-14T10:42:49.725911 [PHY     ] [I] [   158.1] PUCCH: rnti=0x4605 format=1 prb1=4 prb2=na symb=[0, 14) cs=0 occ=0 sr=no metric=-nan sinr=-infdB t=9.9us
2026-04-14T10:42:49.731464 [PHY     ] [I] [   158.6] PUCCH: rnti=0x4604 format=2 prb=[7, 8) prb2=na symb=[4, 6) csi1=1111 sinr=11.0dB t=19.5us
2026-04-14T10:42:49.731473 [PHY     ] [I] [   158.6] PUCCH: rnti=0x4605 format=2 prb=[7, 8) prb2=na symb=[6, 8) csi1=1111 sinr=7.5dB t=4.5us
2026-04-14T10:42:49.745550 [PHY     ] [I] [   160.0] PUCCH: rnti=0x4604 format=1 prb1=4 prb2=na symb=[0, 14) cs=0 occ=0 sr=no metric=-nan sinr=-infdB t=20.4us
2026-04-14T10:42:49.746496 [PHY     ] [I] [   160.1] PUCCH: rnti=0x4605 format=1 prb1=4 prb2=na symb=[0, 14) cs=0 occ=0 sr=no metric=-nan sinr=-infdB t=10.4us
2026-04-14T10:42:49.752212 [PHY     ] [I] [   160.6] PUCCH: rnti=0x4604 format=2 prb=[7, 8) prb2=na symb=[4, 6) csi1=1111 sinr=11.0dB t=20.4us
2026-04-14T10:42:49.752221 [PHY     ] [I] [   160.6] PUCCH: rnti=0x4605 format=2 prb=[7, 8) prb2=na symb=[6, 8) csi1=1111 sinr=7.5dB t=4.0us
2026-04-14T10:42:49.766547 [PHY     ] [I] [   162.0] PUCCH: rnti=0x4604 format=1 prb1=4 prb2=na symb=[0, 14) cs=0 occ=0 sr=no metric=-nan sinr=-infdB t=19.0us
2026-04-14T10:42:49.767559 [PHY     ] [I] [   162.1] PUCCH: rnti=0x4605 format=1 prb1=4 prb2=na symb=[0, 14) cs=0 occ=0 sr=no metric=-nan sinr=-infdB t=9.5us
2026-04-14T10:42:49.772840 [PHY     ] [I] [   162.6] PUCCH: rnti=0x4604 format=2 prb=[7, 8) prb2=na symb=[4, 6) csi1=1111 sinr=11.0dB t=18.8us
2026-04-14T10:42:49.772852 [PHY     ] [I] [   162.6] PUCCH: rnti=0x4605 format=2 prb=[7, 8) prb2=na symb=[6, 8) csi1=1111 sinr=7.5dB t=3.2us
2026-04-14T10:42:49.787638 [PHY     ] [I] [   164.0] PUCCH: rnti=0x4604 format=1 prb1=4 prb2=na symb=[0, 14) cs=0 occ=0 sr=no metric=-nan sinr=-infdB t=20.4us
2026-04-14T10:42:49.788664 [PHY     ] [I] [   164.1] PUCCH: rnti=0x4605 format=1 prb1=4 prb2=na symb=[0, 14) cs=0 occ=0 sr=no metric=-nan sinr=-infdB t=10.1us
2026-04-14T10:42:49.794230 [PHY     ] [I] [   164.6] PUCCH: rnti=0x4604 format=2 prb=[7, 8) prb2=na symb=[4, 6) csi1=1111 sinr=11.0dB t=17.4us
2026-04-14T10:42:49.794244 [PHY     ] [I] [   164.6] PUCCH: rnti=0x4605 format=2 prb=[7, 8) prb2=na symb=[6, 8) csi1=1111 sinr=7.5dB t=9.8us
2026-04-14T10:42:49.808660 [PHY     ] [I] [   166.0] PUCCH: rnti=0x4604 format=1 prb1=4 prb2=na symb=[0, 14) cs=0 occ=0 sr=no metric=-nan sinr=-infdB t=14.7us
2026-04-14T10:42:49.809645 [PHY     ] [I] [   166.1] PUCCH: rnti=0x4605 format=1 prb1=4 prb2=na symb=[0, 14) cs=0 occ=0 sr=no metric=-nan sinr=-infdB t=14.0us
2026-04-14T10:42:49.814924 [PHY     ] [I] [   166.6] PUCCH: rnti=0x4604 format=2 prb=[7, 8) prb2=na symb=[4, 6) csi1=1111 sinr=11.0dB t=18.1us
2026-04-14T10:42:49.814937 [PHY     ] [I] [   166.6] PUCCH: rnti=0x4605 format=2 prb=[7, 8) prb2=na symb=[6, 8) csi1=1111 sinr=7.5dB t=7.5us
2026-04-14T10:42:49.829698 [PHY     ] [I] [   168.0] PUCCH: rnti=0x4604 format=1 prb1=4 prb2=na symb=[0, 14) cs=0 occ=0 sr=no metric=-nan sinr=-infdB t=15.8us
2026-04-14T10:42:49.831096 [PHY     ] [I] [   168.1] PUCCH: rnti=0x4605 format=1 prb1=4 prb2=na symb=[0, 14) cs=0 occ=0 sr=no metric=-nan sinr=-infdB t=8.1us
2026-04-14T10:42:49.835500 [PHY     ] [I] [   168.6] PUCCH: rnti=0x4604 format=2 prb=[7, 8) prb2=na symb=[4, 6) csi1=1111 sinr=11.0dB t=18.1us
2026-04-14T10:42:49.835511 [PHY     ] [I] [   168.6] PUCCH: rnti=0x4605 format=2 prb=[7, 8) prb2=na symb=[6, 8) csi1=1111 sinr=7.5dB t=3.2us
2026-04-14T10:42:49.850852 [PHY     ] [I] [   170.0] PUCCH: rnti=0x4604 format=1 prb1=4 prb2=na symb=[0, 14) cs=0 occ=0 sr=no metric=-nan sinr=-infdB t=20.7us
2026-04-14T10:42:49.851934 [PHY     ] [I] [   170.1] PUCCH: rnti=0x4605 format=1 prb1=4 prb2=na symb=[0, 14) cs=0 occ=0 sr=no metric=-nan sinr=-infdB t=9.0us
2026-04-14T10:42:49.857111 [PHY     ] [I] [   170.6] PUCCH: rnti=0x4604 format=2 prb=[7, 8) prb2=na symb=[4, 6) csi1=1111 sinr=11.0dB t=20.0us
2026-04-14T10:42:49.857119 [PHY     ] [I] [   170.6] PUCCH: rnti=0x4605 format=2 prb=[7, 8) prb2=na symb=[6, 8) csi1=1111 sinr=7.5dB t=2.2us
2026-04-14T10:42:49.871858 [PHY     ] [I] [   172.0] PUCCH: rnti=0x4604 format=1 prb1=4 prb2=na symb=[0, 14) cs=0 occ=0 sr=no metric=-nan sinr=-infdB t=14.1us
2026-04-14T10:42:49.872944 [PHY     ] [I] [   172.1] PUCCH: rnti=0x4605 format=1 prb1=4 prb2=na symb=[0, 14) cs=0 occ=0 sr=no metric=-nan sinr=-infdB t=13.8us
2026-04-14T10:42:49.878153 [PHY     ] [I] [   172.6] PUCCH: rnti=0x4604 format=2 prb=[7, 8) prb2=na symb=[4, 6) csi1=1111 sinr=11.0dB t=18.5us
2026-04-14T10:42:49.878162 [PHY     ] [I] [   172.6] PUCCH: rnti=0x4605 format=2 prb=[7, 8) prb2=na symb=[6, 8) csi1=1111 sinr=7.5dB t=3.1us
2026-04-14T10:42:49.892903 [PHY     ] [I] [   174.0] PUCCH: rnti=0x4604 format=1 prb1=4 prb2=na symb=[0, 14) cs=0 occ=0 sr=no metric=-nan sinr=-infdB t=20.7us
2026-04-14T10:42:49.893987 [PHY     ] [I] [   174.1] PUCCH: rnti=0x4605 format=1 prb1=4 prb2=na symb=[0, 14) cs=0 occ=0 sr=no metric=-nan sinr=-infdB t=9.4us
2026-04-14T10:42:49.899564 [PHY     ] [I] [   174.6] PUCCH: rnti=0x4604 format=2 prb=[7, 8) prb2=na symb=[4, 6) csi1=1111 sinr=11.0dB t=17.3us
2026-04-14T10:42:49.899571 [PHY     ] [I] [   174.6] PUCCH: rnti=0x4605 format=2 prb=[7, 8) prb2=na symb=[6, 8) csi1=1111 sinr=7.5dB t=3.7us
2026-04-14T10:42:49.914194 [PHY     ] [I] [   176.0] PUCCH: rnti=0x4604 format=1 prb1=4 prb2=na symb=[0, 14) cs=0 occ=0 sr=no metric=-nan sinr=-infdB t=21.0us
2026-04-14T10:42:49.915023 [PHY     ] [I] [   176.1] PUCCH: rnti=0x4605 format=1 prb1=4 prb2=na symb=[0, 14) cs=0 occ=0 sr=no metric=-nan sinr=-infdB t=10.9us
2026-04-14T10:42:49.920443 [PHY     ] [I] [   176.6] PUCCH: rnti=0x4604 format=2 prb=[7, 8) prb2=na symb=[4, 6) csi1=1111 sinr=11.0dB t=19.5us
2026-04-14T10:42:49.920451 [PHY     ] [I] [   176.6] PUCCH: rnti=0x4605 format=2 prb=[7, 8) prb2=na symb=[6, 8) csi1=1111 sinr=7.5dB t=3.8us
2026-04-14T10:42:49.934866 [PHY     ] [I] [   178.0] PUCCH: rnti=0x4604 format=1 prb1=4 prb2=na symb=[0, 14) cs=0 occ=0 sr=no metric=-nan sinr=-infdB t=19.1us
2026-04-14T10:42:49.935930 [PHY     ] [I] [   178.1] PUCCH: rnti=0x4605 format=1 prb1=4 prb2=na symb=[0, 14) cs=0 occ=0 sr=no metric=-nan sinr=-infdB t=9.5us
2026-04-14T10:42:49.941426 [PHY     ] [I] [   178.6] PUCCH: rnti=0x4604 format=2 prb=[7, 8) prb2=na symb=[4, 6) csi1=1111 sinr=11.0dB t=16.9us
2026-04-14T10:42:49.941438 [PHY     ] [I] [   178.6] PUCCH: rnti=0x4605 format=2 prb=[7, 8) prb2=na symb=[6, 8) csi1=1111 sinr=7.5dB t=8.0us
2026-04-14T10:42:49.955817 [PHY     ] [I] [   180.0] PUCCH: rnti=0x4604 format=1 prb1=4 prb2=na symb=[0, 14) cs=0 occ=0 sr=no metric=-nan sinr=-infdB t=14.0us
2026-04-14T10:42:49.956914 [PHY     ] [I] [   180.1] PUCCH: rnti=0x4605 format=1 prb1=4 prb2=na symb=[0, 14) cs=0 occ=0 sr=no metric=-nan sinr=-infdB t=13.1us
2026-04-14T10:42:49.962535 [PHY     ] [I] [   180.6] PUCCH: rnti=0x4604 format=2 prb=[7, 8) prb2=na symb=[4, 6) csi1=1111 sinr=11.0dB t=21.2us
2026-04-14T10:42:49.962550 [PHY     ] [I] [   180.6] PUCCH: rnti=0x4605 format=2 prb=[7, 8) prb2=na symb=[6, 8) csi1=1111 sinr=7.5dB t=3.8us
2026-04-14T10:42:49.976861 [PHY     ] [I] [   182.0] PUCCH: rnti=0x4604 format=1 prb1=4 prb2=na symb=[0, 14) cs=0 occ=0 sr=no metric=-nan sinr=-infdB t=13.9us
2026-04-14T10:42:49.977908 [PHY     ] [I] [   182.1] PUCCH: rnti=0x4605 format=1 prb1=4 prb2=na symb=[0, 14) cs=0 occ=0 sr=no metric=-nan sinr=-infdB t=17.0us
2026-04-14T10:42:49.983100 [PHY     ] [I] [   182.6] PUCCH: rnti=0x4604 format=2 prb=[7, 8) prb2=na symb=[4, 6) csi1=1111 sinr=11.0dB t=16.0us
2026-04-14T10:42:49.983107 [PHY     ] [I] [   182.6] PUCCH: rnti=0x4605 format=2 prb=[7, 8) prb2=na symb=[6, 8) csi1=1111 sinr=7.5dB t=2.6us
2026-04-14T10:42:49.997697 [PHY     ] [I] [   184.0] PUCCH: rnti=0x4604 format=1 prb1=4 prb2=na symb=[0, 14) cs=0 occ=0 sr=no metric=-nan sinr=-infdB t=19.9us
2026-04-14T10:42:49.999329 [PHY     ] [I] [   184.1] PUCCH: rnti=0x4605 format=1 prb1=4 prb2=na symb=[0, 14) cs=0 occ=0 sr=no metric=-nan sinr=-infdB t=14.5us
2026-04-14T10:42:50.003866 [PHY     ] [I] [   184.6] PUCCH: rnti=0x4604 format=2 prb=[7, 8) prb2=na symb=[4, 6) csi1=1111 sinr=11.0dB t=18.2us
2026-04-14T10:42:50.003880 [PHY     ] [I] [   184.6] PUCCH: rnti=0x4605 format=2 prb=[7, 8) prb2=na symb=[6, 8) csi1=1111 sinr=7.5dB t=9.0us
2026-04-14T10:42:50.018280 [PHY     ] [I] [   186.0] PUCCH: rnti=0x4604 format=1 prb1=4 prb2=na symb=[0, 14) cs=0 occ=0 sr=no metric=-nan sinr=-infdB t=14.6us
2026-04-14T10:42:50.019318 [PHY     ] [I] [   186.1] PUCCH: rnti=0x4605 format=1 prb1=4 prb2=na symb=[0, 14) cs=0 occ=0 sr=no metric=-nan sinr=-infdB t=10.5us
2026-04-14T10:42:50.024357 [PHY     ] [I] [   186.6] PUCCH: rnti=0x4604 format=2 prb=[7, 8) prb2=na symb=[4, 6) csi1=1111 sinr=11.0dB t=16.6us
2026-04-14T10:42:50.024821 [PHY     ] [I] [   186.6] PUCCH: rnti=0x4605 format=2 prb=[7, 8) prb2=na symb=[6, 8) csi1=1111 sinr=7.5dB t=2.3us
2026-04-14T10:42:50.038760 [PHY     ] [I] [   188.0] PUCCH: rnti=0x4604 format=1 prb1=4 prb2=na symb=[0, 14) cs=0 occ=0 sr=no metric=-nan sinr=-infdB t=19.4us
2026-04-14T10:42:50.039850 [PHY     ] [I] [   188.1] PUCCH: rnti=0x4605 format=1 prb1=4 prb2=na symb=[0, 14) cs=0 occ=0 sr=no metric=-nan sinr=-infdB t=10.1us
2026-04-14T10:42:50.044830 [PHY     ] [I] [   188.6] PUCCH: rnti=0x4604 format=2 prb=[7, 8) prb2=na symb=[4, 6) csi1=1111 sinr=11.0dB t=18.1us
2026-04-14T10:42:50.044836 [PHY     ] [I] [   188.6] PUCCH: rnti=0x4605 format=2 prb=[7, 8) prb2=na symb=[6, 8) csi1=1111 sinr=7.5dB t=3.0us
2026-04-14T10:42:50.059276 [PHY     ] [I] [   190.0] PUCCH: rnti=0x4604 format=1 prb1=4 prb2=na symb=[0, 14) cs=0 occ=0 sr=no metric=-nan sinr=-infdB t=25.2us
2026-04-14T10:42:50.060241 [PHY     ] [I] [   190.1] PUCCH: rnti=0x4605 format=1 prb1=4 prb2=na symb=[0, 14) cs=0 occ=0 sr=no metric=-nan sinr=-infdB t=9.8us
2026-04-14T10:42:50.065967 [PHY     ] [I] [   190.6] PUCCH: rnti=0x4604 format=2 prb=[7, 8) prb2=na symb=[4, 6) csi1=1111 sinr=11.0dB t=19.3us
2026-04-14T10:42:50.065976 [PHY     ] [I] [   190.6] PUCCH: rnti=0x4605 format=2 prb=[7, 8) prb2=na symb=[6, 8) csi1=1111 sinr=7.5dB t=4.7us
2026-04-14T10:42:50.079944 [PHY     ] [I] [   192.0] PUCCH: rnti=0x4604 format=1 prb1=4 prb2=na symb=[0, 14) cs=0 occ=0 sr=no metric=-nan sinr=-infdB t=19.6us
2026-04-14T10:42:50.080988 [PHY     ] [I] [   192.1] PUCCH: rnti=0x4605 format=1 prb1=4 prb2=na symb=[0, 14) cs=0 occ=0 sr=no metric=-nan sinr=-infdB t=9.3us
2026-04-14T10:42:50.086022 [PHY     ] [I] [   192.6] PUCCH: rnti=0x4604 format=2 prb=[7, 8) prb2=na symb=[4, 6) csi1=1111 sinr=11.0dB t=16.3us
2026-04-14T10:42:50.086035 [PHY     ] [I] [   192.6] PUCCH: rnti=0x4605 format=2 prb=[7, 8) prb2=na symb=[6, 8) csi1=1111 sinr=7.5dB t=3.3us
2026-04-14T10:42:50.100548 [PHY     ] [I] [   194.0] PUCCH: rnti=0x4604 format=1 prb1=4 prb2=na symb=[0, 14) cs=0 occ=0 sr=no metric=-nan sinr=-infdB t=19.1us
2026-04-14T10:42:50.101510 [PHY     ] [I] [   194.1] PUCCH: rnti=0x4605 format=1 prb1=4 prb2=na symb=[0, 14) cs=0 occ=0 sr=no metric=-nan sinr=-infdB t=14.4us
2026-04-14T10:42:50.107157 [PHY     ] [I] [   194.6] PUCCH: rnti=0x4604 format=2 prb=[7, 8) prb2=na symb=[4, 6) csi1=1111 sinr=11.0dB t=17.1us
2026-04-14T10:42:50.107165 [PHY     ] [I] [   194.6] PUCCH: rnti=0x4605 format=2 prb=[7, 8) prb2=na symb=[6, 8) csi1=1111 sinr=7.5dB t=3.7us
2026-04-14T10:42:50.121127 [PHY     ] [I] [   196.0] PUCCH: rnti=0x4604 format=1 prb1=4 prb2=na symb=[0, 14) cs=0 occ=0 sr=no metric=-nan sinr=-infdB t=13.4us
2026-04-14T10:42:50.122510 [PHY     ] [I] [   196.1] PUCCH: rnti=0x4605 format=1 prb1=4 prb2=na symb=[0, 14) cs=0 occ=0 sr=no metric=-nan sinr=-infdB t=13.7us
2026-04-14T10:42:50.127299 [PHY     ] [I] [   196.6] PUCCH: rnti=0x4604 format=2 prb=[7, 8) prb2=na symb=[4, 6) csi1=1111 sinr=11.0dB t=19.1us
2026-04-14T10:42:50.127313 [PHY     ] [I] [   196.6] PUCCH: rnti=0x4605 format=2 prb=[7, 8) prb2=na symb=[6, 8) csi1=1111 sinr=7.5dB t=3.1us
2026-04-14T10:42:50.141744 [PHY     ] [I] [   198.0] PUCCH: rnti=0x4604 format=1 prb1=4 prb2=na symb=[0, 14) cs=0 occ=0 sr=no metric=-nan sinr=-infdB t=24.7us
2026-04-14T10:42:50.142712 [PHY     ] [I] [   198.1] PUCCH: rnti=0x4605 format=1 prb1=4 prb2=na symb=[0, 14) cs=0 occ=0 sr=no metric=-nan sinr=-infdB t=9.4us
2026-04-14T10:42:50.147866 [PHY     ] [I] [   198.6] PUCCH: rnti=0x4604 format=2 prb=[7, 8) prb2=na symb=[4, 6) csi1=1111 sinr=11.0dB t=24.1us
2026-04-14T10:42:50.147884 [PHY     ] [I] [   198.6] PUCCH: rnti=0x4605 format=2 prb=[7, 8) prb2=na symb=[6, 8) csi1=1111 sinr=7.5dB t=2.8us
2026-04-14T10:42:50.162345 [PHY     ] [I] [   200.0] PUCCH: rnti=0x4604 format=1 prb1=4 prb2=na symb=[0, 14) cs=0 occ=0 sr=no metric=-nan sinr=-infdB t=15.4us
2026-04-14T10:42:50.163397 [PHY     ] [I] [   200.1] PUCCH: rnti=0x4605 format=1 prb1=4 prb2=na symb=[0, 14) cs=0 occ=0 sr=no metric=-nan sinr=-infdB t=10.1us
2026-04-14T10:42:50.168438 [PHY     ] [I] [   200.6] PUCCH: rnti=0x4604 format=2 prb=[7, 8) prb2=na symb=[4, 6) csi1=1111 sinr=11.0dB t=18.9us
2026-04-14T10:42:50.168453 [PHY     ] [I] [   200.6] PUCCH: rnti=0x4605 format=2 prb=[7, 8) prb2=na symb=[6, 8) csi1=1111 sinr=7.5dB t=3.2us
2026-04-14T10:42:50.182931 [PHY     ] [I] [   202.0] PUCCH: rnti=0x4604 format=1 prb1=4 prb2=na symb=[0, 14) cs=0 occ=0 sr=no metric=-nan sinr=-infdB t=14.2us
2026-04-14T10:42:50.184006 [PHY     ] [I] [   202.1] PUCCH: rnti=0x4605 format=1 prb1=4 prb2=na symb=[0, 14) cs=0 occ=0 sr=no metric=-nan sinr=-infdB t=9.2us
2026-04-14T10:42:50.189078 [PHY     ] [I] [   202.6] PUCCH: rnti=0x4604 format=2 prb=[7, 8) prb2=na symb=[4, 6) csi1=1111 sinr=11.0dB t=17.7us
2026-04-14T10:42:50.189091 [PHY     ] [I] [   202.6] PUCCH: rnti=0x4605 format=2 prb=[7, 8) prb2=na symb=[6, 8) csi1=1111 sinr=7.5dB t=2.5us
2026-04-14T10:42:50.203499 [PHY     ] [I] [   204.0] PUCCH: rnti=0x4604 format=1 prb1=4 prb2=na symb=[0, 14) cs=0 occ=0 sr=no metric=-nan sinr=-infdB t=13.7us
2026-04-14T10:42:50.204593 [PHY     ] [I] [   204.1] PUCCH: rnti=0x4605 format=1 prb1=4 prb2=na symb=[0, 14) cs=0 occ=0 sr=no metric=-nan sinr=-infdB t=13.6us
2026-04-14T10:42:50.209605 [PHY     ] [I] [   204.6] PUCCH: rnti=0x4604 format=2 prb=[7, 8) prb2=na symb=[4, 6) csi1=1111 sinr=11.0dB t=16.2us
2026-04-14T10:42:50.209616 [PHY     ] [I] [   204.6] PUCCH: rnti=0x4605 format=2 prb=[7, 8) prb2=na symb=[6, 8) csi1=1111 sinr=7.5dB t=8.2us
2026-04-14T10:42:50.224050 [PHY     ] [I] [   206.0] PUCCH: rnti=0x4604 format=1 prb1=4 prb2=na symb=[0, 14) cs=0 occ=0 sr=no metric=-nan sinr=-infdB t=24.6us
2026-04-14T10:42:50.225076 [PHY     ] [I] [   206.1] PUCCH: rnti=0x4605 format=1 prb1=4 prb2=na symb=[0, 14) cs=0 occ=0 sr=no metric=-nan sinr=-infdB t=9.1us
2026-04-14T10:42:50.230124 [PHY     ] [I] [   206.6] PUCCH: rnti=0x4604 format=2 prb=[7, 8) prb2=na symb=[4, 6) csi1=1111 sinr=11.0dB t=26.6us
2026-04-14T10:42:50.230132 [PHY     ] [I] [   206.6] PUCCH: rnti=0x4605 format=2 prb=[7, 8) prb2=na symb=[6, 8) csi1=1111 sinr=7.5dB t=3.7us
2026-04-14T10:42:50.245096 [PHY     ] [I] [   208.0] PUCCH: rnti=0x4604 format=1 prb1=4 prb2=na symb=[0, 14) cs=0 occ=0 sr=no metric=-nan sinr=-infdB t=14.9us
2026-04-14T10:42:50.245563 [PHY     ] [I] [   208.1] PUCCH: rnti=0x4605 format=1 prb1=4 prb2=na symb=[0, 14) cs=0 occ=0 sr=no metric=-nan sinr=-infdB t=9.3us
2026-04-14T10:42:50.250607 [PHY     ] [I] [   208.6] PUCCH: rnti=0x4604 format=2 prb=[7, 8) prb2=na symb=[4, 6) csi1=1111 sinr=11.0dB t=25.6us
2026-04-14T10:42:50.250614 [PHY     ] [I] [   208.6] PUCCH: rnti=0x4605 format=2 prb=[7, 8) prb2=na symb=[6, 8) csi1=1111 sinr=7.5dB t=2.7us
2026-04-14T10:42:50.265106 [PHY     ] [I] [   210.0] PUCCH: rnti=0x4604 format=1 prb1=4 prb2=na symb=[0, 14) cs=0 occ=0 sr=no metric=-nan sinr=-infdB t=14.0us
2026-04-14T10:42:50.266143 [PHY     ] [I] [   210.1] PUCCH: rnti=0x4605 format=1 prb1=4 prb2=na symb=[0, 14) cs=0 occ=0 sr=no metric=-nan sinr=-infdB t=8.8us
2026-04-14T10:42:50.271236 [PHY     ] [I] [   210.6] PUCCH: rnti=0x4604 format=2 prb=[7, 8) prb2=na symb=[4, 6) csi1=1111 sinr=11.0dB t=24.8us
2026-04-14T10:42:50.271244 [PHY     ] [I] [   210.6] PUCCH: rnti=0x4605 format=2 prb=[7, 8) prb2=na symb=[6, 8) csi1=1111 sinr=7.5dB t=3.3us
2026-04-14T10:42:50.285700 [PHY     ] [I] [   212.0] PUCCH: rnti=0x4604 format=1 prb1=4 prb2=na symb=[0, 14) cs=0 occ=0 sr=no metric=-nan sinr=-infdB t=13.9us
2026-04-14T10:42:50.286733 [PHY     ] [I] [   212.1] PUCCH: rnti=0x4605 format=1 prb1=4 prb2=na symb=[0, 14) cs=0 occ=0 sr=no metric=-nan sinr=-infdB t=10.6us
2026-04-14T10:42:50.291812 [PHY     ] [I] [   212.6] PUCCH: rnti=0x4604 format=2 prb=[7, 8) prb2=na symb=[4, 6) csi1=1111 sinr=11.0dB t=17.4us
2026-04-14T10:42:50.291825 [PHY     ] [I] [   212.6] PUCCH: rnti=0x4605 format=2 prb=[7, 8) prb2=na symb=[6, 8) csi1=1111 sinr=7.5dB t=2.2us
2026-04-14T10:42:50.306220 [PHY     ] [I] [   214.0] PUCCH: rnti=0x4604 format=1 prb1=4 prb2=na symb=[0, 14) cs=0 occ=0 sr=no metric=-nan sinr=-infdB t=13.4us
2026-04-14T10:42:50.307275 [PHY     ] [I] [   214.1] PUCCH: rnti=0x4605 format=1 prb1=4 prb2=na symb=[0, 14) cs=0 occ=0 sr=no metric=-nan sinr=-infdB t=16.9us
2026-04-14T10:42:50.312328 [PHY     ] [I] [   214.6] PUCCH: rnti=0x4604 format=2 prb=[7, 8) prb2=na symb=[4, 6) csi1=1111 sinr=11.0dB t=17.9us
2026-04-14T10:42:50.312840 [PHY     ] [I] [   214.6] PUCCH: rnti=0x4605 format=2 prb=[7, 8) prb2=na symb=[6, 8) csi1=1111 sinr=7.5dB t=8.0us
2026-04-14T10:42:50.326745 [PHY     ] [I] [   216.0] PUCCH: rnti=0x4604 format=1 prb1=4 prb2=na symb=[0, 14) cs=0 occ=0 sr=no metric=-nan sinr=-infdB t=14.8us
2026-04-14T10:42:50.327730 [PHY     ] [I] [   216.1] PUCCH: rnti=0x4605 format=1 prb1=4 prb2=na symb=[0, 14) cs=0 occ=0 sr=no metric=-nan sinr=-infdB t=14.7us
2026-04-14T10:42:50.332859 [PHY     ] [I] [   216.6] PUCCH: rnti=0x4604 format=2 prb=[7, 8) prb2=na symb=[4, 6) csi1=1111 sinr=11.0dB t=17.3us
2026-04-14T10:42:50.332873 [PHY     ] [I] [   216.6] PUCCH: rnti=0x4605 format=2 prb=[7, 8) prb2=na symb=[6, 8) csi1=1111 sinr=7.5dB t=8.5us
2026-04-14T10:42:50.347286 [PHY     ] [I] [   218.0] PUCCH: rnti=0x4604 format=1 prb1=4 prb2=na symb=[0, 14) cs=0 occ=0 sr=no metric=-nan sinr=-infdB t=12.6us
2026-04-14T10:42:50.348189 [PHY     ] [I] [   218.1] PUCCH: rnti=0x4605 format=1 prb1=4 prb2=na symb=[0, 14) cs=0 occ=0 sr=no metric=-nan sinr=-infdB t=8.9us
2026-04-14T10:42:50.353327 [PHY     ] [I] [   218.6] PUCCH: rnti=0x4604 format=2 prb=[7, 8) prb2=na symb=[4, 6) csi1=1111 sinr=11.0dB t=15.3us
2026-04-14T10:42:50.353335 [PHY     ] [I] [   218.6] PUCCH: rnti=0x4605 format=2 prb=[7, 8) prb2=na symb=[6, 8) csi1=1111 sinr=7.5dB t=2.4us
2026-04-14T10:42:50.367724 [PHY     ] [I] [   220.0] PUCCH: rnti=0x4604 format=1 prb1=4 prb2=na symb=[0, 14) cs=0 occ=0 sr=no metric=-nan sinr=-infdB t=12.7us
2026-04-14T10:42:50.368727 [PHY     ] [I] [   220.1] PUCCH: rnti=0x4605 format=1 prb1=4 prb2=na symb=[0, 14) cs=0 occ=0 sr=no metric=-nan sinr=-infdB t=14.4us
2026-04-14T10:42:50.373805 [PHY     ] [I] [   220.6] PUCCH: rnti=0x4604 format=2 prb=[7, 8) prb2=na symb=[4, 6) csi1=1111 sinr=11.0dB t=14.7us
2026-04-14T10:42:50.373811 [PHY     ] [I] [   220.6] PUCCH: rnti=0x4605 format=2 prb=[7, 8) prb2=na symb=[6, 8) csi1=1111 sinr=7.5dB t=2.5us
2026-04-14T10:42:50.388215 [PHY     ] [I] [   222.0] PUCCH: rnti=0x4604 format=1 prb1=4 prb2=na symb=[0, 14) cs=0 occ=0 sr=no metric=-nan sinr=-infdB t=12.9us
2026-04-14T10:42:50.389247 [PHY     ] [I] [   222.1] PUCCH: rnti=0x4605 format=1 prb1=4 prb2=na symb=[0, 14) cs=0 occ=0 sr=no metric=-nan sinr=-infdB t=8.7us
2026-04-14T10:42:50.394737 [PHY     ] [I] [   222.6] PUCCH: rnti=0x4604 format=2 prb=[7, 8) prb2=na symb=[4, 6) csi1=1111 sinr=11.0dB t=14.6us
2026-04-14T10:42:50.394744 [PHY     ] [I] [   222.6] PUCCH: rnti=0x4605 format=2 prb=[7, 8) prb2=na symb=[6, 8) csi1=1111 sinr=7.5dB t=3.7us
2026-04-14T10:42:50.409000 [PHY     ] [I] [   224.0] PUCCH: rnti=0x4604 format=1 prb1=4 prb2=na symb=[0, 14) cs=0 occ=0 sr=no metric=-nan sinr=-infdB t=13.9us
2026-04-14T10:42:50.409814 [PHY     ] [I] [   224.1] PUCCH: rnti=0x4605 format=1 prb1=4 prb2=na symb=[0, 14) cs=0 occ=0 sr=no metric=-nan sinr=-infdB t=9.0us
2026-04-14T10:42:50.415151 [PHY     ] [I] [   224.6] PUCCH: rnti=0x4604 format=2 prb=[7, 8) prb2=na symb=[4, 6) csi1=1111 sinr=11.0dB t=16.4us
2026-04-14T10:42:50.415158 [PHY     ] [I] [   224.6] PUCCH: rnti=0x4605 format=2 prb=[7, 8) prb2=na symb=[6, 8) csi1=1111 sinr=7.5dB t=3.8us
2026-04-14T10:42:50.429605 [PHY     ] [I] [   226.0] PUCCH: rnti=0x4604 format=1 prb1=4 prb2=na symb=[0, 14) cs=0 occ=0 sr=no metric=-nan sinr=-infdB t=18.5us
2026-04-14T10:42:50.430270 [PHY     ] [I] [   226.1] PUCCH: rnti=0x4605 format=1 prb1=4 prb2=na symb=[0, 14) cs=0 occ=0 sr=no metric=-nan sinr=-infdB t=10.8us
2026-04-14T10:42:50.435955 [PHY     ] [I] [   226.6] PUCCH: rnti=0x4604 format=2 prb=[7, 8) prb2=na symb=[4, 6) csi1=1111 sinr=11.0dB t=16.8us
2026-04-14T10:42:50.435963 [PHY     ] [I] [   226.6] PUCCH: rnti=0x4605 format=2 prb=[7, 8) prb2=na symb=[6, 8) csi1=1111 sinr=7.5dB t=4.3us
2026-04-14T10:42:50.450555 [PHY     ] [I] [   228.0] PUCCH: rnti=0x4604 format=1 prb1=4 prb2=na symb=[0, 14) cs=0 occ=0 sr=no metric=-nan sinr=-infdB t=15.3us
2026-04-14T10:42:50.451586 [PHY     ] [I] [   228.1] PUCCH: rnti=0x4605 format=1 prb1=4 prb2=na symb=[0, 14) cs=0 occ=0 sr=no metric=-nan sinr=-infdB t=9.6us
2026-04-14T10:42:50.456652 [PHY     ] [I] [   228.6] PUCCH: rnti=0x4604 format=2 prb=[7, 8) prb2=na symb=[4, 6) csi1=1111 sinr=11.0dB t=21.5us
2026-04-14T10:42:50.457133 [PHY     ] [I] [   228.6] PUCCH: rnti=0x4605 format=2 prb=[7, 8) prb2=na symb=[6, 8) csi1=1111 sinr=7.5dB t=3.0us
2026-04-14T10:42:50.471487 [PHY     ] [I] [   230.0] PUCCH: rnti=0x4604 format=1 prb1=4 prb2=na symb=[0, 14) cs=0 occ=0 sr=no metric=-nan sinr=-infdB t=22.1us
2026-04-14T10:42:50.472685 [PHY     ] [I] [   230.1] PUCCH: rnti=0x4605 format=1 prb1=4 prb2=na symb=[0, 14) cs=0 occ=0 sr=no metric=-nan sinr=-infdB t=10.7us
2026-04-14T10:42:50.477747 [PHY     ] [I] [   230.6] PUCCH: rnti=0x4604 format=2 prb=[7, 8) prb2=na symb=[4, 6) csi1=1111 sinr=11.0dB t=20.7us
2026-04-14T10:42:50.477762 [PHY     ] [I] [   230.6] PUCCH: rnti=0x4605 format=2 prb=[7, 8) prb2=na symb=[6, 8) csi1=1111 sinr=7.5dB t=3.3us
2026-04-14T10:42:50.492769 [PHY     ] [I] [   232.0] PUCCH: rnti=0x4604 format=1 prb1=4 prb2=na symb=[0, 14) cs=0 occ=0 sr=no metric=-nan sinr=-infdB t=16.2us
2026-04-14T10:42:50.493908 [PHY     ] [I] [   232.1] PUCCH: rnti=0x4605 format=1 prb1=4 prb2=na symb=[0, 14) cs=0 occ=0 sr=no metric=-nan sinr=-infdB t=14.5us
2026-04-14T10:42:50.498811 [PHY     ] [I] [   232.6] PUCCH: rnti=0x4604 format=2 prb=[7, 8) prb2=na symb=[4, 6) csi1=1111 sinr=11.0dB t=19.4us
2026-04-14T10:42:50.498825 [PHY     ] [I] [   232.6] PUCCH: rnti=0x4605 format=2 prb=[7, 8) prb2=na symb=[6, 8) csi1=1111 sinr=7.5dB t=3.2us
2026-04-14T10:42:50.513633 [PHY     ] [I] [   234.0] PUCCH: rnti=0x4604 format=1 prb1=4 prb2=na symb=[0, 14) cs=0 occ=0 sr=no metric=-nan sinr=-infdB t=20.4us
2026-04-14T10:42:50.514891 [PHY     ] [I] [   234.1] PUCCH: rnti=0x4605 format=1 prb1=4 prb2=na symb=[0, 14) cs=0 occ=0 sr=no metric=-nan sinr=-infdB t=9.5us
2026-04-14T10:42:50.519921 [PHY     ] [I] [   234.6] PUCCH: rnti=0x4604 format=2 prb=[7, 8) prb2=na symb=[4, 6) csi1=1111 sinr=11.0dB t=22.4us
2026-04-14T10:42:50.519930 [PHY     ] [I] [   234.6] PUCCH: rnti=0x4605 format=2 prb=[7, 8) prb2=na symb=[6, 8) csi1=1111 sinr=7.5dB t=3.0us
2026-04-14T10:42:50.534683 [PHY     ] [I] [   236.0] PUCCH: rnti=0x4604 format=1 prb1=4 prb2=na symb=[0, 14) cs=0 occ=0 sr=no metric=-nan sinr=-infdB t=18.7us
2026-04-14T10:42:50.535644 [PHY     ] [I] [   236.1] PUCCH: rnti=0x4605 format=1 prb1=4 prb2=na symb=[0, 14) cs=0 occ=0 sr=no metric=-nan sinr=-infdB t=8.5us
2026-04-14T10:42:50.540932 [PHY     ] [I] [   236.6] PUCCH: rnti=0x4604 format=2 prb=[7, 8) prb2=na symb=[4, 6) csi1=1111 sinr=11.0dB t=19.0us
2026-04-14T10:42:50.540942 [PHY     ] [I] [   236.6] PUCCH: rnti=0x4605 format=2 prb=[7, 8) prb2=na symb=[6, 8) csi1=1111 sinr=7.5dB t=3.0us
2026-04-14T10:42:50.556286 [PHY     ] [I] [   238.0] PUCCH: rnti=0x4604 format=1 prb1=4 prb2=na symb=[0, 14) cs=0 occ=0 sr=no metric=-nan sinr=-infdB t=13.5us
2026-04-14T10:42:50.556760 [PHY     ] [I] [   238.1] PUCCH: rnti=0x4605 format=1 prb1=4 prb2=na symb=[0, 14) cs=0 occ=0 sr=no metric=-nan sinr=-infdB t=11.0us
2026-04-14T10:42:50.562034 [PHY     ] [I] [   238.6] PUCCH: rnti=0x4604 format=2 prb=[7, 8) prb2=na symb=[4, 6) csi1=1111 sinr=11.0dB t=20.4us
2026-04-14T10:42:50.562047 [PHY     ] [I] [   238.6] PUCCH: rnti=0x4605 format=2 prb=[7, 8) prb2=na symb=[6, 8) csi1=1111 sinr=7.5dB t=3.4us
2026-04-14T10:42:50.576826 [PHY     ] [I] [   240.0] PUCCH: rnti=0x4604 format=1 prb1=4 prb2=na symb=[0, 14) cs=0 occ=0 sr=no metric=-nan sinr=-infdB t=15.2us
2026-04-14T10:42:50.577836 [PHY     ] [I] [   240.1] PUCCH: rnti=0x4605 format=1 prb1=4 prb2=na symb=[0, 14) cs=0 occ=0 sr=no metric=-nan sinr=-infdB t=13.5us
2026-04-14T10:42:50.583126 [PHY     ] [I] [   240.6] PUCCH: rnti=0x4604 format=2 prb=[7, 8) prb2=na symb=[4, 6) csi1=1111 sinr=11.0dB t=17.9us
2026-04-14T10:42:50.583138 [PHY     ] [I] [   240.6] PUCCH: rnti=0x4605 format=2 prb=[7, 8) prb2=na symb=[6, 8) csi1=1111 sinr=7.5dB t=3.4us
2026-04-14T10:42:50.598234 [PHY     ] [I] [   242.0] PUCCH: rnti=0x4604 format=1 prb1=4 prb2=na symb=[0, 14) cs=0 occ=0 sr=no metric=-nan sinr=-infdB t=13.3us
2026-04-14T10:42:50.598911 [PHY     ] [I] [   242.1] PUCCH: rnti=0x4605 format=1 prb1=4 prb2=na symb=[0, 14) cs=0 occ=0 sr=no metric=-nan sinr=-infdB t=14.2us
2026-04-14T10:42:50.604140 [PHY     ] [I] [   242.6] PUCCH: rnti=0x4604 format=2 prb=[7, 8) prb2=na symb=[4, 6) csi1=1111 sinr=11.0dB t=15.6us
2026-04-14T10:42:50.604147 [PHY     ] [I] [   242.6] PUCCH: rnti=0x4605 format=2 prb=[7, 8) prb2=na symb=[6, 8) csi1=1111 sinr=7.5dB t=2.5us
2026-04-14T10:42:50.618914 [PHY     ] [I] [   244.0] PUCCH: rnti=0x4604 format=1 prb1=4 prb2=na symb=[0, 14) cs=0 occ=0 sr=no metric=-nan sinr=-infdB t=12.4us
2026-04-14T10:42:50.619935 [PHY     ] [I] [   244.1] PUCCH: rnti=0x4605 format=1 prb1=4 prb2=na symb=[0, 14) cs=0 occ=0 sr=no metric=-nan sinr=-infdB t=9.3us
2026-04-14T10:42:50.625172 [PHY     ] [I] [   244.6] PUCCH: rnti=0x4604 format=2 prb=[7, 8) prb2=na symb=[4, 6) csi1=1111 sinr=11.0dB t=14.2us
2026-04-14T10:42:50.625181 [PHY     ] [I] [   244.6] PUCCH: rnti=0x4605 format=2 prb=[7, 8) prb2=na symb=[6, 8) csi1=1111 sinr=7.5dB t=2.5us
2026-04-14T10:42:50.640006 [PHY     ] [I] [   246.0] PUCCH: rnti=0x4604 format=1 prb1=4 prb2=na symb=[0, 14) cs=0 occ=0 sr=no metric=-nan sinr=-infdB t=18.2us
2026-04-14T10:42:50.641003 [PHY     ] [I] [   246.1] PUCCH: rnti=0x4605 format=1 prb1=4 prb2=na symb=[0, 14) cs=0 occ=0 sr=no metric=-nan sinr=-infdB t=15.6us
2026-04-14T10:42:50.646257 [PHY     ] [I] [   246.6] PUCCH: rnti=0x4604 format=2 prb=[7, 8) prb2=na symb=[4, 6) csi1=1111 sinr=11.0dB t=17.2us
2026-04-14T10:42:50.646270 [PHY     ] [I] [   246.6] PUCCH: rnti=0x4605 format=2 prb=[7, 8) prb2=na symb=[6, 8) csi1=1111 sinr=7.5dB t=2.5us
2026-04-14T10:42:50.661088 [PHY     ] [I] [   248.0] PUCCH: rnti=0x4604 format=1 prb1=4 prb2=na symb=[0, 14) cs=0 occ=0 sr=no metric=-nan sinr=-infdB t=21.5us
2026-04-14T10:42:50.662059 [PHY     ] [I] [   248.1] PUCCH: rnti=0x4605 format=1 prb1=4 prb2=na symb=[0, 14) cs=0 occ=0 sr=no metric=-nan sinr=-infdB t=8.1us
2026-04-14T10:42:50.667347 [PHY     ] [I] [   248.6] PUCCH: rnti=0x4604 format=2 prb=[7, 8) prb2=na symb=[4, 6) csi1=1111 sinr=11.0dB t=20.7us
2026-04-14T10:42:50.667758 [PHY     ] [I] [   248.6] PUCCH: rnti=0x4605 format=2 prb=[7, 8) prb2=na symb=[6, 8) csi1=1111 sinr=7.5dB t=2.7us
2026-04-14T10:42:50.682180 [PHY     ] [I] [   250.0] PUCCH: rnti=0x4604 format=1 prb1=4 prb2=na symb=[0, 14) cs=0 occ=0 sr=no metric=-nan sinr=-infdB t=19.5us
2026-04-14T10:42:50.683151 [PHY     ] [I] [   250.1] PUCCH: rnti=0x4605 format=1 prb1=4 prb2=na symb=[0, 14) cs=0 occ=0 sr=no metric=-nan sinr=-infdB t=9.0us
2026-04-14T10:42:50.688449 [PHY     ] [I] [   250.6] PUCCH: rnti=0x4604 format=2 prb=[7, 8) prb2=na symb=[4, 6) csi1=1111 sinr=11.0dB t=16.4us
2026-04-14T10:42:50.688472 [PHY     ] [I] [   250.6] PUCCH: rnti=0x4605 format=2 prb=[7, 8) prb2=na symb=[6, 8) csi1=1111 sinr=7.5dB t=2.5us
2026-04-14T10:42:50.703257 [PHY     ] [I] [   252.0] PUCCH: rnti=0x4604 format=1 prb1=4 prb2=na symb=[0, 14) cs=0 occ=0 sr=no metric=-nan sinr=-infdB t=21.7us
2026-04-14T10:42:50.704209 [PHY     ] [I] [   252.1] PUCCH: rnti=0x4605 format=1 prb1=4 prb2=na symb=[0, 14) cs=0 occ=0 sr=no metric=-nan sinr=-infdB t=9.6us
2026-04-14T10:42:50.709505 [PHY     ] [I] [   252.6] PUCCH: rnti=0x4604 format=2 prb=[7, 8) prb2=na symb=[4, 6) csi1=1111 sinr=11.0dB t=15.2us
2026-04-14T10:42:50.709517 [PHY     ] [I] [   252.6] PUCCH: rnti=0x4605 format=2 prb=[7, 8) prb2=na symb=[6, 8) csi1=1111 sinr=7.5dB t=2.5us
2026-04-14T10:42:50.724395 [PHY     ] [I] [   254.0] PUCCH: rnti=0x4604 format=1 prb1=4 prb2=na symb=[0, 14) cs=0 occ=0 sr=no metric=-nan sinr=-infdB t=15.9us
2026-04-14T10:42:50.725303 [PHY     ] [I] [   254.1] PUCCH: rnti=0x4605 format=1 prb1=4 prb2=na symb=[0, 14) cs=0 occ=0 sr=no metric=-nan sinr=-infdB t=10.3us
2026-04-14T10:42:50.731146 [PHY     ] [I] [   254.6] PUCCH: rnti=0x4604 format=2 prb=[7, 8) prb2=na symb=[4, 6) csi1=1111 sinr=11.0dB t=24.7us
2026-04-14T10:42:50.731154 [PHY     ] [I] [   254.6] PUCCH: rnti=0x4605 format=2 prb=[7, 8) prb2=na symb=[6, 8) csi1=1111 sinr=7.5dB t=4.0us
2026-04-14T10:42:50.745476 [PHY     ] [I] [   256.0] PUCCH: rnti=0x4604 format=1 prb1=4 prb2=na symb=[0, 14) cs=0 occ=0 sr=no metric=-nan sinr=-infdB t=16.9us
2026-04-14T10:42:50.746427 [PHY     ] [I] [   256.1] PUCCH: rnti=0x4605 format=1 prb1=4 prb2=na symb=[0, 14) cs=0 occ=0 sr=no metric=-nan sinr=-infdB t=15.7us
2026-04-14T10:42:50.751712 [PHY     ] [I] [   256.6] PUCCH: rnti=0x4604 format=2 prb=[7, 8) prb2=na symb=[4, 6) csi1=1111 sinr=11.0dB t=20.1us
2026-04-14T10:42:50.751719 [PHY     ] [I] [   256.6] PUCCH: rnti=0x4605 format=2 prb=[7, 8) prb2=na symb=[6, 8) csi1=1111 sinr=7.5dB t=3.5us
2026-04-14T10:42:50.766483 [PHY     ] [I] [   258.0] PUCCH: rnti=0x4604 format=1 prb1=4 prb2=na symb=[0, 14) cs=0 occ=0 sr=no metric=-nan sinr=-infdB t=13.7us
2026-04-14T10:42:50.767464 [PHY     ] [I] [   258.1] PUCCH: rnti=0x4605 format=1 prb1=4 prb2=na symb=[0, 14) cs=0 occ=0 sr=no metric=-nan sinr=-infdB t=9.2us
2026-04-14T10:42:50.773060 [PHY     ] [I] [   258.6] PUCCH: rnti=0x4604 format=2 prb=[7, 8) prb2=na symb=[4, 6) csi1=1111 sinr=11.0dB t=18.5us
2026-04-14T10:42:50.773068 [PHY     ] [I] [   258.6] PUCCH: rnti=0x4605 format=2 prb=[7, 8) prb2=na symb=[6, 8) csi1=1111 sinr=7.5dB t=4.5us
2026-04-14T10:42:50.787598 [PHY     ] [I] [   260.0] PUCCH: rnti=0x4604 format=1 prb1=4 prb2=na symb=[0, 14) cs=0 occ=0 sr=no metric=-nan sinr=-infdB t=19.5us
2026-04-14T10:42:50.788591 [PHY     ] [I] [   260.1] PUCCH: rnti=0x4605 format=1 prb1=4 prb2=na symb=[0, 14) cs=0 occ=0 sr=no metric=-nan sinr=-infdB t=9.9us
2026-04-14T10:42:50.793852 [PHY     ] [I] [   260.6] PUCCH: rnti=0x4604 format=2 prb=[7, 8) prb2=na symb=[4, 6) csi1=1111 sinr=11.0dB t=33.2us
2026-04-14T10:42:50.794416 [PHY     ] [I] [   260.6] PUCCH: rnti=0x4605 format=2 prb=[7, 8) prb2=na symb=[6, 8) csi1=1111 sinr=7.5dB t=3.5us
2026-04-14T10:42:50.809193 [PHY     ] [I] [   262.0] PUCCH: rnti=0x4604 format=1 prb1=4 prb2=na symb=[0, 14) cs=0 occ=0 sr=no metric=-nan sinr=-infdB t=149.8us
2026-04-14T10:42:50.809989 [PHY     ] [I] [   262.1] PUCCH: rnti=0x4605 format=1 prb1=4 prb2=na symb=[0, 14) cs=0 occ=0 sr=no metric=-nan sinr=-infdB t=11.3us
2026-04-14T10:42:50.815163 [PHY     ] [I] [   262.6] PUCCH: rnti=0x4604 format=2 prb=[7, 8) prb2=na symb=[4, 6) csi1=1111 sinr=11.0dB t=98.1us
2026-04-14T10:42:50.815174 [PHY     ] [I] [   262.6] PUCCH: rnti=0x4605 format=2 prb=[7, 8) prb2=na symb=[6, 8) csi1=1111 sinr=7.5dB t=2.8us
2026-04-14T10:42:50.829841 [PHY     ] [I] [   264.0] PUCCH: rnti=0x4604 format=1 prb1=4 prb2=na symb=[0, 14) cs=0 occ=0 sr=no metric=-nan sinr=-infdB t=30.0us
2026-04-14T10:42:50.830626 [PHY     ] [I] [   264.1] PUCCH: rnti=0x4605 format=1 prb1=4 prb2=na symb=[0, 14) cs=0 occ=0 sr=no metric=-nan sinr=-infdB t=13.1us
2026-04-14T10:42:50.835900 [PHY     ] [I] [   264.6] PUCCH: rnti=0x4604 format=2 prb=[7, 8) prb2=na symb=[4, 6) csi1=1111 sinr=11.0dB t=31.7us
2026-04-14T10:42:50.836237 [PHY     ] [I] [   264.6] PUCCH: rnti=0x4605 format=2 prb=[7, 8) prb2=na symb=[6, 8) csi1=1111 sinr=7.5dB t=8.6us
2026-04-14T10:42:50.850746 [PHY     ] [I] [   266.0] PUCCH: rnti=0x4604 format=1 prb1=4 prb2=na symb=[0, 14) cs=0 occ=0 sr=no metric=-nan sinr=-infdB t=26.8us
2026-04-14T10:42:50.851860 [PHY     ] [I] [   266.1] PUCCH: rnti=0x4605 format=1 prb1=4 prb2=na symb=[0, 14) cs=0 occ=0 sr=no metric=-nan sinr=-infdB t=16.1us
2026-04-14T10:42:50.856944 [PHY     ] [I] [   266.6] PUCCH: rnti=0x4604 format=2 prb=[7, 8) prb2=na symb=[4, 6) csi1=1111 sinr=11.0dB t=29.1us
2026-04-14T10:42:50.856955 [PHY     ] [I] [   266.6] PUCCH: rnti=0x4605 format=2 prb=[7, 8) prb2=na symb=[6, 8) csi1=1111 sinr=7.5dB t=2.9us
2026-04-14T10:42:50.871819 [PHY     ] [I] [   268.0] PUCCH: rnti=0x4604 format=1 prb1=4 prb2=na symb=[0, 14) cs=0 occ=0 sr=no metric=-nan sinr=-infdB t=28.6us
2026-04-14T10:42:50.873291 [PHY     ] [I] [   268.1] PUCCH: rnti=0x4605 format=1 prb1=4 prb2=na symb=[0, 14) cs=0 occ=0 sr=no metric=-nan sinr=-infdB t=22.5us
2026-04-14T10:42:50.878467 [PHY     ] [I] [   268.6] PUCCH: rnti=0x4604 format=2 prb=[7, 8) prb2=na symb=[4, 6) csi1=1111 sinr=11.0dB t=34.7us
2026-04-14T10:42:50.878477 [PHY     ] [I] [   268.6] PUCCH: rnti=0x4605 format=2 prb=[7, 8) prb2=na symb=[6, 8) csi1=1111 sinr=7.5dB t=4.9us
2026-04-14T10:42:50.893549 [PHY     ] [I] [   270.0] PUCCH: rnti=0x4604 format=1 prb1=4 prb2=na symb=[0, 14) cs=0 occ=0 sr=no metric=-nan sinr=-infdB t=115.7us
2026-04-14T10:42:50.894123 [PHY     ] [I] [   270.1] PUCCH: rnti=0x4605 format=1 prb1=4 prb2=na symb=[0, 14) cs=0 occ=0 sr=no metric=-nan sinr=-infdB t=79.3us
2026-04-14T10:42:50.899234 [PHY     ] [I] [   270.6] PUCCH: rnti=0x4604 format=2 prb=[7, 8) prb2=na symb=[4, 6) csi1=1111 sinr=11.0dB t=93.3us
2026-04-14T10:42:50.899243 [PHY     ] [I] [   270.6] PUCCH: rnti=0x4605 format=2 prb=[7, 8) prb2=na symb=[6, 8) csi1=1111 sinr=7.5dB t=4.3us
2026-04-14T10:42:50.914107 [PHY     ] [I] [   272.0] PUCCH: rnti=0x4604 format=1 prb1=4 prb2=na symb=[0, 14) cs=0 occ=0 sr=no metric=-nan sinr=-infdB t=76.4us
2026-04-14T10:42:50.914583 [PHY     ] [I] [   272.1] PUCCH: rnti=0x4605 format=1 prb1=4 prb2=na symb=[0, 14) cs=0 occ=0 sr=no metric=-nan sinr=-infdB t=67.7us
2026-04-14T10:42:50.919922 [PHY     ] [I] [   272.6] PUCCH: rnti=0x4604 format=2 prb=[7, 8) prb2=na symb=[4, 6) csi1=1111 sinr=11.0dB t=86.9us
2026-04-14T10:42:50.919935 [PHY     ] [I] [   272.6] PUCCH: rnti=0x4605 format=2 prb=[7, 8) prb2=na symb=[6, 8) csi1=1111 sinr=7.5dB t=6.1us
2026-04-14T10:42:50.934649 [PHY     ] [I] [   274.0] PUCCH: rnti=0x4604 format=1 prb1=4 prb2=na symb=[0, 14) cs=0 occ=0 sr=no metric=-nan sinr=-infdB t=87.1us
2026-04-14T10:42:50.935162 [PHY     ] [I] [   274.1] PUCCH: rnti=0x4605 format=1 prb1=4 prb2=na symb=[0, 14) cs=0 occ=0 sr=no metric=-nan sinr=-infdB t=13.0us
2026-04-14T10:42:50.940318 [PHY     ] [I] [   274.6] PUCCH: rnti=0x4604 format=2 prb=[7, 8) prb2=na symb=[4, 6) csi1=1111 sinr=11.0dB t=30.8us
2026-04-14T10:42:50.940329 [PHY     ] [I] [   274.6] PUCCH: rnti=0x4605 format=2 prb=[7, 8) prb2=na symb=[6, 8) csi1=1111 sinr=7.5dB t=3.4us
2026-04-14T10:42:50.955468 [PHY     ] [I] [   276.0] PUCCH: rnti=0x4604 format=1 prb1=4 prb2=na symb=[0, 14) cs=0 occ=0 sr=no metric=-nan sinr=-infdB t=16.3us
2026-04-14T10:42:50.956253 [PHY     ] [I] [   276.1] PUCCH: rnti=0x4605 format=1 prb1=4 prb2=na symb=[0, 14) cs=0 occ=0 sr=no metric=-nan sinr=-infdB t=11.6us
2026-04-14T10:42:50.961409 [PHY     ] [I] [   276.6] PUCCH: rnti=0x4604 format=2 prb=[7, 8) prb2=na symb=[4, 6) csi1=1111 sinr=11.0dB t=25.0us
2026-04-14T10:42:50.961420 [PHY     ] [I] [   276.6] PUCCH: rnti=0x4605 format=2 prb=[7, 8) prb2=na symb=[6, 8) csi1=1111 sinr=7.5dB t=3.3us
2026-04-14T10:42:50.976178 [PHY     ] [I] [   278.0] PUCCH: rnti=0x4604 format=1 prb1=4 prb2=na symb=[0, 14) cs=0 occ=0 sr=no metric=-nan sinr=-infdB t=15.0us
2026-04-14T10:42:50.977326 [PHY     ] [I] [   278.1] PUCCH: rnti=0x4605 format=1 prb1=4 prb2=na symb=[0, 14) cs=0 occ=0 sr=no metric=-nan sinr=-infdB t=11.0us
2026-04-14T10:42:50.982456 [PHY     ] [I] [   278.6] PUCCH: rnti=0x4604 format=2 prb=[7, 8) prb2=na symb=[4, 6) csi1=1111 sinr=11.0dB t=22.7us
2026-04-14T10:42:50.982817 [PHY     ] [I] [   278.6] PUCCH: rnti=0x4605 format=2 prb=[7, 8) prb2=na symb=[6, 8) csi1=1111 sinr=7.5dB t=3.3us
2026-04-14T10:42:50.997351 [PHY     ] [I] [   280.0] PUCCH: rnti=0x4604 format=1 prb1=4 prb2=na symb=[0, 14) cs=0 occ=0 sr=no metric=-nan sinr=-infdB t=18.2us
2026-04-14T10:42:50.998491 [PHY     ] [I] [   280.1] PUCCH: rnti=0x4605 format=1 prb1=4 prb2=na symb=[0, 14) cs=0 occ=0 sr=no metric=-nan sinr=-infdB t=11.1us
2026-04-14T10:42:51.004532 [PHY     ] [I] [   280.6] PUCCH: rnti=0x4604 format=2 prb=[7, 8) prb2=na symb=[4, 6) csi1=1111 sinr=11.0dB t=25.7us
2026-04-14T10:42:51.004559 [PHY     ] [I] [   280.6] PUCCH: rnti=0x4605 format=2 prb=[7, 8) prb2=na symb=[6, 8) csi1=1111 sinr=7.5dB t=3.8us
2026-04-14T10:42:51.019093 [PHY     ] [I] [   282.0] PUCCH: rnti=0x4604 format=1 prb1=4 prb2=na symb=[0, 14) cs=0 occ=0 sr=no metric=-nan sinr=-infdB t=21.1us
2026-04-14T10:42:51.019878 [PHY     ] [I] [   282.1] PUCCH: rnti=0x4605 format=1 prb1=4 prb2=na symb=[0, 14) cs=0 occ=0 sr=no metric=-nan sinr=-infdB t=11.8us
2026-04-14T10:42:51.025029 [PHY     ] [I] [   282.6] PUCCH: rnti=0x4604 format=2 prb=[7, 8) prb2=na symb=[4, 6) csi1=1111 sinr=11.0dB t=165.5us
2026-04-14T10:42:51.025105 [PHY     ] [I] [   282.6] PUCCH: rnti=0x4605 format=2 prb=[7, 8) prb2=na symb=[6, 8) csi1=1111 sinr=7.5dB t=4.3us
2026-04-14T10:42:51.039811 [PHY     ] [I] [   284.0] PUCCH: rnti=0x4604 format=1 prb1=4 prb2=na symb=[0, 14) cs=0 occ=0 sr=no metric=-nan sinr=-infdB t=28.7us
2026-04-14T10:42:51.041033 [PHY     ] [I] [   284.1] PUCCH: rnti=0x4605 format=1 prb1=4 prb2=na symb=[0, 14) cs=0 occ=0 sr=no metric=-nan sinr=-infdB t=36.9us
2026-04-14T10:42:51.046029 [PHY     ] [I] [   284.6] PUCCH: rnti=0x4604 format=2 prb=[7, 8) prb2=na symb=[4, 6) csi1=1111 sinr=11.0dB t=29.5us
2026-04-14T10:42:51.046042 [PHY     ] [I] [   284.6] PUCCH: rnti=0x4605 format=2 prb=[7, 8) prb2=na symb=[6, 8) csi1=1111 sinr=7.5dB t=3.4us
2026-04-14T10:42:51.060991 [PHY     ] [I] [   286.0] PUCCH: rnti=0x4604 format=1 prb1=4 prb2=na symb=[0, 14) cs=0 occ=0 sr=no metric=-nan sinr=-infdB t=50.2us
2026-04-14T10:42:51.062025 [PHY     ] [I] [   286.1] PUCCH: rnti=0x4605 format=1 prb1=4 prb2=na symb=[0, 14) cs=0 occ=0 sr=no metric=-nan sinr=-infdB t=15.1us
2026-04-14T10:42:51.067584 [PHY     ] [I] [   286.6] PUCCH: rnti=0x4604 format=2 prb=[7, 8) prb2=na symb=[4, 6) csi1=1111 sinr=11.0dB t=24.2us
2026-04-14T10:42:51.067601 [PHY     ] [I] [   286.6] PUCCH: rnti=0x4605 format=2 prb=[7, 8) prb2=na symb=[6, 8) csi1=1111 sinr=7.5dB t=10.2us
2026-04-14T10:42:51.082018 [PHY     ] [I] [   288.0] PUCCH: rnti=0x4604 format=1 prb1=4 prb2=na symb=[0, 14) cs=0 occ=0 sr=no metric=-nan sinr=-infdB t=18.4us
2026-04-14T10:42:51.083136 [PHY     ] [I] [   288.1] PUCCH: rnti=0x4605 format=1 prb1=4 prb2=na symb=[0, 14) cs=0 occ=0 sr=no metric=-nan sinr=-infdB t=11.9us
2026-04-14T10:42:51.088340 [PHY     ] [I] [   288.6] PUCCH: rnti=0x4604 format=2 prb=[7, 8) prb2=na symb=[4, 6) csi1=1111 sinr=11.0dB t=19.8us
2026-04-14T10:42:51.088348 [PHY     ] [I] [   288.6] PUCCH: rnti=0x4605 format=2 prb=[7, 8) prb2=na symb=[6, 8) csi1=1111 sinr=7.5dB t=2.7us
2026-04-14T10:42:51.103203 [PHY     ] [I] [   290.0] PUCCH: rnti=0x4604 format=1 prb1=4 prb2=na symb=[0, 14) cs=0 occ=0 sr=no metric=-nan sinr=-infdB t=22.0us
2026-04-14T10:42:51.104346 [PHY     ] [I] [   290.1] PUCCH: rnti=0x4605 format=1 prb1=4 prb2=na symb=[0, 14) cs=0 occ=0 sr=no metric=-nan sinr=-infdB t=10.9us
2026-04-14T10:42:51.109828 [PHY     ] [I] [   290.6] PUCCH: rnti=0x4604 format=2 prb=[7, 8) prb2=na symb=[4, 6) csi1=1111 sinr=11.0dB t=20.8us
2026-04-14T10:42:51.109845 [PHY     ] [I] [   290.6] PUCCH: rnti=0x4605 format=2 prb=[7, 8) prb2=na symb=[6, 8) csi1=1111 sinr=7.5dB t=9.9us
2026-04-14T10:42:51.124461 [PHY     ] [I] [   292.0] PUCCH: rnti=0x4604 format=1 prb1=4 prb2=na symb=[0, 14) cs=0 occ=0 sr=no metric=-nan sinr=-infdB t=16.5us
2026-04-14T10:42:51.125616 [PHY     ] [I] [   292.1] PUCCH: rnti=0x4605 format=1 prb1=4 prb2=na symb=[0, 14) cs=0 occ=0 sr=no metric=-nan sinr=-infdB t=13.5us
2026-04-14T10:42:51.130672 [PHY     ] [I] [   292.6] PUCCH: rnti=0x4604 format=2 prb=[7, 8) prb2=na symb=[4, 6) csi1=1111 sinr=11.0dB t=19.5us
2026-04-14T10:42:51.130686 [PHY     ] [I] [   292.6] PUCCH: rnti=0x4605 format=2 prb=[7, 8) prb2=na symb=[6, 8) csi1=1111 sinr=7.5dB t=6.7us
2026-04-14T10:42:51.145493 [PHY     ] [I] [   294.0] PUCCH: rnti=0x4604 format=1 prb1=4 prb2=na symb=[0, 14) cs=0 occ=0 sr=no metric=-nan sinr=-infdB t=18.8us
2026-04-14T10:42:51.146801 [PHY     ] [I] [   294.1] PUCCH: rnti=0x4605 format=1 prb1=4 prb2=na symb=[0, 14) cs=0 occ=0 sr=no metric=-nan sinr=-infdB t=10.2us
2026-04-14T10:42:51.151724 [PHY     ] [I] [   294.6] PUCCH: rnti=0x4604 format=2 prb=[7, 8) prb2=na symb=[4, 6) csi1=1111 sinr=11.0dB t=22.0us
2026-04-14T10:42:51.151735 [PHY     ] [I] [   294.6] PUCCH: rnti=0x4605 format=2 prb=[7, 8) prb2=na symb=[6, 8) csi1=1111 sinr=7.5dB t=2.6us
2026-04-14T10:42:51.166499 [PHY     ] [I] [   296.0] PUCCH: rnti=0x4604 format=1 prb1=4 prb2=na symb=[0, 14) cs=0 occ=0 sr=no metric=-nan sinr=-infdB t=15.3us
2026-04-14T10:42:51.167540 [PHY     ] [I] [   296.1] PUCCH: rnti=0x4605 format=1 prb1=4 prb2=na symb=[0, 14) cs=0 occ=0 sr=no metric=-nan sinr=-infdB t=10.3us
2026-04-14T10:42:51.172727 [PHY     ] [I] [   296.6] PUCCH: rnti=0x4604 format=2 prb=[7, 8) prb2=na symb=[4, 6) csi1=1111 sinr=11.0dB t=45.7us
2026-04-14T10:42:51.172737 [PHY     ] [I] [   296.6] PUCCH: rnti=0x4605 format=2 prb=[7, 8) prb2=na symb=[6, 8) csi1=1111 sinr=7.5dB t=3.0us
2026-04-14T10:42:51.187475 [PHY     ] [I] [   298.0] PUCCH: rnti=0x4604 format=1 prb1=4 prb2=na symb=[0, 14) cs=0 occ=0 sr=no metric=-nan sinr=-infdB t=15.1us
2026-04-14T10:42:51.188784 [PHY     ] [I] [   298.1] PUCCH: rnti=0x4605 format=1 prb1=4 prb2=na symb=[0, 14) cs=0 occ=0 sr=no metric=-nan sinr=-infdB t=10.0us
2026-04-14T10:42:51.193770 [PHY     ] [I] [   298.6] PUCCH: rnti=0x4604 format=2 prb=[7, 8) prb2=na symb=[4, 6) csi1=1111 sinr=11.0dB t=46.7us
2026-04-14T10:42:51.193780 [PHY     ] [I] [   298.6] PUCCH: rnti=0x4605 format=2 prb=[7, 8) prb2=na symb=[6, 8) csi1=1111 sinr=7.5dB t=3.5us
2026-04-14T10:42:51.208574 [PHY     ] [I] [   300.0] PUCCH: rnti=0x4604 format=1 prb1=4 prb2=na symb=[0, 14) cs=0 occ=0 sr=no metric=-nan sinr=-infdB t=15.8us
2026-04-14T10:42:51.209557 [PHY     ] [I] [   300.1] PUCCH: rnti=0x4605 format=1 prb1=4 prb2=na symb=[0, 14) cs=0 occ=0 sr=no metric=-nan sinr=-infdB t=11.0us
2026-04-14T10:42:51.214793 [PHY     ] [I] [   300.6] PUCCH: rnti=0x4604 format=2 prb=[7, 8) prb2=na symb=[4, 6) csi1=1111 sinr=11.0dB t=45.4us
2026-04-14T10:42:51.214802 [PHY     ] [I] [   300.6] PUCCH: rnti=0x4605 format=2 prb=[7, 8) prb2=na symb=[6, 8) csi1=1111 sinr=7.5dB t=3.4us
2026-04-14T10:42:51.229565 [PHY     ] [I] [   302.0] PUCCH: rnti=0x4604 format=1 prb1=4 prb2=na symb=[0, 14) cs=0 occ=0 sr=no metric=-nan sinr=-infdB t=15.3us
2026-04-14T10:42:51.230607 [PHY     ] [I] [   302.1] PUCCH: rnti=0x4605 format=1 prb1=4 prb2=na symb=[0, 14) cs=0 occ=0 sr=no metric=-nan sinr=-infdB t=17.2us
2026-04-14T10:42:51.235770 [PHY     ] [I] [   302.6] PUCCH: rnti=0x4604 format=2 prb=[7, 8) prb2=na symb=[4, 6) csi1=1111 sinr=11.0dB t=19.5us
2026-04-14T10:42:51.235776 [PHY     ] [I] [   302.6] PUCCH: rnti=0x4605 format=2 prb=[7, 8) prb2=na symb=[6, 8) csi1=1111 sinr=7.5dB t=2.7us
2026-04-14T10:42:51.250773 [PHY     ] [I] [   304.0] PUCCH: rnti=0x4604 format=1 prb1=4 prb2=na symb=[0, 14) cs=0 occ=0 sr=no metric=-nan sinr=-infdB t=15.9us
2026-04-14T10:42:51.251859 [PHY     ] [I] [   304.1] PUCCH: rnti=0x4605 format=1 prb1=4 prb2=na symb=[0, 14) cs=0 occ=0 sr=no metric=-nan sinr=-infdB t=11.3us
2026-04-14T10:42:51.256831 [PHY     ] [I] [   304.6] PUCCH: rnti=0x4604 format=2 prb=[7, 8) prb2=na symb=[4, 6) csi1=1111 sinr=11.0dB t=21.3us
2026-04-14T10:42:51.256838 [PHY     ] [I] [   304.6] PUCCH: rnti=0x4605 format=2 prb=[7, 8) prb2=na symb=[6, 8) csi1=1111 sinr=7.5dB t=2.8us
2026-04-14T10:42:51.271584 [PHY     ] [I] [   306.0] PUCCH: rnti=0x4604 format=1 prb1=4 prb2=na symb=[0, 14) cs=0 occ=0 sr=no metric=-nan sinr=-infdB t=18.6us
2026-04-14T10:42:51.271868 [PHY     ] [I] [   306.1] PUCCH: rnti=0x4605 format=1 prb1=4 prb2=na symb=[0, 14) cs=0 occ=0 sr=no metric=-nan sinr=-infdB t=10.1us
2026-04-14T10:42:51.277883 [PHY     ] [I] [   306.6] PUCCH: rnti=0x4604 format=2 prb=[7, 8) prb2=na symb=[4, 6) csi1=1111 sinr=11.0dB t=26.0us
2026-04-14T10:42:51.277893 [PHY     ] [I] [   306.6] PUCCH: rnti=0x4605 format=2 prb=[7, 8) prb2=na symb=[6, 8) csi1=1111 sinr=7.5dB t=3.6us
2026-04-14T10:42:51.292779 [PHY     ] [I] [   308.0] PUCCH: rnti=0x4604 format=1 prb1=4 prb2=na symb=[0, 14) cs=0 occ=0 sr=no metric=-nan sinr=-infdB t=41.6us
2026-04-14T10:42:51.293955 [PHY     ] [I] [   308.1] PUCCH: rnti=0x4605 format=1 prb1=4 prb2=na symb=[0, 14) cs=0 occ=0 sr=no metric=-nan sinr=-infdB t=11.1us
2026-04-14T10:42:51.299098 [PHY     ] [I] [   308.6] PUCCH: rnti=0x4604 format=2 prb=[7, 8) prb2=na symb=[4, 6) csi1=1111 sinr=11.0dB t=21.0us
2026-04-14T10:42:51.299379 [PHY     ] [I] [   308.6] PUCCH: rnti=0x4605 format=2 prb=[7, 8) prb2=na symb=[6, 8) csi1=1111 sinr=7.5dB t=2.6us
2026-04-14T10:42:51.314013 [PHY     ] [I] [   310.0] PUCCH: rnti=0x4604 format=1 prb1=4 prb2=na symb=[0, 14) cs=0 occ=0 sr=no metric=-nan sinr=-infdB t=13.1us
2026-04-14T10:42:51.315077 [PHY     ] [I] [   310.1] PUCCH: rnti=0x4605 format=1 prb1=4 prb2=na symb=[0, 14) cs=0 occ=0 sr=no metric=-nan sinr=-infdB t=10.2us
2026-04-14T10:42:51.320257 [PHY     ] [I] [   310.6] PUCCH: rnti=0x4604 format=2 prb=[7, 8) prb2=na symb=[4, 6) csi1=1111 sinr=11.0dB t=25.3us
2026-04-14T10:42:51.320269 [PHY     ] [I] [   310.6] PUCCH: rnti=0x4605 format=2 prb=[7, 8) prb2=na symb=[6, 8) csi1=1111 sinr=7.5dB t=4.3us
2026-04-14T10:42:51.335049 [PHY     ] [I] [   312.0] PUCCH: rnti=0x4604 format=1 prb1=4 prb2=na symb=[0, 14) cs=0 occ=0 sr=no metric=-nan sinr=-infdB t=14.3us
2026-04-14T10:42:51.336251 [PHY     ] [I] [   312.1] PUCCH: rnti=0x4605 format=1 prb1=4 prb2=na symb=[0, 14) cs=0 occ=0 sr=no metric=-nan sinr=-infdB t=10.6us
2026-04-14T10:42:51.341274 [PHY     ] [I] [   312.6] PUCCH: rnti=0x4604 format=2 prb=[7, 8) prb2=na symb=[4, 6) csi1=1111 sinr=11.0dB t=17.6us
2026-04-14T10:42:51.341680 [PHY     ] [I] [   312.6] PUCCH: rnti=0x4605 format=2 prb=[7, 8) prb2=na symb=[6, 8) csi1=1111 sinr=7.5dB t=2.4us
2026-04-14T10:42:51.355712 [PHY     ] [I] [   314.0] PUCCH: rnti=0x4604 format=1 prb1=4 prb2=na symb=[0, 14) cs=0 occ=0 sr=no metric=-nan sinr=-infdB t=14.5us
2026-04-14T10:42:51.356787 [PHY     ] [I] [   314.1] PUCCH: rnti=0x4605 format=1 prb1=4 prb2=na symb=[0, 14) cs=0 occ=0 sr=no metric=-nan sinr=-infdB t=10.0us
2026-04-14T10:42:51.361844 [PHY     ] [I] [   314.6] PUCCH: rnti=0x4604 format=2 prb=[7, 8) prb2=na symb=[4, 6) csi1=1111 sinr=11.0dB t=18.4us
2026-04-14T10:42:51.361852 [PHY     ] [I] [   314.6] PUCCH: rnti=0x4605 format=2 prb=[7, 8) prb2=na symb=[6, 8) csi1=1111 sinr=7.5dB t=2.7us
2026-04-14T10:42:51.376205 [PHY     ] [I] [   316.0] PUCCH: rnti=0x4604 format=1 prb1=4 prb2=na symb=[0, 14) cs=0 occ=0 sr=no metric=-nan sinr=-infdB t=14.0us
2026-04-14T10:42:51.377268 [PHY     ] [I] [   316.1] PUCCH: rnti=0x4605 format=1 prb1=4 prb2=na symb=[0, 14) cs=0 occ=0 sr=no metric=-nan sinr=-infdB t=11.0us
2026-04-14T10:42:51.382309 [PHY     ] [I] [   316.6] PUCCH: rnti=0x4604 format=2 prb=[7, 8) prb2=na symb=[4, 6) csi1=1111 sinr=11.0dB t=16.9us
2026-04-14T10:42:51.382316 [PHY     ] [I] [   316.6] PUCCH: rnti=0x4605 format=2 prb=[7, 8) prb2=na symb=[6, 8) csi1=1111 sinr=7.5dB t=2.8us
2026-04-14T10:42:51.396720 [PHY     ] [I] [   318.0] PUCCH: rnti=0x4604 format=1 prb1=4 prb2=na symb=[0, 14) cs=0 occ=0 sr=no metric=-nan sinr=-infdB t=13.3us
2026-04-14T10:42:51.397763 [PHY     ] [I] [   318.1] PUCCH: rnti=0x4605 format=1 prb1=4 prb2=na symb=[0, 14) cs=0 occ=0 sr=no metric=-nan sinr=-infdB t=13.4us
2026-04-14T10:42:51.402823 [PHY     ] [I] [   318.6] PUCCH: rnti=0x4604 format=2 prb=[7, 8) prb2=na symb=[4, 6) csi1=1111 sinr=11.0dB t=16.4us
2026-04-14T10:42:51.402830 [PHY     ] [I] [   318.6] PUCCH: rnti=0x4605 format=2 prb=[7, 8) prb2=na symb=[6, 8) csi1=1111 sinr=7.5dB t=2.6us
2026-04-14T10:42:51.417512 [PHY     ] [I] [   320.0] PUCCH: rnti=0x4604 format=1 prb1=4 prb2=na symb=[0, 14) cs=0 occ=0 sr=no metric=-nan sinr=-infdB t=14.9us
2026-04-14T10:42:51.418584 [PHY     ] [I] [   320.1] PUCCH: rnti=0x4605 format=1 prb1=4 prb2=na symb=[0, 14) cs=0 occ=0 sr=no metric=-nan sinr=-infdB t=9.6us
2026-04-14T10:42:51.424298 [PHY     ] [I] [   320.6] PUCCH: rnti=0x4604 format=2 prb=[7, 8) prb2=na symb=[4, 6) csi1=1111 sinr=11.0dB t=17.9us
2026-04-14T10:42:51.424311 [PHY     ] [I] [   320.6] PUCCH: rnti=0x4605 format=2 prb=[7, 8) prb2=na symb=[6, 8) csi1=1111 sinr=7.5dB t=7.8us
2026-04-14T10:42:51.438552 [PHY     ] [I] [   322.0] PUCCH: rnti=0x4604 format=1 prb1=4 prb2=na symb=[0, 14) cs=0 occ=0 sr=no metric=-nan sinr=-infdB t=14.0us
2026-04-14T10:42:51.439644 [PHY     ] [I] [   322.1] PUCCH: rnti=0x4605 format=1 prb1=4 prb2=na symb=[0, 14) cs=0 occ=0 sr=no metric=-nan sinr=-infdB t=9.4us
2026-04-14T10:42:51.444851 [PHY     ] [I] [   322.6] PUCCH: rnti=0x4604 format=2 prb=[7, 8) prb2=na symb=[4, 6) csi1=1111 sinr=11.0dB t=17.0us
2026-04-14T10:42:51.445358 [PHY     ] [I] [   322.6] PUCCH: rnti=0x4605 format=2 prb=[7, 8) prb2=na symb=[6, 8) csi1=1111 sinr=7.5dB t=4.6us
2026-04-14T10:42:51.459519 [PHY     ] [I] [   324.0] PUCCH: rnti=0x4604 format=1 prb1=4 prb2=na symb=[0, 14) cs=0 occ=0 sr=no metric=-nan sinr=-infdB t=15.0us
2026-04-14T10:42:51.460651 [PHY     ] [I] [   324.1] PUCCH: rnti=0x4605 format=1 prb1=4 prb2=na symb=[0, 14) cs=0 occ=0 sr=no metric=-nan sinr=-infdB t=10.3us
2026-04-14T10:42:51.465766 [PHY     ] [I] [   324.6] PUCCH: rnti=0x4604 format=2 prb=[7, 8) prb2=na symb=[4, 6) csi1=1111 sinr=11.0dB t=26.1us
2026-04-14T10:42:51.465778 [PHY     ] [I] [   324.6] PUCCH: rnti=0x4605 format=2 prb=[7, 8) prb2=na symb=[6, 8) csi1=1111 sinr=7.5dB t=3.1us
2026-04-14T10:42:51.480534 [PHY     ] [I] [   326.0] PUCCH: rnti=0x4604 format=1 prb1=4 prb2=na symb=[0, 14) cs=0 occ=0 sr=no metric=-nan sinr=-infdB t=16.4us
2026-04-14T10:42:51.481657 [PHY     ] [I] [   326.1] PUCCH: rnti=0x4605 format=1 prb1=4 prb2=na symb=[0, 14) cs=0 occ=0 sr=no metric=-nan sinr=-infdB t=10.2us
2026-04-14T10:42:51.486769 [PHY     ] [I] [   326.6] PUCCH: rnti=0x4604 format=2 prb=[7, 8) prb2=na symb=[4, 6) csi1=1111 sinr=11.0dB t=27.0us
2026-04-14T10:42:51.487299 [PHY     ] [I] [   326.6] PUCCH: rnti=0x4605 format=2 prb=[7, 8) prb2=na symb=[6, 8) csi1=1111 sinr=7.5dB t=3.4us
2026-04-14T10:42:51.501571 [PHY     ] [I] [   328.0] PUCCH: rnti=0x4604 format=1 prb1=4 prb2=na symb=[0, 14) cs=0 occ=0 sr=no metric=-nan sinr=-infdB t=18.4us
2026-04-14T10:42:51.502685 [PHY     ] [I] [   328.1] PUCCH: rnti=0x4605 format=1 prb1=4 prb2=na symb=[0, 14) cs=0 occ=0 sr=no metric=-nan sinr=-infdB t=10.4us
2026-04-14T10:42:51.507761 [PHY     ] [I] [   328.6] PUCCH: rnti=0x4604 format=2 prb=[7, 8) prb2=na symb=[4, 6) csi1=1111 sinr=11.0dB t=21.4us
2026-04-14T10:42:51.507770 [PHY     ] [I] [   328.6] PUCCH: rnti=0x4605 format=2 prb=[7, 8) prb2=na symb=[6, 8) csi1=1111 sinr=7.5dB t=2.7us
2026-04-14T10:42:51.522555 [PHY     ] [I] [   330.0] PUCCH: rnti=0x4604 format=1 prb1=4 prb2=na symb=[0, 14) cs=0 occ=0 sr=no metric=-nan sinr=-infdB t=13.7us
2026-04-14T10:42:51.523676 [PHY     ] [I] [   330.1] PUCCH: rnti=0x4605 format=1 prb1=4 prb2=na symb=[0, 14) cs=0 occ=0 sr=no metric=-nan sinr=-infdB t=10.6us
2026-04-14T10:42:51.528816 [PHY     ] [I] [   330.6] PUCCH: rnti=0x4604 format=2 prb=[7, 8) prb2=na symb=[4, 6) csi1=1111 sinr=11.0dB t=18.9us
2026-04-14T10:42:51.528823 [PHY     ] [I] [   330.6] PUCCH: rnti=0x4605 format=2 prb=[7, 8) prb2=na symb=[6, 8) csi1=1111 sinr=7.5dB t=2.7us
2026-04-14T10:42:51.543556 [PHY     ] [I] [   332.0] PUCCH: rnti=0x4604 format=1 prb1=4 prb2=na symb=[0, 14) cs=0 occ=0 sr=no metric=-nan sinr=-infdB t=14.6us
2026-04-14T10:42:51.544658 [PHY     ] [I] [   332.1] PUCCH: rnti=0x4605 format=1 prb1=4 prb2=na symb=[0, 14) cs=0 occ=0 sr=no metric=-nan sinr=-infdB t=9.9us
2026-04-14T10:42:51.550352 [PHY     ] [I] [   332.6] PUCCH: rnti=0x4604 format=2 prb=[7, 8) prb2=na symb=[4, 6) csi1=1111 sinr=11.0dB t=18.0us
2026-04-14T10:42:51.550365 [PHY     ] [I] [   332.6] PUCCH: rnti=0x4605 format=2 prb=[7, 8) prb2=na symb=[6, 8) csi1=1111 sinr=7.5dB t=7.3us
2026-04-14T10:42:51.564570 [PHY     ] [I] [   334.0] PUCCH: rnti=0x4604 format=1 prb1=4 prb2=na symb=[0, 14) cs=0 occ=0 sr=no metric=-nan sinr=-infdB t=16.3us
2026-04-14T10:42:51.565695 [PHY     ] [I] [   334.1] PUCCH: rnti=0x4605 format=1 prb1=4 prb2=na symb=[0, 14) cs=0 occ=0 sr=no metric=-nan sinr=-infdB t=10.3us
2026-04-14T10:42:51.570820 [PHY     ] [I] [   334.6] PUCCH: rnti=0x4604 format=2 prb=[7, 8) prb2=na symb=[4, 6) csi1=1111 sinr=11.0dB t=24.4us
2026-04-14T10:42:51.570828 [PHY     ] [I] [   334.6] PUCCH: rnti=0x4605 format=2 prb=[7, 8) prb2=na symb=[6, 8) csi1=1111 sinr=7.5dB t=2.8us
2026-04-14T10:42:51.585684 [PHY     ] [I] [   336.0] PUCCH: rnti=0x4604 format=1 prb1=4 prb2=na symb=[0, 14) cs=0 occ=0 sr=no metric=-nan sinr=-infdB t=23.5us
2026-04-14T10:42:51.587056 [PHY     ] [I] [   336.1] PUCCH: rnti=0x4605 format=1 prb1=4 prb2=na symb=[0, 14) cs=0 occ=0 sr=no metric=-nan sinr=-infdB t=14.5us
2026-04-14T10:42:51.591901 [PHY     ] [I] [   336.6] PUCCH: rnti=0x4604 format=2 prb=[7, 8) prb2=na symb=[4, 6) csi1=1111 sinr=11.0dB t=28.0us
2026-04-14T10:42:51.591911 [PHY     ] [I] [   336.6] PUCCH: rnti=0x4605 format=2 prb=[7, 8) prb2=na symb=[6, 8) csi1=1111 sinr=7.5dB t=3.8us
2026-04-14T10:42:51.606671 [PHY     ] [I] [   338.0] PUCCH: rnti=0x4604 format=1 prb1=4 prb2=na symb=[0, 14) cs=0 occ=0 sr=no metric=-nan sinr=-infdB t=23.4us
2026-04-14T10:42:51.607681 [PHY     ] [I] [   338.1] PUCCH: rnti=0x4605 format=1 prb1=4 prb2=na symb=[0, 14) cs=0 occ=0 sr=no metric=-nan sinr=-infdB t=11.3us
2026-04-14T10:42:51.612894 [PHY     ] [I] [   338.6] PUCCH: rnti=0x4604 format=2 prb=[7, 8) prb2=na symb=[4, 6) csi1=1111 sinr=11.0dB t=28.8us
2026-04-14T10:42:51.613214 [PHY     ] [I] [   338.6] PUCCH: rnti=0x4605 format=2 prb=[7, 8) prb2=na symb=[6, 8) csi1=1111 sinr=7.5dB t=3.4us
2026-04-14T10:42:51.627645 [PHY     ] [I] [   340.0] PUCCH: rnti=0x4604 format=1 prb1=4 prb2=na symb=[0, 14) cs=0 occ=0 sr=no metric=-nan sinr=-infdB t=18.5us
2026-04-14T10:42:51.628726 [PHY     ] [I] [   340.1] PUCCH: rnti=0x4605 format=1 prb1=4 prb2=na symb=[0, 14) cs=0 occ=0 sr=no metric=-nan sinr=-infdB t=10.9us
2026-04-14T10:42:51.633869 [PHY     ] [I] [   340.6] PUCCH: rnti=0x4604 format=2 prb=[7, 8) prb2=na symb=[4, 6) csi1=1111 sinr=11.0dB t=22.9us
2026-04-14T10:42:51.633877 [PHY     ] [I] [   340.6] PUCCH: rnti=0x4605 format=2 prb=[7, 8) prb2=na symb=[6, 8) csi1=1111 sinr=7.5dB t=2.7us
2026-04-14T10:42:51.648625 [PHY     ] [I] [   342.0] PUCCH: rnti=0x4604 format=1 prb1=4 prb2=na symb=[0, 14) cs=0 occ=0 sr=no metric=-nan sinr=-infdB t=14.5us
2026-04-14T10:42:51.649738 [PHY     ] [I] [   342.1] PUCCH: rnti=0x4605 format=1 prb1=4 prb2=na symb=[0, 14) cs=0 occ=0 sr=no metric=-nan sinr=-infdB t=9.6us
2026-04-14T10:42:51.654930 [PHY     ] [I] [   342.6] PUCCH: rnti=0x4604 format=2 prb=[7, 8) prb2=na symb=[4, 6) csi1=1111 sinr=11.0dB t=25.6us
2026-04-14T10:42:51.654992 [PHY     ] [I] [   342.6] PUCCH: rnti=0x4605 format=2 prb=[7, 8) prb2=na symb=[6, 8) csi1=1111 sinr=7.5dB t=3.2us
2026-04-14T10:42:51.669661 [PHY     ] [I] [   344.0] PUCCH: rnti=0x4604 format=1 prb1=4 prb2=na symb=[0, 14) cs=0 occ=0 sr=no metric=-nan sinr=-infdB t=16.7us
2026-04-14T10:42:51.670786 [PHY     ] [I] [   344.1] PUCCH: rnti=0x4605 format=1 prb1=4 prb2=na symb=[0, 14) cs=0 occ=0 sr=no metric=-nan sinr=-infdB t=10.7us
2026-04-14T10:42:51.675885 [PHY     ] [I] [   344.6] PUCCH: rnti=0x4604 format=2 prb=[7, 8) prb2=na symb=[4, 6) csi1=1111 sinr=11.0dB t=27.0us
2026-04-14T10:42:51.675898 [PHY     ] [I] [   344.6] PUCCH: rnti=0x4605 format=2 prb=[7, 8) prb2=na symb=[6, 8) csi1=1111 sinr=7.5dB t=2.7us
2026-04-14T10:42:51.690678 [PHY     ] [I] [   346.0] PUCCH: rnti=0x4604 format=1 prb1=4 prb2=na symb=[0, 14) cs=0 occ=0 sr=no metric=-nan sinr=-infdB t=15.2us
2026-04-14T10:42:51.691737 [PHY     ] [I] [   346.1] PUCCH: rnti=0x4605 format=1 prb1=4 prb2=na symb=[0, 14) cs=0 occ=0 sr=no metric=-nan sinr=-infdB t=10.1us
2026-04-14T10:42:51.697423 [PHY     ] [I] [   346.6] PUCCH: rnti=0x4604 format=2 prb=[7, 8) prb2=na symb=[4, 6) csi1=1111 sinr=11.0dB t=19.3us
2026-04-14T10:42:51.697441 [PHY     ] [I] [   346.6] PUCCH: rnti=0x4605 format=2 prb=[7, 8) prb2=na symb=[6, 8) csi1=1111 sinr=7.5dB t=9.0us
2026-04-14T10:42:51.711706 [PHY     ] [I] [   348.0] PUCCH: rnti=0x4604 format=1 prb1=4 prb2=na symb=[0, 14) cs=0 occ=0 sr=no metric=-nan sinr=-infdB t=14.6us
2026-04-14T10:42:51.712802 [PHY     ] [I] [   348.1] PUCCH: rnti=0x4605 format=1 prb1=4 prb2=na symb=[0, 14) cs=0 occ=0 sr=no metric=-nan sinr=-infdB t=10.4us
2026-04-14T10:42:51.717975 [PHY     ] [I] [   348.6] PUCCH: rnti=0x4604 format=2 prb=[7, 8) prb2=na symb=[4, 6) csi1=1111 sinr=11.0dB t=53.9us
2026-04-14T10:42:51.717984 [PHY     ] [I] [   348.6] PUCCH: rnti=0x4605 format=2 prb=[7, 8) prb2=na symb=[6, 8) csi1=1111 sinr=7.5dB t=4.8us
2026-04-14T10:42:51.732649 [PHY     ] [I] [   350.0] PUCCH: rnti=0x4604 format=1 prb1=4 prb2=na symb=[0, 14) cs=0 occ=0 sr=no metric=-nan sinr=-infdB t=19.8us
2026-04-14T10:42:51.733758 [PHY     ] [I] [   350.1] PUCCH: rnti=0x4605 format=1 prb1=4 prb2=na symb=[0, 14) cs=0 occ=0 sr=no metric=-nan sinr=-infdB t=10.9us
2026-04-14T10:42:51.738879 [PHY     ] [I] [   350.6] PUCCH: rnti=0x4604 format=2 prb=[7, 8) prb2=na symb=[4, 6) csi1=1111 sinr=11.0dB t=23.5us
2026-04-14T10:42:51.738886 [PHY     ] [I] [   350.6] PUCCH: rnti=0x4605 format=2 prb=[7, 8) prb2=na symb=[6, 8) csi1=1111 sinr=7.5dB t=3.0us
2026-04-14T10:42:51.753631 [PHY     ] [I] [   352.0] PUCCH: rnti=0x4604 format=1 prb1=4 prb2=na symb=[0, 14) cs=0 occ=0 sr=no metric=-nan sinr=-infdB t=16.8us
2026-04-14T10:42:51.754679 [PHY     ] [I] [   352.1] PUCCH: rnti=0x4605 format=1 prb1=4 prb2=na symb=[0, 14) cs=0 occ=0 sr=no metric=-nan sinr=-infdB t=11.6us
2026-04-14T10:42:51.759847 [PHY     ] [I] [   352.6] PUCCH: rnti=0x4604 format=2 prb=[7, 8) prb2=na symb=[4, 6) csi1=1111 sinr=11.0dB t=21.3us
2026-04-14T10:42:51.759855 [PHY     ] [I] [   352.6] PUCCH: rnti=0x4605 format=2 prb=[7, 8) prb2=na symb=[6, 8) csi1=1111 sinr=7.5dB t=2.8us
2026-04-14T10:42:51.774561 [PHY     ] [I] [   354.0] PUCCH: rnti=0x4604 format=1 prb1=4 prb2=na symb=[0, 14) cs=0 occ=0 sr=no metric=-nan sinr=-infdB t=42.7us
2026-04-14T10:42:51.775635 [PHY     ] [I] [   354.1] PUCCH: rnti=0x4605 format=1 prb1=4 prb2=na symb=[0, 14) cs=0 occ=0 sr=no metric=-nan sinr=-infdB t=10.5us
2026-04-14T10:42:51.780954 [PHY     ] [I] [   354.6] PUCCH: rnti=0x4604 format=2 prb=[7, 8) prb2=na symb=[4, 6) csi1=1111 sinr=11.0dB t=24.8us
2026-04-14T10:42:51.780973 [PHY     ] [I] [   354.6] PUCCH: rnti=0x4605 format=2 prb=[7, 8) prb2=na symb=[6, 8) csi1=1111 sinr=7.5dB t=13.1us
2026-04-14T10:42:51.795061 [PHY     ] [I] [   356.0] PUCCH: rnti=0x4604 format=1 prb1=4 prb2=na symb=[0, 14) cs=0 occ=0 sr=no metric=-nan sinr=-infdB t=21.1us
2026-04-14T10:42:51.796147 [PHY     ] [I] [   356.1] PUCCH: rnti=0x4605 format=1 prb1=4 prb2=na symb=[0, 14) cs=0 occ=0 sr=no metric=-nan sinr=-infdB t=12.7us
2026-04-14T10:42:51.801170 [PHY     ] [I] [   356.6] PUCCH: rnti=0x4604 format=2 prb=[7, 8) prb2=na symb=[4, 6) csi1=1111 sinr=11.0dB t=28.1us
2026-04-14T10:42:51.801183 [PHY     ] [I] [   356.6] PUCCH: rnti=0x4605 format=2 prb=[7, 8) prb2=na symb=[6, 8) csi1=1111 sinr=7.5dB t=3.2us
2026-04-14T10:42:51.815868 [PHY     ] [I] [   358.0] PUCCH: rnti=0x4604 format=1 prb1=4 prb2=na symb=[0, 14) cs=0 occ=0 sr=no metric=-nan sinr=-infdB t=20.8us
2026-04-14T10:42:51.817002 [PHY     ] [I] [   358.1] PUCCH: rnti=0x4605 format=1 prb1=4 prb2=na symb=[0, 14) cs=0 occ=0 sr=no metric=-nan sinr=-infdB t=11.7us
2026-04-14T10:42:51.822333 [PHY     ] [I] [   358.6] PUCCH: rnti=0x4604 format=2 prb=[7, 8) prb2=na symb=[4, 6) csi1=1111 sinr=11.0dB t=26.3us
2026-04-14T10:42:51.822507 [PHY     ] [I] [   358.6] PUCCH: rnti=0x4605 format=2 prb=[7, 8) prb2=na symb=[6, 8) csi1=1111 sinr=7.5dB t=8.3us
2026-04-14T10:42:51.836799 [PHY     ] [I] [   360.0] PUCCH: rnti=0x4604 format=1 prb1=4 prb2=na symb=[0, 14) cs=0 occ=0 sr=no metric=-nan sinr=-infdB t=19.6us
2026-04-14T10:42:51.837938 [PHY     ] [I] [   360.1] PUCCH: rnti=0x4605 format=1 prb1=4 prb2=na symb=[0, 14) cs=0 occ=0 sr=no metric=-nan sinr=-infdB t=10.8us
2026-04-14T10:42:51.843058 [PHY     ] [I] [   360.6] PUCCH: rnti=0x4604 format=2 prb=[7, 8) prb2=na symb=[4, 6) csi1=1111 sinr=11.0dB t=16.7us
2026-04-14T10:42:51.843068 [PHY     ] [I] [   360.6] PUCCH: rnti=0x4605 format=2 prb=[7, 8) prb2=na symb=[6, 8) csi1=1111 sinr=7.5dB t=2.9us
2026-04-14T10:42:51.857854 [PHY     ] [I] [   362.0] PUCCH: rnti=0x4604 format=1 prb1=4 prb2=na symb=[0, 14) cs=0 occ=0 sr=no metric=-nan sinr=-infdB t=44.7us
2026-04-14T10:42:51.859186 [PHY     ] [I] [   362.1] PUCCH: rnti=0x4605 format=1 prb1=4 prb2=na symb=[0, 14) cs=0 occ=0 sr=no metric=-nan sinr=-infdB t=11.2us
2026-04-14T10:42:51.864096 [PHY     ] [I] [   362.6] PUCCH: rnti=0x4604 format=2 prb=[7, 8) prb2=na symb=[4, 6) csi1=1111 sinr=11.0dB t=20.1us
2026-04-14T10:42:51.864104 [PHY     ] [I] [   362.6] PUCCH: rnti=0x4605 format=2 prb=[7, 8) prb2=na symb=[6, 8) csi1=1111 sinr=7.5dB t=2.8us
2026-04-14T10:42:51.878852 [PHY     ] [I] [   364.0] PUCCH: rnti=0x4604 format=1 prb1=4 prb2=na symb=[0, 14) cs=0 occ=0 sr=no metric=-nan sinr=-infdB t=17.7us
2026-04-14T10:42:51.879887 [PHY     ] [I] [   364.1] PUCCH: rnti=0x4605 format=1 prb1=4 prb2=na symb=[0, 14) cs=0 occ=0 sr=no metric=-nan sinr=-infdB t=17.6us
2026-04-14T10:42:51.885322 [PHY     ] [I] [   364.6] PUCCH: rnti=0x4604 format=2 prb=[7, 8) prb2=na symb=[4, 6) csi1=1111 sinr=11.0dB t=25.8us
2026-04-14T10:42:51.885330 [PHY     ] [I] [   364.6] PUCCH: rnti=0x4605 format=2 prb=[7, 8) prb2=na symb=[6, 8) csi1=1111 sinr=7.5dB t=3.2us
2026-04-14T10:42:51.900388 [PHY     ] [I] [   366.0] PUCCH: rnti=0x4604 format=1 prb1=4 prb2=na symb=[0, 14) cs=0 occ=0 sr=no metric=-nan sinr=-infdB t=20.7us
2026-04-14T10:42:51.901035 [PHY     ] [I] [   366.1] PUCCH: rnti=0x4605 format=1 prb1=4 prb2=na symb=[0, 14) cs=0 occ=0 sr=no metric=-nan sinr=-infdB t=12.7us
2026-04-14T10:42:51.906559 [PHY     ] [I] [   366.6] PUCCH: rnti=0x4604 format=2 prb=[7, 8) prb2=na symb=[4, 6) csi1=1111 sinr=11.0dB t=57.6us
2026-04-14T10:42:51.906574 [PHY     ] [I] [   366.6] PUCCH: rnti=0x4605 format=2 prb=[7, 8) prb2=na symb=[6, 8) csi1=1111 sinr=7.5dB t=7.9us
2026-04-14T10:42:51.920997 [PHY     ] [I] [   368.0] PUCCH: rnti=0x4604 format=1 prb1=4 prb2=na symb=[0, 14) cs=0 occ=0 sr=no metric=-nan sinr=-infdB t=34.3us
2026-04-14T10:42:51.921868 [PHY     ] [I] [   368.1] PUCCH: rnti=0x4605 format=1 prb1=4 prb2=na symb=[0, 14) cs=0 occ=0 sr=no metric=-nan sinr=-infdB t=14.6us
2026-04-14T10:42:51.927464 [PHY     ] [I] [   368.6] PUCCH: rnti=0x4604 format=2 prb=[7, 8) prb2=na symb=[4, 6) csi1=1111 sinr=11.0dB t=28.6us
2026-04-14T10:42:51.927482 [PHY     ] [I] [   368.6] PUCCH: rnti=0x4605 format=2 prb=[7, 8) prb2=na symb=[6, 8) csi1=1111 sinr=7.5dB t=10.2us
2026-04-14T10:42:51.942135 [PHY     ] [I] [   370.0] PUCCH: rnti=0x4604 format=1 prb1=4 prb2=na symb=[0, 14) cs=0 occ=0 sr=no metric=-nan sinr=-infdB t=21.5us
2026-04-14T10:42:51.942554 [PHY     ] [I] [   370.1] PUCCH: rnti=0x4605 format=1 prb1=4 prb2=na symb=[0, 14) cs=0 occ=0 sr=no metric=-nan sinr=-infdB t=10.9us
2026-04-14T10:42:51.948019 [PHY     ] [I] [   370.6] PUCCH: rnti=0x4604 format=2 prb=[7, 8) prb2=na symb=[4, 6) csi1=1111 sinr=11.0dB t=28.0us
2026-04-14T10:42:51.948171 [PHY     ] [I] [   370.6] PUCCH: rnti=0x4605 format=2 prb=[7, 8) prb2=na symb=[6, 8) csi1=1111 sinr=7.5dB t=6.5us
2026-04-14T10:42:51.951771 [NGAP    ] [I] ue=0 ran_ue=0 amf_ue=1: UE did not request a PDU session after 3000ms. Requesting UE release
2026-04-14T10:42:51.952250 [NGAP    ] [I] Tx PDU: UEContextReleaseRequest
2026-04-14T10:42:51.952932 [NGAP    ] [I] Rx PDU ue=0 ran_ue=0 amf_ue=1: UEContextReleaseCommand
2026-04-14T10:42:51.953647 [PDCP    ] [I] ue=0 SRB1 DL: TX PDU. type=data pdu_len=8 sn=7 count=7 is_retx=false
2026-04-14T10:42:51.953652 [RRC     ] [I] ue=0 c-rnti=0x4604: DCCH DL rrcRelease
2026-04-14T10:42:51.953863 [CU-CP-F1] [I] Tx PDU du=0 ue=0 cu_ue=0 du_ue=0: UEContextReleaseCommand
2026-04-14T10:42:51.953872 [DU-F1   ] [I] Rx PDU du=0 ue=0 cu_ue=0 du_ue=0: UEContextReleaseCommand
2026-04-14T10:42:51.954168 [DU-MNG  ] [I] ue=0: DRB traffic stopped
2026-04-14T10:42:51.954216 [RLC     ] [I] du=0 ue=0 SRB1 DL: TX SDU. sdu_len=8 pdcp_sn=7 is_retx=false queued_sdus=1 queued_bytes=8
2026-04-14T10:42:51.955138 [SCHED   ] [I] [   371.6] Slot decisions pci=1 t=17us (1 PDSCH, 0 PUSCHs, 0 PUCCHs): DL: ue=0 c-rnti=0x4604 h_id=1 ss_id=1 rb=[0..3) k1=4 newtx=true rv=0 tbs=16 ri=1 dl_bo=0
2026-04-14T10:42:51.955158 [RLC     ] [I] du=0 ue=0 SRB1 DL: TX PDU. dc=data p=1 si=full sn=7 pdu_len=10 grant_len=14
2026-04-14T10:42:51.955321 [MAC     ] [I] [   371.6] DL PDU: ue=0 rnti=0x4604 size=16: SDU: lcid=1 nof_sdus=1 total_size=12
2026-04-14T10:42:51.955861 [PHY     ] [I] [   371.6] PDCCH: rnti=0x4604 ss_id=1 format=1_0 cce=0 al=4 t=19.8us
2026-04-14T10:42:51.956094 [PHY     ] [I] [   371.6] PDSCH: rnti=0x4604 h_id=1 k1=4 prb=[0, 3) symb=[1, 14) mod=QPSK rv=0 tbs=16 t=22.4us
2026-04-14T10:42:51.962253 [PHY     ] [I] [   372.0] PUCCH: rnti=0x4604 format=1 prb1=4 prb2=na symb=[0, 14) cs=0 occ=0 ack=2 metric=0.1 sinr=-20.3dB t=16.6us
2026-04-14T10:42:51.962266 [PHY     ] [I] [   372.0] PUCCH: rnti=0x4604 format=1 prb1=0 prb2=na symb=[0, 14) cs=0 occ=0 ack=1 metric=474.5 sinr=12.5dB t=5.7us
2026-04-14T10:42:51.963478 [PHY     ] [I] [   372.1] PUCCH: rnti=0x4605 format=1 prb1=4 prb2=na symb=[0, 14) cs=0 occ=0 sr=no metric=-nan sinr=-infdB t=13.1us
2026-04-14T10:42:51.968431 [PHY     ] [I] [   372.6] PUCCH: rnti=0x4604 format=2 prb=[7, 8) prb2=na symb=[4, 6) csi1=1111 sinr=11.0dB t=22.8us
2026-04-14T10:42:51.969022 [PHY     ] [I] [   372.6] PUCCH: rnti=0x4605 format=2 prb=[7, 8) prb2=na symb=[6, 8) csi1=1111 sinr=7.5dB t=131.1us
2026-04-14T10:42:51.982739 [PHY     ] [I] [   374.0] PUCCH: rnti=0x4604 format=1 prb1=4 prb2=na symb=[0, 14) cs=0 occ=0 sr=no metric=-nan sinr=-infdB t=19.3us
2026-04-14T10:42:51.983683 [PHY     ] [I] [   374.1] PUCCH: rnti=0x4605 format=1 prb1=4 prb2=na symb=[0, 14) cs=0 occ=0 sr=no metric=-nan sinr=-infdB t=10.1us
2026-04-14T10:42:51.988898 [PHY     ] [I] [   374.6] PUCCH: rnti=0x4604 format=2 prb=[7, 8) prb2=na symb=[4, 6) csi1=1111 sinr=11.0dB t=22.1us
2026-04-14T10:42:51.988910 [PHY     ] [I] [   374.6] PUCCH: rnti=0x4605 format=2 prb=[7, 8) prb2=na symb=[6, 8) csi1=1111 sinr=7.5dB t=2.9us
2026-04-14T10:42:52.001472 [RLC     ] [I] du=0 ue=0 SRB1 DL: Poll retransmit timer expired after 45ms.
2026-04-14T10:42:52.004034 [SCHED   ] [I] [   376.3] Slot decisions pci=1 t=2us (1 PDSCH, 0 PUSCHs, 0 PUCCHs): DL: ue=0 c-rnti=0x4604 h_id=1 ss_id=1 rb=[0..3) k1=4 newtx=true rv=0 tbs=16 ri=1 dl_bo=0
2026-04-14T10:42:52.004058 [RLC     ] [I] du=0 ue=0 SRB1 DL: RETX PDU. dc=data p=1 si=full sn=7 pdu_len=10 grant_len=14 retx_count=0
2026-04-14T10:42:52.004062 [MAC     ] [I] [   376.3] DL PDU: ue=0 rnti=0x4604 size=16: SDU: lcid=1 nof_sdus=1 total_size=12
2026-04-14T10:42:52.004137 [PHY     ] [I] [   376.0] PUCCH: rnti=0x4604 format=1 prb1=4 prb2=na symb=[0, 14) cs=0 occ=0 sr=no metric=-nan sinr=-infdB t=17.3us
2026-04-14T10:42:52.004723 [PHY     ] [I] [   376.3] PDCCH: rnti=0x4604 ss_id=1 format=1_0 cce=0 al=4 t=19.5us
2026-04-14T10:42:52.004748 [PHY     ] [I] [   376.3] PDSCH: rnti=0x4604 h_id=1 k1=4 prb=[0, 3) symb=[1, 14) mod=QPSK rv=0 tbs=16 t=22.2us
2026-04-14T10:42:52.004878 [PHY     ] [I] [   376.1] PUCCH: rnti=0x4605 format=1 prb1=4 prb2=na symb=[0, 14) cs=0 occ=0 sr=no metric=-nan sinr=-infdB t=15.2us
2026-04-14T10:42:52.010128 [PHY     ] [I] [   376.6] PUCCH: rnti=0x4604 format=2 prb=[7, 8) prb2=na symb=[4, 6) csi1=1111 sinr=11.0dB t=21.3us
2026-04-14T10:42:52.010137 [PHY     ] [I] [   376.6] PUCCH: rnti=0x4605 format=2 prb=[7, 8) prb2=na symb=[6, 8) csi1=1111 sinr=7.5dB t=3.1us
2026-04-14T10:42:52.011134 [PHY     ] [I] [   376.7] PUCCH: rnti=0x4604 format=1 prb1=0 prb2=na symb=[0, 14) cs=0 occ=0 ack=1 metric=474.8 sinr=12.5dB t=11.2us
2026-04-14T10:42:52.024791 [PHY     ] [I] [   378.0] PUCCH: rnti=0x4604 format=1 prb1=4 prb2=na symb=[0, 14) cs=0 occ=0 sr=no metric=-nan sinr=-infdB t=15.1us
2026-04-14T10:42:52.025896 [PHY     ] [I] [   378.1] PUCCH: rnti=0x4605 format=1 prb1=4 prb2=na symb=[0, 14) cs=0 occ=0 sr=no metric=-nan sinr=-infdB t=14.6us
2026-04-14T10:42:52.031049 [PHY     ] [I] [   378.6] PUCCH: rnti=0x4604 format=2 prb=[7, 8) prb2=na symb=[4, 6) csi1=1111 sinr=11.0dB t=22.7us
2026-04-14T10:42:52.031060 [PHY     ] [I] [   378.6] PUCCH: rnti=0x4605 format=2 prb=[7, 8) prb2=na symb=[6, 8) csi1=1111 sinr=7.5dB t=3.9us
2026-04-14T10:42:52.045871 [PHY     ] [I] [   380.0] PUCCH: rnti=0x4604 format=1 prb1=4 prb2=na symb=[0, 14) cs=0 occ=0 sr=no metric=-nan sinr=-infdB t=13.6us
2026-04-14T10:42:52.047388 [PHY     ] [I] [   380.1] PUCCH: rnti=0x4605 format=1 prb1=4 prb2=na symb=[0, 14) cs=0 occ=0 sr=no metric=-nan sinr=-infdB t=10.1us
2026-04-14T10:42:52.051199 [RLC     ] [I] du=0 ue=0 SRB1 DL: Poll retransmit timer expired after 45ms.
2026-04-14T10:42:52.052133 [SCHED   ] [I] [   380.9] Slot decisions pci=1 t=22us (1 PDSCH, 0 PUSCHs, 0 PUCCHs): DL: ue=0 c-rnti=0x4604 h_id=1 ss_id=1 rb=[0..3) k1=4 newtx=true rv=0 tbs=16 ri=1 dl_bo=0
2026-04-14T10:42:52.052154 [RLC     ] [I] du=0 ue=0 SRB1 DL: RETX PDU. dc=data p=1 si=full sn=7 pdu_len=10 grant_len=14 retx_count=1
2026-04-14T10:42:52.052505 [MAC     ] [I] [   380.9] DL PDU: ue=0 rnti=0x4604 size=16: SDU: lcid=1 nof_sdus=1 total_size=12
2026-04-14T10:42:52.052565 [PHY     ] [I] [   380.6] PUCCH: rnti=0x4604 format=2 prb=[7, 8) prb2=na symb=[4, 6) csi1=1111 sinr=11.0dB t=23.4us
2026-04-14T10:42:52.052575 [PHY     ] [I] [   380.6] PUCCH: rnti=0x4605 format=2 prb=[7, 8) prb2=na symb=[6, 8) csi1=1111 sinr=7.5dB t=3.3us
2026-04-14T10:42:52.053190 [PHY     ] [I] [   380.9] PDCCH: rnti=0x4604 ss_id=1 format=1_0 cce=0 al=4 t=19.8us
2026-04-14T10:42:52.053213 [PHY     ] [I] [   380.9] PDSCH: rnti=0x4604 h_id=1 k1=4 prb=[0, 3) symb=[1, 14) mod=QPSK rv=0 tbs=16 t=21.5us
2026-04-14T10:42:52.059571 [PHY     ] [I] [   381.3] PUCCH: rnti=0x4604 format=1 prb1=0 prb2=na symb=[0, 14) cs=0 occ=0 ack=1 metric=474.2 sinr=12.5dB t=12.9us
2026-04-14T10:42:52.066655 [PHY     ] [I] [   382.0] PUCCH: rnti=0x4604 format=1 prb1=4 prb2=na symb=[0, 14) cs=0 occ=0 sr=no metric=-nan sinr=-infdB t=14.2us
2026-04-14T10:42:52.068094 [PHY     ] [I] [   382.1] PUCCH: rnti=0x4605 format=1 prb1=4 prb2=na symb=[0, 14) cs=0 occ=0 sr=no metric=-nan sinr=-infdB t=10.4us
2026-04-14T10:42:52.072884 [PHY     ] [I] [   382.6] PUCCH: rnti=0x4604 format=2 prb=[7, 8) prb2=na symb=[4, 6) csi1=1111 sinr=11.0dB t=23.1us
2026-04-14T10:42:52.072896 [PHY     ] [I] [   382.6] PUCCH: rnti=0x4605 format=2 prb=[7, 8) prb2=na symb=[6, 8) csi1=1111 sinr=7.5dB t=2.8us
2026-04-14T10:42:52.078848 [DU-F1   ] [I] ue=0 du_ue=0 cu_ue=0 proc="UE Context Release": RRC container not ACKed within a time window of 120msec. Proceeding with the UE context release...
2026-04-14T10:42:52.078858 [DU-MNG  ] [I] ue=0 proc="UE Delete": Procedure started....
2026-04-14T10:42:52.078912 [DU-MNG  ] [I] ue=0: SRB and DRB traffic stopped
2026-04-14T10:42:52.078928 [DU-F1   ] [I] ue=0 c-rnti=0x4604 du_ue=0 cu_ue=0: F1 UE context removed.
2026-04-14T10:42:52.087959 [PHY     ] [I] [   384.0] PUCCH: rnti=0x4604 format=1 prb1=4 prb2=na symb=[0, 14) cs=0 occ=0 sr=no metric=-nan sinr=-infdB t=21.6us
2026-04-14T10:42:52.089016 [PHY     ] [I] [   384.1] PUCCH: rnti=0x4605 format=1 prb1=4 prb2=na symb=[0, 14) cs=0 occ=0 sr=no metric=-nan sinr=-infdB t=12.5us
2026-04-14T10:42:52.093473 [PHY     ] [I] [   384.6] PUCCH: rnti=0x4604 format=2 prb=[7, 8) prb2=na symb=[4, 6) csi1=1111 sinr=11.0dB t=24.0us
2026-04-14T10:42:52.093484 [PHY     ] [I] [   384.6] PUCCH: rnti=0x4605 format=2 prb=[7, 8) prb2=na symb=[6, 8) csi1=1111 sinr=7.5dB t=3.3us
2026-04-14T10:42:52.098573 [NGAP    ] [I] ue=1 ran_ue=1 amf_ue=2: UE did not request a PDU session after 3000ms. Requesting UE release
2026-04-14T10:42:52.098932 [NGAP    ] [I] Tx PDU: UEContextReleaseRequest
2026-04-14T10:42:52.099634 [NGAP    ] [I] Rx PDU ue=1 ran_ue=1 amf_ue=2: UEContextReleaseCommand
2026-04-14T10:42:52.099659 [PDCP    ] [I] ue=1 SRB1 DL: TX PDU. type=data pdu_len=8 sn=7 count=7 is_retx=false
2026-04-14T10:42:52.099882 [RRC     ] [I] ue=1 c-rnti=0x4605: DCCH DL rrcRelease
2026-04-14T10:42:52.099892 [CU-CP-F1] [I] Tx PDU du=0 ue=1 cu_ue=1 du_ue=1: UEContextReleaseCommand
2026-04-14T10:42:52.100202 [DU-F1   ] [I] Rx PDU du=0 ue=1 cu_ue=1 du_ue=1: UEContextReleaseCommand
2026-04-14T10:42:52.100211 [DU-MNG  ] [I] ue=1: DRB traffic stopped
2026-04-14T10:42:52.100355 [RLC     ] [I] du=0 ue=1 SRB1 DL: TX SDU. sdu_len=8 pdcp_sn=7 is_retx=false queued_sdus=1 queued_bytes=8
2026-04-14T10:42:52.100546 [SCHED   ] [I] [   385.6] Slot decisions pci=1 t=15us (1 PDSCH, 0 PUSCHs, 0 PUCCHs): DL: ue=1 c-rnti=0x4605 h_id=1 ss_id=1 rb=[0..3) k1=4 newtx=true rv=0 tbs=16 ri=1 dl_bo=0
2026-04-14T10:42:52.100566 [RLC     ] [I] du=0 ue=1 SRB1 DL: TX PDU. dc=data p=1 si=full sn=7 pdu_len=10 grant_len=14
2026-04-14T10:42:52.100722 [MAC     ] [I] [   385.6] DL PDU: ue=1 rnti=0x4605 size=16: SDU: lcid=1 nof_sdus=1 total_size=12
2026-04-14T10:42:52.101536 [PHY     ] [I] [   385.6] PDCCH: rnti=0x4605 ss_id=1 format=1_0 cce=0 al=4 t=21.4us
2026-04-14T10:42:52.101686 [PHY     ] [I] [   385.6] PDSCH: rnti=0x4605 h_id=1 k1=4 prb=[0, 3) symb=[1, 14) mod=QPSK rv=0 tbs=16 t=148.1us
2026-04-14T10:42:52.107811 [PHY     ] [I] [   386.0] PUCCH: rnti=0x4604 format=1 prb1=4 prb2=na symb=[0, 14) cs=0 occ=0 sr=no metric=0.4 sinr=-15.1dB t=16.7us
2026-04-14T10:42:52.107823 [PHY     ] [I] [   386.0] PUCCH: rnti=0x4605 format=1 prb1=2 prb2=na symb=[0, 14) cs=0 occ=0 ack=1 metric=476.1 sinr=12.5dB t=5.3us
2026-04-14T10:42:52.108837 [PHY     ] [I] [   386.1] PUCCH: rnti=0x4605 format=1 prb1=4 prb2=na symb=[0, 14) cs=0 occ=0 sr=no metric=-nan sinr=-infdB t=14.3us
2026-04-14T10:42:52.112996 [MAC     ] [I] [   386.8] ue=0 crnti=0x4604 proc="MAC UE Removal": finished successfully
2026-04-14T10:42:52.113001 [DU-MNG  ] [I] ue=0 proc="UE Delete": Procedure finished successfully.
2026-04-14T10:42:52.113623 [DU-F1   ] [I] Tx PDU du=0 cu_ue=0 du_ue=0: UEContextReleaseComplete
2026-04-14T10:42:52.113640 [CU-CP-F1] [I] Rx PDU du=0 ue=0 cu_ue=0 du_ue=0: UEContextReleaseComplete
2026-04-14T10:42:52.114010 [CU-CP   ] [I] ue=0: "UE Removal Routine" finished successfully
2026-04-14T10:42:52.114026 [NGAP    ] [I] Tx PDU ran_ue=0 amf_ue=1: UEContextReleaseComplete
2026-04-14T10:42:52.114285 [PHY     ] [I] [   386.6] PUCCH: rnti=0x4604 format=2 prb=[7, 8) prb2=na symb=[4, 6) csi1=1111 sinr=11.0dB t=27.1us
2026-04-14T10:42:52.114290 [MAC     ] [I] [   386.9] rnti=0x4604: Discarding UCI PDU. Cause: No UE with provided RNTI exists.
2026-04-14T10:42:52.114303 [PHY     ] [I] [   386.6] PUCCH: rnti=0x4605 format=2 prb=[7, 8) prb2=na symb=[6, 8) csi1=1111 sinr=7.5dB t=11.3us
2026-04-14T10:42:52.129750 [PHY     ] [I] [   388.1] PUCCH: rnti=0x4605 format=1 prb1=4 prb2=na symb=[0, 14) cs=0 occ=0 sr=no metric=-nan sinr=-infdB t=25.4us
2026-04-14T10:42:52.135712 [PHY     ] [I] [   388.6] PUCCH: rnti=0x4605 format=2 prb=[7, 8) prb2=na symb=[6, 8) csi1=1111 sinr=7.5dB t=39.9us
2026-04-14T10:42:52.147570 [RLC     ] [I] du=0 ue=1 SRB1 DL: Poll retransmit timer expired after 45ms.
2026-04-14T10:42:52.149646 [SCHED   ] [I] [   390.3] Slot decisions pci=1 t=2us (1 PDSCH, 0 PUSCHs, 0 PUCCHs): DL: ue=1 c-rnti=0x4605 h_id=1 ss_id=1 rb=[0..3) k1=4 newtx=true rv=0 tbs=16 ri=1 dl_bo=0
2026-04-14T10:42:52.149666 [RLC     ] [I] du=0 ue=1 SRB1 DL: RETX PDU. dc=data p=1 si=full sn=7 pdu_len=10 grant_len=14 retx_count=0
2026-04-14T10:42:52.149670 [MAC     ] [I] [   390.3] DL PDU: ue=1 rnti=0x4605 size=16: SDU: lcid=1 nof_sdus=1 total_size=12
2026-04-14T10:42:52.150814 [PHY     ] [I] [   390.3] PDCCH: rnti=0x4605 ss_id=1 format=1_0 cce=0 al=4 t=19.4us
2026-04-14T10:42:52.151077 [PHY     ] [I] [   390.3] PDSCH: rnti=0x4605 h_id=1 k1=4 prb=[0, 3) symb=[1, 14) mod=QPSK rv=0 tbs=16 t=26.4us
2026-04-14T10:42:52.151324 [PHY     ] [I] [   390.1] PUCCH: rnti=0x4605 format=1 prb1=4 prb2=na symb=[0, 14) cs=0 occ=0 sr=no metric=-nan sinr=-infdB t=48.3us
2026-04-14T10:42:52.156028 [PHY     ] [I] [   390.6] PUCCH: rnti=0x4605 format=2 prb=[7, 8) prb2=na symb=[6, 8) csi1=1111 sinr=7.5dB t=29.2us
2026-04-14T10:42:52.157146 [PHY     ] [I] [   390.7] PUCCH: rnti=0x4605 format=1 prb1=2 prb2=na symb=[0, 14) cs=0 occ=0 ack=1 metric=475.1 sinr=12.5dB t=14.3us