2026-04-24T09:05:44.329865 [GNB     ] [I] Built in Release mode using commit  on branch 
2026-04-24T09:05:44.330202 [CONFIG  ] [I] Input configuration (only non-default values): 
log:
  filename: /tmp/gnb.log
  all_level: info
metrics:
  autostart_stdout_metrics: true
  enable_json: true
remote_control:
  enabled: true
  bind_addr: 0.0.0.0
cu_cp:
  amf:
    addr: 172.16.1.2
    port: 38412
    bind_addr: 172.16.1.1
    supported_tracking_areas: "tac: 7\nplmn_list:\n  - plmn: 00101\n    tai_slice_support_list:\n      - sst: 1"
pcap:
  ngap_filename: /tmp/gnb_ngap.pcap
  ngap_enable: false
  mac_filename: /tmp/gnb_mac.pcap
  mac_enable: false
cell_cfg:
  pci: 1
  dl_arfcn: 632628
  band: 78
  common_scs: 30
  channel_bandwidth_MHz: 20
  plmn: 00101
  tac: 7
ru_sdr:
  srate: 23.04
  device_driver: uhd
  device_args: type=b200,serial=310C56E,num_recv_frames=64,num_send_frames=64
  tx_gain: 80
  rx_gain: 40
2026-04-24T09:05:44.804685 [CONFIG  ] [I] Worker pool "main_pool" instantiated with #workers=5, task_queue_size=2048, backoff_period=50us and priority=96.
2026-04-24T09:05:44.815919 [GTPU    ] [I] GTP-U demux. queue_size=2046 batch_size=256 warn_on_drop=false test_mode=false
2026-04-24T09:05:44.816017 [GTPU    ] [I] Tunnel added. teid=0x000000
2026-04-24T09:05:44.852392 [DU-MNG  ] [I] The upper-bound on the number of UEs supported by cell {pci=1, du_cell_index=0} is 96 (the actual number might be lower than that). This is determined by the lowest of the following limits: SR (96), CSI (96) and SRS (n/a).
2026-04-24T09:05:44.852614 [DU      ] [I] DU created successfully
2026-04-24T09:05:44.852619 [DU      ] [I] O-DU created successfully
2026-04-24T09:05:47.732865 [GNB     ] [I] SSB derived parameters for cell: 1, band: 78, dl_arfcn:632628, nof_crbs: 51 scs:30kHz, ssb_scs:30kHz:
	 - SSB offset pointA:0 
	 - k_SSB:0 
	 - SSB arfcn:632256 
	 - Coreset index:0 
	 - Searchspace index:0
2026-04-24T09:05:47.732897 [IO-EPOLL] [E] fd=0: Failed to register file descriptor. Cause: epoll_ctl failed with "Operation not permitted"
2026-04-24T09:05:47.732978 [APP     ] [E] Couldn't register stdin handler
2026-04-24T09:05:47.732979 [GNB     ] [I] Starting CU-CP...
2026-04-24T09:05:47.734400 [CU-CP   ] [I] N2: Connection to AMF on 172.16.1.2:38412 was established
2026-04-24T09:05:47.737759 [NGAP    ] [I] Tx PDU: NGSetupRequest
2026-04-24T09:05:47.739655 [NGAP    ] [I] Rx PDU: NGSetupResponse
2026-04-24T09:05:47.739880 [CU-CP   ] [I] Connected to AMF. Supported PLMNs: 00101
2026-04-24T09:05:47.739888 [GNB     ] [I] CU-CP started successfully
2026-04-24T09:05:47.739890 [CU-UP   ] [I] CU-UP starting...
2026-04-24T09:05:47.740043 [CU-CP   ] [I] Added TNL connection to CU-UP 0
2026-04-24T09:05:47.740354 [CU-UP-E1] [I] Sending E1SetupRequest
2026-04-24T09:05:47.740520 [CU-UP-E1] [I] Tx PDU tid=0: GNB-CU-UP-E1SetupRequest
2026-04-24T09:05:47.740528 [CU-CP-E1] [I] Rx PDU tid=0: GNB-CU-UP-E1SetupRequest
2026-04-24T09:05:47.740534 [CU-CP-E1] [I] Tx PDU tid=0: GNB-CU-UP-E1SetupResponse
2026-04-24T09:05:47.740540 [CU-UP-E1] [I] Rx PDU tid=0: GNB-CU-UP-E1SetupResponse
2026-04-24T09:05:47.740541 [CU-UP-E1] [I] "E1AP CU-UP Setup Procedure" finalized
2026-04-24T09:05:47.740548 [CU-UP   ] [I] CU-UP started successfully
2026-04-24T09:05:47.740550 [DU      ] [I] Starting DU...
2026-04-24T09:05:47.740551 [DU      ] [I] Starting DU-High...
2026-04-24T09:05:47.740552 [DU-MNG  ] [I] DU manager starting...
2026-04-24T09:05:47.740956 [CU-CP   ] [I] Added TNL connection to DU 0
2026-04-24T09:05:47.758294 [DU-MNG  ] [I] SIB1 cell=0: {
  "cellSelectionInfo": {
    "q-RxLevMin": -70,
    "q-QualMin": -20
  },
  "cellAccessRelatedInfo": {
    "plmn-IdentityInfoList": [
      {
        "plmn-IdentityList": [
          {
            "mcc": [
              0,
              0,
              1
            ],
            "mnc": [
              0,
              1
            ]
          }
        ],
        "trackingAreaCode": "000000000000000000000111",
        "cellIdentity": "000000000000011001101100000000000000",
        "cellReservedForOperatorUse": "notReserved"
      }
    ]
  },
  "connEstFailureControl": {
    "connEstFailCount": "n1",
    "connEstFailOffsetValidity": "s30",
    "connEstFailOffset": 1
  },
  "servingCellConfigCommon": {
    "downlinkConfigCommon": {
      "frequencyInfoDL": {
        "frequencyBandList": [
          {
            "freqBandIndicatorNR": 78
          }
        ],
        "offsetToPointA": 0,
        "scs-SpecificCarrierList": [
          {
            "offsetToCarrier": 0,
            "subcarrierSpacing": "kHz30",
            "carrierBandwidth": 51,
            "txDirectCurrentLocation": 306
          }
        ]
      },
      "initialDownlinkBWP": {
        "genericParameters": {
          "locationAndBandwidth": 13750,
          "subcarrierSpacing": "kHz30"
        },
        "pdcch-ConfigCommon": {
          {
            "commonSearchSpaceList": [
              {
                "searchSpaceId": 1,
                "controlResourceSetId": 0,
                "monitoringSlotPeriodicityAndOffset": {
                },
                "monitoringSymbolsWithinSlot": "10000000000000",
                "nrofCandidates": {
                  "aggregationLevel1": "n0",
                  "aggregationLevel2": "n0",
                  "aggregationLevel4": "n1",
                  "aggregationLevel8": "n0",
                  "aggregationLevel16": "n0"
                },
                "searchSpaceType": {
                  "common": {
                    "dci-Format0-0-AndFormat1-0": {
                    }
                  }
                }
              }
            ],
            "searchSpaceSIB1": 0,
            "pagingSearchSpace": 1,
            "ra-SearchSpace": 1
          }
        },
        "pdsch-ConfigCommon": {
          {
            "pdsch-TimeDomainAllocationList": [
              {
                "mappingType": "typeA",
                "startSymbolAndLength": 53
              },
              {
                "mappingType": "typeA",
                "startSymbolAndLength": 72
              }
            ]
          }
        }
      },
      "bcch-Config": {
        "modificationPeriodCoeff": "n4"
      },
      "pcch-Config": {
        "defaultPagingCycle": "rf128",
        "nAndPagingFrameOffset": {
        },
        "ns": "one"
      }
    },
    "uplinkConfigCommon": {
      "frequencyInfoUL": {
        "frequencyBandList": [
          {
            "freqBandIndicatorNR": 78
          }
        ],
        "absoluteFrequencyPointA": 632016,
        "scs-SpecificCarrierList": [
          {
            "offsetToCarrier": 0,
            "subcarrierSpacing": "kHz30",
            "carrierBandwidth": 51
          }
        ]
      },
      "initialUplinkBWP": {
        "genericParameters": {
          "locationAndBandwidth": 13750,
          "subcarrierSpacing": "kHz30"
        },
        "rach-ConfigCommon": {
          {
            "rach-ConfigGeneric": {
              "prach-ConfigurationIndex": 159,
              "msg1-FDM": "one",
              "msg1-FrequencyStart": 11,
              "zeroCorrelationZoneConfig": 0,
              "preambleReceivedTargetPower": -100,
              "preambleTransMax": "n7",
              "powerRampingStep": "dB4",
              "ra-ResponseWindow": "sl20"
            },
            "ssb-perRACH-OccasionAndCB-PreamblesPerSSB": {
              "one": "n64"
            },
            "ra-ContentionResolutionTimer": "sf64",
            "prach-RootSequenceIndex": {
              "l139": 1
            },
            "msg1-SubcarrierSpacing": "kHz30",
            "restrictedSetConfig": "unrestrictedSet"
          }
        },
        "pusch-ConfigCommon": {
          {
            "pusch-TimeDomainAllocationList": [
              {
                "k2": 4,
                "mappingType": "typeA",
                "startSymbolAndLength": 27
              },
              {
                "k2": 5,
                "mappingType": "typeA",
                "startSymbolAndLength": 27
              },
              {
                "k2": 6,
                "mappingType": "typeA",
                "startSymbolAndLength": 27
              },
              {
                "k2": 7,
                "mappingType": "typeA",
                "startSymbolAndLength": 27
              },
              {
                "k2": 11,
                "mappingType": "typeA",
                "startSymbolAndLength": 27
              }
            ],
            "msg3-DeltaPreamble": 6,
            "p0-NominalWithGrant": -76
          }
        },
        "pucch-ConfigCommon": {
          {
            "pucch-ResourceCommon": 11,
            "pucch-GroupHopping": "neither",
            "p0-nominal": -90
          }
        }
      },
      "timeAlignmentTimerCommon": "infinity"
    },
    "n-TimingAdvanceOffset": "n25600",
    "ssb-PositionsInBurst": {
      "inOneGroup": "10000000"
    },
    "ssb-PeriodicityServingCell": "ms10",
    "tdd-UL-DL-ConfigurationCommon": {
      "referenceSubcarrierSpacing": "kHz30",
      "pattern1": {
        "dl-UL-TransmissionPeriodicity": "ms5",
        "nrofDownlinkSlots": 6,
        "nrofDownlinkSymbols": 8,
        "nrofUplinkSlots": 3,
        "nrofUplinkSymbols": 0
      }
    },
    "ss-PBCH-BlockPower": -16
  },
  "ue-TimersAndConstants": {
    "t300": "ms1000",
    "t301": "ms1000",
    "t310": "ms1000",
    "n310": "n1",
    "t311": "ms3000",
    "n311": "n1",
    "t319": "ms1000"
  }
}
2026-04-24T09:05:47.759710 [DU-F1   ] [I] F1 Setup: Sending F1 Setup Request to CU-CP...
2026-04-24T09:05:47.759714 [DU-F1   ] [I] Tx PDU du=0 tid=0: F1SetupRequest
2026-04-24T09:05:47.760047 [CU-CP-F1] [I] Rx PDU du=0 tid=0: F1SetupRequest
2026-04-24T09:05:47.760518 [CU-CP-F1] [I] Tx PDU du=0 tid=0: F1SetupResponse
2026-04-24T09:05:47.760522 [DU-F1   ] [I] Rx PDU du=0 tid=0: F1SetupResponse
2026-04-24T09:05:47.760525 [DU-F1   ] [I] F1 Setup: Procedure completed successfully.
2026-04-24T09:05:47.760533 [SCHED   ] [I] [     0.0] cell=0: Cell scheduling was activated.
2026-04-24T09:05:47.760538 [MAC     ] [I] [     0.0] cell=0: Cell was activated
2026-04-24T09:05:47.760623 [DU-MNG  ] [I] DU manager started successfully.
2026-04-24T09:05:47.760628 [DU      ] [I] DU-High started successfully
2026-04-24T09:05:47.760632 [DU      ] [I] DU started successfully
2026-04-24T09:05:47.760985 [SCHED   ] [I] [  267.15] Processed slot events pci=1: Cell creation idx=0 pci=1
2026-04-24T09:14:37.695774 [PHY     ] [I] [    2.19] PRACH: rsi=1 rssi=-35.3dB detected_preambles=[{idx=55 ta=7.55us detection_metric=592.0 power_dB=-35.30}] t=149.5us
2026-04-24T09:14:37.696150 [SCHED   ] [I] [     3.8] Processed slot events pci=1: prach(ra-rnti=0x10b preamble=55 tc-rnti=0x4601)
2026-04-24T09:14:37.697100 [SCHED   ] [I] [    3.10] Slot decisions pci=1 t=1us (1 PDSCH, 0 PUSCHs, 0 PUCCHs): RAR: ra-rnti=0x10b rb=[0..3) tbs=9
2026-04-24T09:14:37.697131 [PHY     ] [I] [    3.10] PDCCH: rnti=0x010b ss_id=1 format=1_0 cce=0 al=4 t=18.5us
2026-04-24T09:14:37.697150 [PHY     ] [I] [    3.10] PDSCH: rnti=0x010b prb=[0, 3) symb=[2, 14) mod=QPSK rv=0 tbs=9 t=20.0us
2026-04-24T09:14:37.700634 [SCHED   ] [I] [    3.17] Slot decisions pci=1 t=0us (0 PDSCHs, 1 PUSCH, 0 PUCCHs): UL: ue=1024 rnti=0x4601 h_id=0 ss_id=1 rb=[8..11) newtx=true rv=0 tbs=11 msg3_delay=7
2026-04-24T09:14:37.704746 [PHY     ] [I] [    3.17] PUSCH: rnti=0x4601 h_id=0 prb=[8, 11) symb=[0, 14) mod=QPSK rv=0 tbs=11 crc=OK iter=1.0 sinr=28.7dB t=88.5us uci_t=0.0us ret_t=5.9us
2026-04-24T09:14:37.704759 [MAC     ] [I] [     4.5] UL rnti=0x4601 subPDUs: [CCCH48: len=6, PAD: len=3]
2026-04-24T09:14:37.704925 [DU-MNG  ] [I] ue=0 rnti=0x4601 proc="UE Create": Procedure started....
2026-04-24T09:14:37.705274 [DU-F1   ] [I] ue=0 c-rnti=0x4601 du_ue=0: F1 UE context created successfully.
2026-04-24T09:14:37.705770 [RLC     ] [I] du=0 ue=0 SRB0 DL: RLC TM created. queue_size=8
2026-04-24T09:14:37.705890 [RLC     ] [I] du=0 ue=0 SRB0 UL: RLC TM created. 
2026-04-24T09:14:37.705967 [RLC     ] [I] du=0 ue=0 SRB1 DL: RLC AM configured. tx_sn_size=12 pdcp_sn_len=12 t_poll_retx=45 max_retx=8 poll_pdu=-1 poll_byte=-1 queue_size=32 queue_size_bytes=64000 max_window=0
2026-04-24T09:14:37.706038 [RLC     ] [I] du=0 ue=0 SRB1 UL: RLC AM configured. rx_sn_size=12 t_reassembly=35 t_status_prohibit=0 max_sn_per_status={na}
2026-04-24T09:14:37.706676 [MAC     ] [I] [     4.9] ue=0 crnti=0x4601 proc="MAC UE Creation": finished successfully
2026-04-24T09:14:37.706681 [DU-MNG  ] [I] ue=0 rnti=0x4601 proc="UE Create": Procedure finished successfully.
2026-04-24T09:14:37.706837 [RLC     ] [I] du=0 ue=0 SRB0 UL: RX SDU. sdu_len=6
2026-04-24T09:14:37.706850 [DU-F1   ] [I] Tx PDU du=0 tid=1 ue=0 du_ue=0: InitialULRRCMessageTransfer
2026-04-24T09:14:37.706857 [CU-CP-F1] [I] Rx PDU du=0 tid=1 du_ue=0: InitialULRRCMessageTransfer
2026-04-24T09:14:37.706991 [CU-UEMNG] [I] ue=0 du_index=0 gnb_du_id=0 pci=1 rnti=0x4601 pcell_index=0: Created new CU-CP UE
2026-04-24T09:14:37.707062 [CU-CP   ] [I] ue=0 c-rnti=0x4601: UE created
2026-04-24T09:14:37.707067 [CU-CP-F1] [I] ue=0 du_ue=0 cu_ue=0: Added UE context
2026-04-24T09:14:37.707124 [SCHED   ] [I] [    4.10] Slot decisions pci=1 t=24us (1 PDSCH, 0 PUSCHs, 0 PUCCHs): DL: ue=0 c-rnti=0x4601 h_id=0 ss_id=1 rb=[0..3) k1=7 newtx=true rv=0 tbs=9 ri=1 dl_bo=0
2026-04-24T09:14:37.707140 [MAC     ] [I] [    4.10] DL PDU: ue=0 rnti=0x4601 size=9: CON_RES: id=1f56c1b8da46
2026-04-24T09:14:37.707167 [PHY     ] [I] [    4.10] PDCCH: rnti=0x4601 ss_id=1 format=1_0 cce=0 al=4 t=19.9us
2026-04-24T09:14:37.707181 [PHY     ] [I] [    4.10] PDSCH: rnti=0x4601 h_id=0 k1=7 prb=[0, 3) symb=[2, 14) mod=QPSK rv=0 tbs=9 t=18.7us
2026-04-24T09:14:37.707343 [RRC     ] [I] ue=0 c-rnti=0x4601: CCCH UL rrcSetupRequest
2026-04-24T09:14:37.707563 [PDCP    ] [I] ue=0 SRB1 DL: PDCP configured. rb_type=SRB rlc_mode=AM sn_size=12 discard_timer=infinity count_notify=3221225472 count_max=4294967294 warn_on_drop=false test_mode=false
2026-04-24T09:14:37.707621 [PDCP    ] [I] ue=0 SRB1 UL: PDCP configured. rb_type=SRB rlc_mode=AM sn_size=12 t_reordering=infinity count_notify=3221225472 count_max=4294967294
2026-04-24T09:14:37.707916 [RRC     ] [I] ue=0 c-rnti=0x4601: CCCH DL rrcSetup
2026-04-24T09:14:37.708042 [CU-CP-F1] [I] Tx PDU du=0 ue=0 cu_ue=0 du_ue=0: DLRRCMessageTransfer
2026-04-24T09:14:37.708048 [DU-F1   ] [I] Rx PDU du=0 ue=0 cu_ue=0 du_ue=0: DLRRCMessageTransfer
2026-04-24T09:14:37.708053 [RLC     ] [I] du=0 ue=0 SRB0 DL: TX SDU. sdu_len=301 queued_sdus=1 queued_bytes=301
2026-04-24T09:14:37.714708 [PHY     ] [I] [    4.17] PUCCH: rnti=0x4601 format=1 prb1=0 prb2=50 symb=[0, 14) cs=0 occ=0 ack=1 metric=1761.0 sinr=20.7dB t=39.7us
2026-04-24T09:14:37.717128 [SCHED   ] [I] [    5.10] Slot decisions pci=1 t=2us (1 PDSCH, 0 PUSCHs, 0 PUCCHs): DL: ue=0 c-rnti=0x4601 h_id=0 ss_id=1 rb=[0..22) k1=7 newtx=true rv=0 tbs=309 ri=1 dl_bo=0
2026-04-24T09:14:37.717141 [RLC     ] [I] du=0 ue=0 SRB0 DL: TX PDU. pdu_len=301 grant_len=306
2026-04-24T09:14:37.717144 [MAC     ] [I] [    5.10] DL PDU: ue=0 rnti=0x4601 size=309: SDU: lcid=0 nof_sdus=1 total_size=304
2026-04-24T09:14:37.717167 [PHY     ] [I] [    5.10] PDCCH: rnti=0x4601 ss_id=1 format=1_0 cce=0 al=4 t=18.2us
2026-04-24T09:14:37.717192 [PHY     ] [I] [    5.10] PDSCH: rnti=0x4601 h_id=0 k1=7 prb=[0, 22) symb=[2, 14) mod=QPSK rv=0 tbs=309 t=23.1us
2026-04-24T09:14:37.724706 [PHY     ] [I] [    5.17] PUCCH: rnti=0x4601 format=1 prb1=0 prb2=50 symb=[0, 14) cs=0 occ=0 ack=1 metric=1659.4 sinr=20.5dB t=31.1us
2026-04-24T09:14:37.729750 [PHY     ] [I] [     6.7] PUCCH: rnti=0x4601 format=1 prb1=4 prb2=na symb=[0, 14) cs=0 occ=0 sr=yes metric=2834.9 sinr=20.3dB t=26.4us
2026-04-24T09:14:37.729901 [PHY     ] [I] [     6.8] PUCCH: rnti=0x4601 format=2 prb=[7, 8) prb2=na symb=[4, 6) csi1=0001 sinr=27.9dB t=28.5us
2026-04-24T09:14:37.733692 [PHY     ] [I] [     7.3] PDCCH: rnti=0x4601 ss_id=1 format=0_0 cce=0 al=4 t=17.4us
2026-04-24T09:14:37.735616 [SCHED   ] [I] [     7.7] Slot decisions pci=1 t=1us (0 PDSCHs, 1 PUSCH, 0 PUCCHs): UL: ue=0 rnti=0x4601 h_id=0 ss_id=1 rb=[8..32) newtx=true rv=0 tbs=528 k2=4
2026-04-24T09:14:37.739829 [PHY     ] [I] [     7.7] PUSCH: rnti=0x4601 h_id=0 prb=[8, 32) symb=[0, 14) mod=QPSK rv=0 tbs=528 crc=OK iter=2.0 sinr=24.7dB t=119.1us uci_t=0.0us ret_t=4.6us
2026-04-24T09:14:37.739838 [MAC     ] [I] [    7.15] UL rnti=0x4601 ue=0 subPDUs: [lcid=1: len=35, SBSR: lcg=0 bs=0, SE_PHR: ph=[-30..-29)dB p_cmax=[22..23)dBm, PAD: len=485]
2026-04-24T09:14:37.739841 [RLC     ] [I] du=0 ue=0 SRB1 UL: RX PDU. pdu_len=35 dc=data p=1 si=full sn=0
2026-04-24T09:14:37.739843 [RLC     ] [I] du=0 ue=0 SRB1 UL: RX SDU. sn=0 sdu_len=33
2026-04-24T09:14:37.739870 [DU-F1   ] [I] Tx PDU du=0 ue=0 cu_ue=0 du_ue=0: ULRRCMessageTransfer
2026-04-24T09:14:37.739878 [CU-CP-F1] [I] Rx PDU du=0 ue=0 cu_ue=0 du_ue=0: ULRRCMessageTransfer
2026-04-24T09:14:37.739882 [PDCP    ] [I] ue=0 SRB1 UL: RX PDU. type=data pdu_len=33 sn=0 count=0
2026-04-24T09:14:37.739885 [PDCP    ] [I] ue=0 SRB1 UL: RX SDU. count=0
2026-04-24T09:14:37.740147 [RRC     ] [I] ue=0 c-rnti=0x4601: DCCH UL rrcSetupComplete
2026-04-24T09:14:37.740153 [SCHED   ] [I] [    7.16] Slot decisions pci=1 t=34us (1 PDSCH, 0 PUSCHs, 0 PUCCHs): DL: ue=0 c-rnti=0x4601 h_id=0 ss_id=2 rb=[0..3) k1=11 newtx=true rv=0 tbs=5 ri=1 dl_bo=5
2026-04-24T09:14:37.740165 [MAC     ] [I] [    7.16] DL PDU: ue=0 rnti=0x4601 size=5: 
2026-04-24T09:14:37.740175 [NGAP    ] [I] Tx PDU ue=0 ran_ue=0: InitialUEMessage
2026-04-24T09:14:37.740188 [PHY     ] [I] [    7.16] PDCCH: rnti=0x4601 ss_id=2 format=1_1 cce=4 al=4 t=18.7us
2026-04-24T09:14:37.740199 [PHY     ] [I] [    7.16] PDSCH: rnti=0x4601 h_id=0 k1=11 prb=[0, 3) symb=[2, 8) mod=QPSK rv=0 tbs=5 t=14.1us
2026-04-24T09:14:37.742204 [SCHED   ] [I] [     8.0] Slot decisions pci=1 t=10us (1 PDSCH, 0 PUSCHs, 0 PUCCHs): DL: ue=0 c-rnti=0x4601 h_id=1 ss_id=2 rb=[20..22) k1=7 newtx=true rv=0 tbs=7 ri=1 dl_bo=0
2026-04-24T09:14:37.742214 [RLC     ] [I] du=0 ue=0 SRB1 DL: TX status PDU. pdu_len=3 grant_len=5
2026-04-24T09:14:37.742216 [MAC     ] [I] [     8.0] DL PDU: ue=0 rnti=0x4601 size=7: SDU: lcid=1 nof_sdus=1 total_size=5
2026-04-24T09:14:37.742245 [PHY     ] [I] [     8.0] PDCCH: rnti=0x4601 ss_id=2 format=1_1 cce=8 al=4 t=16.5us
2026-04-24T09:14:37.742267 [PHY     ] [I] [     8.0] PDSCH: rnti=0x4601 h_id=1 k1=7 prb=[20, 22) symb=[2, 14) mod=QPSK rv=0 tbs=7 t=19.2us
2026-04-24T09:14:37.744560 [NGAP    ] [I] Rx PDU ue=0 ran_ue=0 amf_ue=1: DownlinkNASTransport
2026-04-24T09:14:37.744700 [RRC     ] [I] ue=0 c-rnti=0x4601: DCCH DL dlInformationTransfer
2026-04-24T09:14:37.744705 [PDCP    ] [I] ue=0 SRB1 DL: TX PDU. type=data pdu_len=51 sn=0 count=0 is_retx=false
2026-04-24T09:14:37.744709 [CU-CP-F1] [I] Tx PDU du=0 ue=0 cu_ue=0 du_ue=0: DLRRCMessageTransfer
2026-04-24T09:14:37.744714 [DU-F1   ] [I] Rx PDU du=0 ue=0 cu_ue=0 du_ue=0: DLRRCMessageTransfer
2026-04-24T09:14:37.744718 [RLC     ] [I] du=0 ue=0 SRB1 DL: TX SDU. sdu_len=51 pdcp_sn=0 is_retx=false queued_sdus=1 queued_bytes=51
2026-04-24T09:14:37.745189 [SCHED   ] [I] [     8.6] Slot decisions pci=1 t=17us (1 PDSCH, 0 PUSCHs, 0 PUCCHs): DL: ue=0 c-rnti=0x4601 h_id=2 ss_id=2 rb=[0..32) k1=11 newtx=true rv=0 tbs=57 ri=1 dl_bo=0
2026-04-24T09:14:37.745202 [RLC     ] [I] du=0 ue=0 SRB1 DL: TX PDU. dc=data p=1 si=full sn=0 pdu_len=53 grant_len=55
2026-04-24T09:14:37.745204 [MAC     ] [I] [     8.6] DL PDU: ue=0 rnti=0x4601 size=57: SDU: lcid=1 nof_sdus=1 total_size=55
2026-04-24T09:14:37.745226 [PHY     ] [I] [     8.6] PDCCH: rnti=0x4601 ss_id=2 format=1_1 cce=0 al=4 t=18.1us
2026-04-24T09:14:37.745255 [PHY     ] [I] [     8.6] PDSCH: rnti=0x4601 h_id=2 k1=11 prb=[0, 32) symb=[2, 8) mod=QPSK rv=0 tbs=57 t=36.5us
2026-04-24T09:14:37.747129 [SCHED   ] [I] [    8.10] Slot decisions pci=1 t=8us (1 PDSCH, 0 PUSCHs, 0 PUCCHs): DL: ue=0 c-rnti=0x4601 h_id=3 ss_id=2 rb=[0..2) k1=7 newtx=true rv=0 tbs=7 ri=1 dl_bo=0
2026-04-24T09:14:37.747137 [MAC     ] [I] [    8.10] DL PDU: ue=0 rnti=0x4601 size=7: TA_CMD: tag_id=0, ta_cmd=29
2026-04-24T09:14:37.747155 [PHY     ] [I] [    8.10] PDCCH: rnti=0x4601 ss_id=2 format=1_1 cce=0 al=4 t=15.4us
2026-04-24T09:14:37.747167 [PHY     ] [I] [    8.10] PDSCH: rnti=0x4601 h_id=3 k1=7 prb=[0, 2) symb=[2, 14) mod=QPSK rv=0 tbs=7 t=16.0us
2026-04-24T09:14:37.749646 [PHY     ] [I] [     8.7] PUCCH: rnti=0x4601 format=1 prb1=0 prb2=na symb=[0, 14) cs=0 occ=0 ack=11 metric=2406.6 sinr=19.6dB t=20.7us
2026-04-24T09:14:37.749659 [PHY     ] [I] [     8.7] PUCCH: rnti=0x4601 format=1 prb1=4 prb2=na symb=[0, 14) cs=0 occ=0 ack=22 metric=0.4 sinr=-19.6dB t=29.8us
2026-04-24T09:14:37.749934 [PHY     ] [I] [     8.8] PUCCH: rnti=0x4601 format=2 prb=[7, 8) prb2=na symb=[4, 6) csi1=1011 sinr=34.1dB t=17.2us
2026-04-24T09:14:37.754690 [PHY     ] [I] [    8.17] PUCCH: rnti=0x4601 format=1 prb1=0 prb2=na symb=[0, 14) cs=0 occ=0 ack=11 metric=401.4 sinr=11.8dB t=13.7us
2026-04-24T09:14:37.769644 [PHY     ] [I] [    10.7] PUCCH: rnti=0x4601 format=1 prb1=4 prb2=na symb=[0, 14) cs=0 occ=0 sr=yes metric=395.4 sinr=11.7dB t=12.5us
2026-04-24T09:14:37.769901 [PHY     ] [I] [    10.8] PUCCH: rnti=0x4601 format=2 prb=[7, 8) prb2=na symb=[4, 6) csi1=1100 sinr=33.4dB t=8.5us
2026-04-24T09:14:37.773622 [PHY     ] [I] [    11.3] PDCCH: rnti=0x4601 ss_id=2 format=0_1 cce=14 al=2 t=9.5us
2026-04-24T09:14:37.775656 [SCHED   ] [I] [    11.7] Slot decisions pci=1 t=1us (0 PDSCHs, 1 PUSCH, 0 PUCCHs): UL: ue=0 rnti=0x4601 h_id=0 ss_id=2 rb=[0..6) newtx=true rv=0 tbs=544 k2=4
2026-04-24T09:14:37.779729 [PHY     ] [I] [    11.7] PUSCH: rnti=0x4601 h_id=0 prb=[0, 6) symb=[0, 14) mod=64QAM rv=0 tbs=544 crc=OK iter=2.0 sinr=30.2dB t=78.1us uci_t=0.0us ret_t=3.4us
2026-04-24T09:14:37.779738 [MAC     ] [I] [   11.15] UL rnti=0x4601 ue=0 subPDUs: [lcid=1: len=3, SBSR: lcg=0 bs=0, SE_PHR: ph=[-24..-23)dB p_cmax=[22..23)dBm, PAD: len=533]
2026-04-24T09:14:37.779744 [RLC     ] [I] du=0 ue=0 SRB1 UL: RX status PDU. ack_sn=1 n_nack=0
2026-04-24T09:14:37.779751 [RLC     ] [I] du=0 ue=0 SRB1 DL: Handled status report. t=2us ack_sn=1 n_nack=0
2026-04-24T09:14:37.789680 [PHY     ] [I] [    12.7] PUCCH: rnti=0x4601 format=1 prb1=4 prb2=na symb=[0, 14) cs=0 occ=0 sr=no metric=0.2 sinr=-21.3dB t=31.7us
2026-04-24T09:14:37.789918 [PHY     ] [I] [    12.8] PUCCH: rnti=0x4601 format=2 prb=[7, 8) prb2=na symb=[4, 6) csi1=1100 sinr=32.9dB t=20.5us
2026-04-24T09:14:37.809688 [PHY     ] [I] [    14.7] PUCCH: rnti=0x4601 format=1 prb1=4 prb2=na symb=[0, 14) cs=0 occ=0 sr=no metric=0.3 sinr=-15.9dB t=19.4us
2026-04-24T09:14:37.809955 [PHY     ] [I] [    14.8] PUCCH: rnti=0x4601 format=2 prb=[7, 8) prb2=na symb=[4, 6) csi1=1100 sinr=30.9dB t=29.5us
2026-04-24T09:14:37.829679 [PHY     ] [I] [    16.7] PUCCH: rnti=0x4601 format=1 prb1=4 prb2=na symb=[0, 14) cs=0 occ=0 sr=no metric=0.4 sinr=-15.7dB t=19.3us
2026-04-24T09:14:37.829866 [PHY     ] [I] [    16.8] PUCCH: rnti=0x4601 format=2 prb=[7, 8) prb2=na symb=[4, 6) csi1=1100 sinr=29.2dB t=21.7us
2026-04-24T09:14:37.849711 [PHY     ] [I] [    18.7] PUCCH: rnti=0x4601 format=1 prb1=4 prb2=na symb=[0, 14) cs=0 occ=0 sr=no metric=0.1 sinr=-25.2dB t=29.1us
2026-04-24T09:14:37.849889 [PHY     ] [I] [    18.8] PUCCH: rnti=0x4601 format=2 prb=[7, 8) prb2=na symb=[4, 6) csi1=1100 sinr=29.1dB t=18.0us
2026-04-24T09:14:37.869684 [PHY     ] [I] [    20.7] PUCCH: rnti=0x4601 format=1 prb1=4 prb2=na symb=[0, 14) cs=0 occ=0 sr=no metric=0.2 sinr=-24.2dB t=15.2us
2026-04-24T09:14:37.869885 [PHY     ] [I] [    20.8] PUCCH: rnti=0x4601 format=2 prb=[7, 8) prb2=na symb=[4, 6) csi1=1011 sinr=29.2dB t=15.0us
2026-04-24T09:14:37.889704 [PHY     ] [I] [    22.7] PUCCH: rnti=0x4601 format=1 prb1=4 prb2=na symb=[0, 14) cs=0 occ=0 sr=no metric=0.2 sinr=-21.0dB t=22.1us
2026-04-24T09:14:37.889882 [PHY     ] [I] [    22.8] PUCCH: rnti=0x4601 format=2 prb=[7, 8) prb2=na symb=[4, 6) csi1=1011 sinr=28.9dB t=14.7us
2026-04-24T09:14:37.909719 [PHY     ] [I] [    24.7] PUCCH: rnti=0x4601 format=1 prb1=4 prb2=na symb=[0, 14) cs=0 occ=0 sr=no metric=0.3 sinr=-15.2dB t=15.9us
2026-04-24T09:14:37.909894 [PHY     ] [I] [    24.8] PUCCH: rnti=0x4601 format=2 prb=[7, 8) prb2=na symb=[4, 6) csi1=1011 sinr=32.3dB t=12.4us
2026-04-24T09:14:37.929640 [PHY     ] [I] [    26.7] PUCCH: rnti=0x4601 format=1 prb1=4 prb2=na symb=[0, 14) cs=0 occ=0 sr=yes metric=409.9 sinr=11.9dB t=13.3us
2026-04-24T09:14:37.929899 [PHY     ] [I] [    26.8] PUCCH: rnti=0x4601 format=2 prb=[7, 8) prb2=na symb=[4, 6) csi1=1011 sinr=28.4dB t=12.3us
2026-04-24T09:14:37.933671 [PHY     ] [I] [    27.3] PDCCH: rnti=0x4601 ss_id=2 format=0_1 cce=14 al=2 t=14.2us
2026-04-24T09:14:37.935649 [SCHED   ] [I] [    27.7] Slot decisions pci=1 t=1us (0 PDSCHs, 1 PUSCH, 0 PUCCHs): UL: ue=0 rnti=0x4601 h_id=0 ss_id=2 rb=[0..6) newtx=true rv=0 tbs=544 k2=4
2026-04-24T09:14:37.939714 [PHY     ] [I] [    27.7] PUSCH: rnti=0x4601 h_id=0 prb=[0, 6) symb=[0, 14) mod=64QAM rv=0 tbs=544 crc=OK iter=2.0 sinr=24.4dB t=86.0us uci_t=0.0us ret_t=5.9us
2026-04-24T09:14:37.939728 [MAC     ] [I] [   27.15] UL rnti=0x4601 ue=0 subPDUs: [lcid=1: len=31, SBSR: lcg=0 bs=0, SE_PHR: ph=[-19..-18)dB p_cmax=[22..23)dBm, PAD: len=505]
2026-04-24T09:14:37.939731 [RLC     ] [I] du=0 ue=0 SRB1 UL: RX PDU. pdu_len=31 dc=data p=1 si=full sn=1
2026-04-24T09:14:37.939734 [RLC     ] [I] du=0 ue=0 SRB1 UL: RX SDU. sn=1 sdu_len=29
2026-04-24T09:14:37.939749 [DU-F1   ] [I] Tx PDU du=0 ue=0 cu_ue=0 du_ue=0: ULRRCMessageTransfer
2026-04-24T09:14:37.939755 [CU-CP-F1] [I] Rx PDU du=0 ue=0 cu_ue=0 du_ue=0: ULRRCMessageTransfer
2026-04-24T09:14:37.939760 [PDCP    ] [I] ue=0 SRB1 UL: RX PDU. type=data pdu_len=29 sn=1 count=1
2026-04-24T09:14:37.939763 [PDCP    ] [I] ue=0 SRB1 UL: RX SDU. count=1
2026-04-24T09:14:37.939770 [RRC     ] [I] ue=0 c-rnti=0x4601: DCCH UL ulInformationTransfer
2026-04-24T09:14:37.939782 [NGAP    ] [I] Tx PDU ue=0 ran_ue=0 amf_ue=1: UplinkNASTransport
2026-04-24T09:14:37.940171 [SCHED   ] [I] [   27.16] Slot decisions pci=1 t=25us (1 PDSCH, 0 PUSCHs, 0 PUCCHs): DL: ue=0 c-rnti=0x4601 h_id=3 ss_id=2 rb=[0..2) k1=11 newtx=true rv=0 tbs=51 ri=1 dl_bo=0
2026-04-24T09:14:37.940186 [RLC     ] [I] du=0 ue=0 SRB1 DL: TX status PDU. pdu_len=3 grant_len=4
2026-04-24T09:14:37.940189 [MAC     ] [I] [   27.16] DL PDU: ue=0 rnti=0x4601 size=51: SDU: lcid=1 nof_sdus=1 total_size=5
2026-04-24T09:14:37.940208 [PHY     ] [I] [   27.16] PDCCH: rnti=0x4601 ss_id=2 format=1_1 cce=10 al=2 t=12.0us
2026-04-24T09:14:37.940225 [PHY     ] [I] [   27.16] PDSCH: rnti=0x4601 h_id=3 k1=11 prb=[0, 2) symb=[2, 8) mod=64QAM rv=0 tbs=51 t=23.2us
2026-04-24T09:14:37.944750 [NGAP    ] [I] Rx PDU ue=0 ran_ue=0 amf_ue=1: DownlinkNASTransport
2026-04-24T09:14:37.944760 [RRC     ] [I] ue=0 c-rnti=0x4601: DCCH DL dlInformationTransfer
2026-04-24T09:14:37.944765 [PDCP    ] [I] ue=0 SRB1 DL: TX PDU. type=data pdu_len=51 sn=1 count=1 is_retx=false
2026-04-24T09:14:37.944772 [CU-CP-F1] [I] Tx PDU du=0 ue=0 cu_ue=0 du_ue=0: DLRRCMessageTransfer
2026-04-24T09:14:37.944776 [DU-F1   ] [I] Rx PDU du=0 ue=0 cu_ue=0 du_ue=0: DLRRCMessageTransfer
2026-04-24T09:14:37.944781 [RLC     ] [I] du=0 ue=0 SRB1 DL: TX SDU. sdu_len=51 pdcp_sn=1 is_retx=false queued_sdus=1 queued_bytes=51
2026-04-24T09:14:37.945122 [SCHED   ] [I] [    28.6] Slot decisions pci=1 t=18us (1 PDSCH, 0 PUSCHs, 0 PUCCHs): DL: ue=0 c-rnti=0x4601 h_id=2 ss_id=2 rb=[0..3) k1=11 newtx=true rv=0 tbs=76 ri=1 dl_bo=0
2026-04-24T09:14:37.945139 [RLC     ] [I] du=0 ue=0 SRB1 DL: TX PDU. dc=data p=1 si=full sn=1 pdu_len=53 grant_len=53
2026-04-24T09:14:37.945142 [MAC     ] [I] [    28.6] DL PDU: ue=0 rnti=0x4601 size=76: SDU: lcid=1 nof_sdus=1 total_size=55
2026-04-24T09:14:37.945160 [PHY     ] [I] [    28.6] PDCCH: rnti=0x4601 ss_id=2 format=1_1 cce=0 al=2 t=12.6us
2026-04-24T09:14:37.945172 [PHY     ] [I] [    28.6] PDSCH: rnti=0x4601 h_id=2 k1=11 prb=[0, 3) symb=[2, 8) mod=64QAM rv=0 tbs=76 t=19.9us
2026-04-24T09:14:37.949657 [PHY     ] [I] [    28.7] PUCCH: rnti=0x4601 format=1 prb1=0 prb2=na symb=[0, 14) cs=0 occ=0 ack=1 metric=405.4 sinr=11.8dB t=18.8us
2026-04-24T09:14:37.949657 [PHY     ] [I] [    28.7] PUCCH: rnti=0x4601 format=1 prb1=4 prb2=na symb=[0, 14) cs=0 occ=0 ack=2 metric=0.3 sinr=-16.4dB t=18.2us
2026-04-24T09:14:37.949934 [PHY     ] [I] [    28.8] PUCCH: rnti=0x4601 format=2 prb=[7, 8) prb2=na symb=[4, 6) csi1=1011 sinr=29.6dB t=16.7us
2026-04-24T09:14:37.954680 [PHY     ] [I] [   28.17] PUCCH: rnti=0x4601 format=1 prb1=0 prb2=na symb=[0, 14) cs=0 occ=0 ack=1 metric=395.6 sinr=11.8dB t=12.4us
2026-04-24T09:14:37.969691 [PHY     ] [I] [    30.7] PUCCH: rnti=0x4601 format=1 prb1=4 prb2=na symb=[0, 14) cs=0 occ=0 sr=yes metric=322.6 sinr=10.9dB t=22.8us
2026-04-24T09:14:37.969919 [PHY     ] [I] [    30.8] PUCCH: rnti=0x4601 format=2 prb=[7, 8) prb2=na symb=[4, 6) csi1=1011 sinr=17.1dB t=13.4us
2026-04-24T09:14:37.973643 [PHY     ] [I] [    31.3] PDCCH: rnti=0x4601 ss_id=2 format=0_1 cce=14 al=2 t=11.1us
2026-04-24T09:14:37.975668 [SCHED   ] [I] [    31.7] Slot decisions pci=1 t=1us (0 PDSCHs, 1 PUSCH, 0 PUCCHs): UL: ue=0 rnti=0x4601 h_id=0 ss_id=2 rb=[0..6) newtx=true rv=0 tbs=544 k2=4
2026-04-24T09:14:37.979771 [PHY     ] [I] [    31.7] PUSCH: rnti=0x4601 h_id=0 prb=[0, 6) symb=[0, 14) mod=64QAM rv=0 tbs=544 crc=KO iter=6.0 sinr=16.3dB t=124.1us uci_t=0.0us ret_t=3.4us
2026-04-24T09:14:37.983668 [PHY     ] [I] [    32.3] PDCCH: rnti=0x4601 ss_id=2 format=0_1 cce=14 al=2 t=9.4us
2026-04-24T09:14:37.985706 [SCHED   ] [I] [    32.7] Slot decisions pci=1 t=1us (0 PDSCHs, 1 PUSCH, 0 PUCCHs): UL: ue=0 rnti=0x4601 h_id=0 ss_id=2 rb=[6..12) newtx=false rv=0 tbs=544 k2=4
2026-04-24T09:14:37.989743 [PHY     ] [I] [    32.7] PUSCH: rnti=0x4601 h_id=0 prb=[6, 12) symb=[0, 14) mod=64QAM rv=0 tbs=544 crc=OK iter=3.0 sinr=20.1dB t=90.5us uci_t=0.0us ret_t=3.6us
2026-04-24T09:14:37.989753 [MAC     ] [I] [   32.15] UL rnti=0x4601 ue=0 subPDUs: [lcid=1: len=3, SBSR: lcg=0 bs=0, SE_PHR: ph=[-19..-18)dB p_cmax=[22..23)dBm, PAD: len=533]
2026-04-24T09:14:37.989756 [RLC     ] [I] du=0 ue=0 SRB1 UL: RX status PDU. ack_sn=2 n_nack=0
2026-04-24T09:14:37.989764 [RLC     ] [I] du=0 ue=0 SRB1 DL: Handled status report. t=3us ack_sn=2 n_nack=0
2026-04-24T09:14:37.989924 [PHY     ] [I] [    32.8] PUCCH: rnti=0x4601 format=2 prb=[7, 8) prb2=na symb=[4, 6) csi1=1011 sinr=32.7dB t=10.5us
2026-04-24T09:14:38.009717 [PHY     ] [I] [    34.7] PUCCH: rnti=0x4601 format=1 prb1=4 prb2=na symb=[0, 14) cs=0 occ=0 sr=no metric=0.3 sinr=-20.4dB t=35.4us
2026-04-24T09:14:38.009914 [PHY     ] [I] [    34.8] PUCCH: rnti=0x4601 format=2 prb=[7, 8) prb2=na symb=[4, 6) csi1=1011 sinr=28.7dB t=30.6us
2026-04-24T09:14:38.029726 [PHY     ] [I] [    36.7] PUCCH: rnti=0x4601 format=1 prb1=4 prb2=na symb=[0, 14) cs=0 occ=0 sr=no metric=0.1 sinr=-19.3dB t=36.5us
2026-04-24T09:14:38.029913 [PHY     ] [I] [    36.8] PUCCH: rnti=0x4601 format=2 prb=[7, 8) prb2=na symb=[4, 6) csi1=1011 sinr=28.8dB t=33.8us
2026-04-24T09:14:38.049773 [PHY     ] [I] [    38.7] PUCCH: rnti=0x4601 format=1 prb1=4 prb2=na symb=[0, 14) cs=0 occ=0 sr=no metric=0.3 sinr=-22.8dB t=49.7us
2026-04-24T09:14:38.049918 [PHY     ] [I] [    38.8] PUCCH: rnti=0x4601 format=2 prb=[7, 8) prb2=na symb=[4, 6) csi1=1011 sinr=14.6dB t=44.0us
2026-04-24T09:14:38.069749 [PHY     ] [I] [    40.7] PUCCH: rnti=0x4601 format=1 prb1=4 prb2=na symb=[0, 14) cs=0 occ=0 sr=no metric=0.4 sinr=-16.3dB t=30.7us
2026-04-24T09:14:38.069933 [PHY     ] [I] [    40.8] PUCCH: rnti=0x4601 format=2 prb=[7, 8) prb2=na symb=[4, 6) csi1=1011 sinr=22.5dB t=32.4us
2026-04-24T09:14:38.072190 [SCHED   ] [I] [    41.0] Slot decisions pci=1 t=22us (1 PDSCH, 0 PUSCHs, 0 PUCCHs): DL: ue=0 c-rnti=0x4601 h_id=2 ss_id=2 rb=[20..22) k1=7 newtx=true rv=0 tbs=106 ri=1 dl_bo=0
2026-04-24T09:14:38.072208 [MAC     ] [I] [    41.0] DL PDU: ue=0 rnti=0x4601 size=106: TA_CMD: tag_id=0, ta_cmd=32
2026-04-24T09:14:38.072240 [PHY     ] [I] [    41.0] PDCCH: rnti=0x4601 ss_id=2 format=1_1 cce=4 al=2 t=17.0us
2026-04-24T09:14:38.072262 [PHY     ] [I] [    41.0] PDSCH: rnti=0x4601 h_id=2 k1=7 prb=[20, 22) symb=[2, 14) mod=64QAM rv=0 tbs=106 t=35.4us
2026-04-24T09:14:38.079729 [PHY     ] [I] [    41.7] PUCCH: rnti=0x4601 format=1 prb1=0 prb2=na symb=[0, 14) cs=0 occ=0 ack=1 metric=3008.4 sinr=20.5dB t=14.7us
2026-04-24T09:14:38.089684 [PHY     ] [I] [    42.7] PUCCH: rnti=0x4601 format=1 prb1=4 prb2=na symb=[0, 14) cs=0 occ=0 sr=no metric=0.2 sinr=-23.5dB t=24.4us
2026-04-24T09:14:38.089924 [PHY     ] [I] [    42.8] PUCCH: rnti=0x4601 format=2 prb=[7, 8) prb2=na symb=[4, 6) csi1=1011 sinr=28.8dB t=21.8us
2026-04-24T09:14:38.109680 [PHY     ] [I] [    44.7] PUCCH: rnti=0x4601 format=1 prb1=4 prb2=na symb=[0, 14) cs=0 occ=0 sr=no metric=0.1 sinr=-24.6dB t=30.1us
2026-04-24T09:14:38.109973 [PHY     ] [I] [    44.8] PUCCH: rnti=0x4601 format=2 prb=[7, 8) prb2=na symb=[4, 6) csi1=1011 sinr=27.4dB t=26.1us
2026-04-24T09:14:38.112119 [SCHED   ] [I] [    45.0] Slot decisions pci=1 t=20us (1 PDSCH, 0 PUSCHs, 0 PUCCHs): DL: ue=0 c-rnti=0x4601 h_id=2 ss_id=2 rb=[20..22) k1=7 newtx=true rv=0 tbs=106 ri=1 dl_bo=0
2026-04-24T09:14:38.112142 [MAC     ] [I] [    45.0] DL PDU: ue=0 rnti=0x4601 size=106: TA_CMD: tag_id=0, ta_cmd=30
2026-04-24T09:14:38.112176 [PHY     ] [I] [    45.0] PDCCH: rnti=0x4601 ss_id=2 format=1_1 cce=4 al=2 t=17.3us
2026-04-24T09:14:38.112187 [PHY     ] [I] [    45.0] PDSCH: rnti=0x4601 h_id=2 k1=7 prb=[20, 22) symb=[2, 14) mod=64QAM rv=0 tbs=106 t=28.7us
2026-04-24T09:14:38.119689 [PHY     ] [I] [    45.7] PUCCH: rnti=0x4601 format=1 prb1=0 prb2=na symb=[0, 14) cs=0 occ=0 ack=1 metric=430.1 sinr=12.1dB t=31.6us
2026-04-24T09:14:38.129662 [PHY     ] [I] [    46.7] PUCCH: rnti=0x4601 format=1 prb1=4 prb2=na symb=[0, 14) cs=0 occ=0 sr=no metric=0.4 sinr=-15.7dB t=12.8us
2026-04-24T09:14:38.129936 [PHY     ] [I] [    46.8] PUCCH: rnti=0x4601 format=2 prb=[7, 8) prb2=na symb=[4, 6) csi1=1011 sinr=30.6dB t=21.7us
2026-04-24T09:14:38.149717 [PHY     ] [I] [    48.7] PUCCH: rnti=0x4601 format=1 prb1=4 prb2=na symb=[0, 14) cs=0 occ=0 sr=no metric=0.1 sinr=-22.0dB t=28.1us
2026-04-24T09:14:38.149952 [PHY     ] [I] [    48.8] PUCCH: rnti=0x4601 format=2 prb=[7, 8) prb2=na symb=[4, 6) csi1=1011 sinr=27.1dB t=19.2us
2026-04-24T09:14:38.169717 [PHY     ] [I] [    50.7] PUCCH: rnti=0x4601 format=1 prb1=4 prb2=na symb=[0, 14) cs=0 occ=0 sr=no metric=0.2 sinr=-19.9dB t=13.8us
2026-04-24T09:14:38.169865 [PHY     ] [I] [    50.8] PUCCH: rnti=0x4601 format=2 prb=[7, 8) prb2=na symb=[4, 6) csi1=1011 sinr=27.1dB t=8.2us
2026-04-24T09:14:38.189707 [PHY     ] [I] [    52.7] PUCCH: rnti=0x4601 format=1 prb1=4 prb2=na symb=[0, 14) cs=0 occ=0 sr=no metric=0.1 sinr=-21.4dB t=28.5us
2026-04-24T09:14:38.189884 [PHY     ] [I] [    52.8] PUCCH: rnti=0x4601 format=2 prb=[7, 8) prb2=na symb=[4, 6) csi1=1011 sinr=26.9dB t=13.6us
2026-04-24T09:14:38.192151 [SCHED   ] [I] [    53.0] Slot decisions pci=1 t=18us (1 PDSCH, 0 PUSCHs, 0 PUCCHs): DL: ue=0 c-rnti=0x4601 h_id=2 ss_id=2 rb=[20..22) k1=7 newtx=true rv=0 tbs=106 ri=1 dl_bo=0
2026-04-24T09:14:38.192167 [MAC     ] [I] [    53.0] DL PDU: ue=0 rnti=0x4601 size=106: TA_CMD: tag_id=0, ta_cmd=32
2026-04-24T09:14:38.192195 [PHY     ] [I] [    53.0] PDCCH: rnti=0x4601 ss_id=2 format=1_1 cce=4 al=2 t=12.1us
2026-04-24T09:14:38.192207 [PHY     ] [I] [    53.0] PDSCH: rnti=0x4601 h_id=2 k1=7 prb=[20, 22) symb=[2, 14) mod=64QAM rv=0 tbs=106 t=21.5us
2026-04-24T09:14:38.199698 [PHY     ] [I] [    53.7] PUCCH: rnti=0x4601 format=1 prb1=0 prb2=na symb=[0, 14) cs=0 occ=0 ack=0 metric=326.8 sinr=10.9dB t=17.9us
2026-04-24T09:14:38.202187 [SCHED   ] [I] [    54.0] Slot decisions pci=1 t=17us (1 PDSCH, 0 PUSCHs, 0 PUCCHs): DL: ue=0 c-rnti=0x4601 h_id=2 ss_id=2 rb=[20..22) k1=7 newtx=false rv=2 tbs=106
2026-04-24T09:14:38.202221 [PHY     ] [I] [    54.0] PDCCH: rnti=0x4601 ss_id=2 format=1_1 cce=4 al=2 t=9.7us
2026-04-24T09:14:38.202240 [PHY     ] [I] [    54.0] PDSCH: rnti=0x4601 h_id=2 k1=7 prb=[20, 22) symb=[2, 14) mod=64QAM rv=2 tbs=106 t=19.4us
2026-04-24T09:14:38.209715 [PHY     ] [I] [    54.7] PUCCH: rnti=0x4601 format=1 prb1=0 prb2=na symb=[0, 14) cs=0 occ=0 ack=1 metric=2047.1 sinr=18.9dB t=13.8us
2026-04-24T09:14:38.209718 [PHY     ] [I] [    54.7] PUCCH: rnti=0x4601 format=1 prb1=4 prb2=na symb=[0, 14) cs=0 occ=0 ack=2 metric=0.2 sinr=-18.3dB t=16.3us
2026-04-24T09:14:38.209889 [PHY     ] [I] [    54.8] PUCCH: rnti=0x4601 format=2 prb=[7, 8) prb2=na symb=[4, 6) csi1=1011 sinr=28.4dB t=12.1us
2026-04-24T09:14:38.229721 [PHY     ] [I] [    56.7] PUCCH: rnti=0x4601 format=1 prb1=4 prb2=na symb=[0, 14) cs=0 occ=0 sr=no metric=0.3 sinr=-15.4dB t=13.3us
2026-04-24T09:14:38.229890 [PHY     ] [I] [    56.8] PUCCH: rnti=0x4601 format=2 prb=[7, 8) prb2=na symb=[4, 6) csi1=1011 sinr=29.4dB t=9.2us
2026-04-24T09:14:38.249745 [PHY     ] [I] [    58.7] PUCCH: rnti=0x4601 format=1 prb1=4 prb2=na symb=[0, 14) cs=0 occ=0 sr=no metric=0.4 sinr=-21.5dB t=21.8us
2026-04-24T09:14:38.249924 [PHY     ] [I] [    58.8] PUCCH: rnti=0x4601 format=2 prb=[7, 8) prb2=na symb=[4, 6) csi1=1011 sinr=31.0dB t=19.5us
2026-04-24T09:14:38.269663 [PHY     ] [I] [    60.7] PUCCH: rnti=0x4601 format=1 prb1=4 prb2=na symb=[0, 14) cs=0 occ=0 sr=yes metric=3007.6 sinr=20.5dB t=18.5us
2026-04-24T09:14:38.269927 [PHY     ] [I] [    60.8] PUCCH: rnti=0x4601 format=2 prb=[7, 8) prb2=na symb=[4, 6) csi1=1011 sinr=30.9dB t=27.5us
2026-04-24T09:14:38.273653 [PHY     ] [I] [    61.3] PDCCH: rnti=0x4601 ss_id=2 format=0_1 cce=14 al=2 t=15.3us
2026-04-24T09:14:38.275636 [SCHED   ] [I] [    61.7] Slot decisions pci=1 t=1us (0 PDSCHs, 1 PUSCH, 0 PUCCHs): UL: ue=0 rnti=0x4601 h_id=0 ss_id=2 rb=[0..6) newtx=true rv=0 tbs=544 k2=4
2026-04-24T09:14:38.279790 [PHY     ] [I] [    61.7] PUSCH: rnti=0x4601 h_id=0 prb=[0, 6) symb=[0, 14) mod=64QAM rv=0 tbs=544 crc=OK iter=3.0 sinr=20.0dB t=107.2us uci_t=0.0us ret_t=7.0us
2026-04-24T09:14:38.279804 [MAC     ] [I] [   61.15] UL rnti=0x4601 ue=0 subPDUs: [lcid=1: len=32, SBSR: lcg=0 bs=0, SE_PHR: ph=[-29..-28)dB p_cmax=[22..23)dBm, PAD: len=504]
2026-04-24T09:14:38.279807 [RLC     ] [I] du=0 ue=0 SRB1 UL: RX PDU. pdu_len=32 dc=data p=1 si=full sn=2
2026-04-24T09:14:38.279810 [RLC     ] [I] du=0 ue=0 SRB1 UL: RX SDU. sn=2 sdu_len=30
2026-04-24T09:14:38.279827 [DU-F1   ] [I] Tx PDU du=0 ue=0 cu_ue=0 du_ue=0: ULRRCMessageTransfer
2026-04-24T09:14:38.279833 [CU-CP-F1] [I] Rx PDU du=0 ue=0 cu_ue=0 du_ue=0: ULRRCMessageTransfer
2026-04-24T09:14:38.279838 [PDCP    ] [I] ue=0 SRB1 UL: RX PDU. type=data pdu_len=30 sn=2 count=2
2026-04-24T09:14:38.279840 [PDCP    ] [I] ue=0 SRB1 UL: RX SDU. count=2
2026-04-24T09:14:38.279847 [RRC     ] [I] ue=0 c-rnti=0x4601: DCCH UL ulInformationTransfer
2026-04-24T09:14:38.279859 [NGAP    ] [I] Tx PDU ue=0 ran_ue=0 amf_ue=1: UplinkNASTransport
2026-04-24T09:14:38.280184 [SCHED   ] [I] [   61.16] Slot decisions pci=1 t=29us (1 PDSCH, 0 PUSCHs, 0 PUCCHs): DL: ue=0 c-rnti=0x4601 h_id=2 ss_id=2 rb=[0..2) k1=11 newtx=true rv=0 tbs=46 ri=1 dl_bo=0
2026-04-24T09:14:38.280200 [RLC     ] [I] du=0 ue=0 SRB1 DL: TX status PDU. pdu_len=3 grant_len=4
2026-04-24T09:14:38.280203 [MAC     ] [I] [   61.16] DL PDU: ue=0 rnti=0x4601 size=46: SDU: lcid=1 nof_sdus=1 total_size=5
2026-04-24T09:14:38.280225 [PHY     ] [I] [   61.16] PDCCH: rnti=0x4601 ss_id=2 format=1_1 cce=10 al=2 t=15.4us
2026-04-24T09:14:38.280246 [PHY     ] [I] [   61.16] PDSCH: rnti=0x4601 h_id=2 k1=11 prb=[0, 2) symb=[2, 8) mod=64QAM rv=0 tbs=46 t=26.7us
2026-04-24T09:14:38.282733 [NGAP    ] [I] Rx PDU ue=0 ran_ue=0 amf_ue=1: DownlinkNASTransport
2026-04-24T09:14:38.282741 [RRC     ] [I] ue=0 c-rnti=0x4601: DCCH DL dlInformationTransfer
2026-04-24T09:14:38.282746 [PDCP    ] [I] ue=0 SRB1 DL: TX PDU. type=data pdu_len=28 sn=2 count=2 is_retx=false
2026-04-24T09:14:38.282753 [CU-CP-F1] [I] Tx PDU du=0 ue=0 cu_ue=0 du_ue=0: DLRRCMessageTransfer
2026-04-24T09:14:38.282758 [DU-F1   ] [I] Rx PDU du=0 ue=0 cu_ue=0 du_ue=0: DLRRCMessageTransfer
2026-04-24T09:14:38.282764 [RLC     ] [I] du=0 ue=0 SRB1 DL: TX SDU. sdu_len=28 pdcp_sn=2 is_retx=false queued_sdus=1 queued_bytes=28
2026-04-24T09:14:38.283203 [SCHED   ] [I] [    62.2] Slot decisions pci=1 t=20us (1 PDSCH, 0 PUSCHs, 0 PUCCHs): DL: ue=0 c-rnti=0x4601 h_id=3 ss_id=2 rb=[0..2) k1=5 newtx=true rv=0 tbs=88 ri=1 dl_bo=0
2026-04-24T09:14:38.283225 [RLC     ] [I] du=0 ue=0 SRB1 DL: TX PDU. dc=data p=1 si=full sn=2 pdu_len=30 grant_len=30
2026-04-24T09:14:38.283226 [MAC     ] [I] [    62.2] DL PDU: ue=0 rnti=0x4601 size=88: SDU: lcid=1 nof_sdus=1 total_size=32
2026-04-24T09:14:38.283243 [PHY     ] [I] [    62.2] PDCCH: rnti=0x4601 ss_id=2 format=1_1 cce=6 al=2 t=12.1us
2026-04-24T09:14:38.283256 [PHY     ] [I] [    62.2] PDSCH: rnti=0x4601 h_id=3 k1=5 prb=[0, 2) symb=[2, 14) mod=64QAM rv=0 tbs=88 t=16.2us
2026-04-24T09:14:38.289688 [PHY     ] [I] [    62.7] PUCCH: rnti=0x4601 format=1 prb1=4 prb2=na symb=[0, 14) cs=0 occ=0 ack=11 metric=3320.4 sinr=21.0dB t=30.8us
2026-04-24T09:14:38.289707 [PHY     ] [I] [    62.7] PUCCH: rnti=0x4601 format=1 prb1=0 prb2=na symb=[0, 14) cs=0 occ=0 ack=22 metric=0.2 sinr=-31.8dB t=19.1us
2026-04-24T09:14:38.289924 [PHY     ] [I] [    62.8] PUCCH: rnti=0x4601 format=2 prb=[7, 8) prb2=na symb=[4, 6) csi1=1011 sinr=28.2dB t=17.7us
2026-04-24T09:14:38.293657 [PHY     ] [I] [    63.3] PDCCH: rnti=0x4601 ss_id=2 format=0_1 cce=14 al=2 t=11.4us
2026-04-24T09:14:38.295683 [SCHED   ] [I] [    63.7] Slot decisions pci=1 t=1us (0 PDSCHs, 1 PUSCH, 0 PUCCHs): UL: ue=0 rnti=0x4601 h_id=0 ss_id=2 rb=[0..6) newtx=true rv=0 tbs=544 k2=4
2026-04-24T09:14:38.299760 [PHY     ] [I] [    63.7] PUSCH: rnti=0x4601 h_id=0 prb=[0, 6) symb=[0, 14) mod=64QAM rv=0 tbs=544 crc=OK iter=3.0 sinr=21.6dB t=91.6us uci_t=0.0us ret_t=3.1us
2026-04-24T09:14:38.299769 [MAC     ] [I] [   63.15] UL rnti=0x4601 ue=0 subPDUs: [lcid=1: len=3, lcid=1: len=77, SBSR: lcg=0 bs=0, SE_PHR: ph=[-29..-28)dB p_cmax=[22..23)dBm, PAD: len=454]
2026-04-24T09:14:38.299776 [RLC     ] [I] du=0 ue=0 SRB1 UL: RX status PDU. ack_sn=3 n_nack=0
2026-04-24T09:14:38.299778 [RLC     ] [I] du=0 ue=0 SRB1 UL: RX PDU. pdu_len=77 dc=data p=1 si=full sn=3
2026-04-24T09:14:38.299780 [RLC     ] [I] du=0 ue=0 SRB1 UL: RX SDU. sn=3 sdu_len=75
2026-04-24T09:14:38.299783 [RLC     ] [I] du=0 ue=0 SRB1 DL: Handled status report. t=3us ack_sn=3 n_nack=0
2026-04-24T09:14:38.299784 [DU-F1   ] [I] Tx PDU du=0 ue=0 cu_ue=0 du_ue=0: ULRRCMessageTransfer
2026-04-24T09:14:38.299788 [CU-CP-F1] [I] Rx PDU du=0 ue=0 cu_ue=0 du_ue=0: ULRRCMessageTransfer
2026-04-24T09:14:38.299791 [PDCP    ] [I] ue=0 SRB1 UL: RX PDU. type=data pdu_len=75 sn=3 count=3
2026-04-24T09:14:38.299792 [PDCP    ] [I] ue=0 SRB1 UL: RX SDU. count=3
2026-04-24T09:14:38.299796 [RRC     ] [I] ue=0 c-rnti=0x4601: DCCH UL ulInformationTransfer
2026-04-24T09:14:38.299801 [NGAP    ] [I] Tx PDU ue=0 ran_ue=0 amf_ue=1: UplinkNASTransport
2026-04-24T09:14:38.300178 [SCHED   ] [I] [   63.16] Slot decisions pci=1 t=15us (1 PDSCH, 0 PUSCHs, 0 PUCCHs): DL: ue=0 c-rnti=0x4601 h_id=3 ss_id=2 rb=[0..2) k1=11 newtx=true rv=0 tbs=46 ri=1 dl_bo=0
2026-04-24T09:14:38.300190 [RLC     ] [I] du=0 ue=0 SRB1 DL: TX status PDU. pdu_len=3 grant_len=4
2026-04-24T09:14:38.300191 [MAC     ] [I] [   63.16] DL PDU: ue=0 rnti=0x4601 size=46: SDU: lcid=1 nof_sdus=1 total_size=5
2026-04-24T09:14:38.300211 [PHY     ] [I] [   63.16] PDSCH: rnti=0x4601 h_id=3 k1=11 prb=[0, 2) symb=[2, 8) mod=64QAM rv=0 tbs=46 t=14.4us
2026-04-24T09:14:38.300212 [PHY     ] [I] [   63.16] PDCCH: rnti=0x4601 ss_id=2 format=1_1 cce=10 al=2 t=13.4us
2026-04-24T09:14:38.308138 [NGAP    ] [I] Rx PDU ue=0 ran_ue=0 amf_ue=1: InitialContextSetupRequest
2026-04-24T09:14:38.308156 [CU-CP   ] [I] ue=0: "Initial Context Setup Routine" initialized
2026-04-24T09:14:38.308434 [SEC     ] [I] K_gNB: 
	5c b3 98 fa 5b d1 35 bd 70 3e 1c b9 87 26 87 f1
	6c b0 dd 65 09 73 7b 7c a4 45 1f 2e 58 56 6c 4f
2026-04-24T09:14:38.308435 [SEC     ] [I] RRC Integrity Key: 
	7e 6d c6 5b 90 32 4d f2 11 6c 8d 4f a0 36 26 45
	1f 37 14 39 41 d7 90 31 94 ff 64 0e 5f 9b 29 58
2026-04-24T09:14:38.308435 [SEC     ] [I] RRC Encryption Key: 
	c6 d5 c1 72 34 b8 62 eb 66 09 4e 1a b3 86 05 47
	30 b7 98 b3 78 20 eb c4 e2 2e 38 a3 3c fb 85 54
2026-04-24T09:14:38.308435 [SEC     ] [I] UP Integrity Key: 
	06 5f 5c 17 54 73 23 5b 2d 13 8d ac 46 47 fa f6
	3d b1 19 60 be 04 59 47 15 64 2f ce 1e 77 5b 90
2026-04-24T09:14:38.308435 [SEC     ] [I] UP Encryption Key: 
	d8 78 8c 58 2a 2a 45 ff ba 6d 50 cf 6a ae 56 91
	89 10 c6 e8 59 0d a4 22 e2 4e 4f 06 b2 8f 5a c1
2026-04-24T09:14:38.308486 [PDCP    ] [I] ue=0 SRB1 UL: Security configured: NIA2 (on) NEA0 (off) domain=RRC
2026-04-24T09:14:38.308486 [PDCP    ] [I] ue=0 SRB1 UL: 128 K_int: 
	1f 37 14 39 41 d7 90 31 94 ff 64 0e 5f 9b 29 58
2026-04-24T09:14:38.308487 [PDCP    ] [I] ue=0 SRB1 UL: 128 K_enc: 
	30 b7 98 b3 78 20 eb c4 e2 2e 38 a3 3c fb 85 54
2026-04-24T09:14:38.308501 [PDCP    ] [I] ue=0 SRB1 DL: Security configured: NIA2 (on) NEA0 (off) domain=RRC
2026-04-24T09:14:38.308501 [PDCP    ] [I] ue=0 SRB1 DL: 128 K_int: 
	1f 37 14 39 41 d7 90 31 94 ff 64 0e 5f 9b 29 58
2026-04-24T09:14:38.308501 [PDCP    ] [I] ue=0 SRB1 DL: 128 K_enc: 
	30 b7 98 b3 78 20 eb c4 e2 2e 38 a3 3c fb 85 54
2026-04-24T09:14:38.308512 [PDCP    ] [I] ue=0 SRB1 DL: TX PDU. type=data pdu_len=9 sn=3 count=3 is_retx=false
2026-04-24T09:14:38.308514 [RRC     ] [I] ue=0 c-rnti=0x4601: DCCH DL securityModeCommand
2026-04-24T09:14:38.308579 [CU-CP-F1] [I] Tx PDU du=0 ue=0 cu_ue=0 du_ue=0: UEContextSetupRequest
2026-04-24T09:14:38.308772 [DU-F1   ] [I] Rx PDU du=0 ue=0 cu_ue=0 du_ue=0: UEContextSetupRequest
2026-04-24T09:14:38.308786 [DU-MNG  ] [I] ue=0 rnti=0x4601 proc="UE Configuration": Procedure started....
2026-04-24T09:14:38.309677 [MAC     ] [I] [   64.15] ue=0 crnti=0x4601 proc="Sched UE Config": successfully finished
2026-04-24T09:14:38.309677 [MAC     ] [I] [   64.15] ue=0 crnti=0x4601 proc="MAC UE Reconfiguration": finished successfully
2026-04-24T09:14:38.309679 [DU-MNG  ] [I] ue=0 rnti=0x4601 proc="UE Configuration": Procedure finished successfully.
2026-04-24T09:14:38.309683 [PHY     ] [I] [    64.7] PUCCH: rnti=0x4601 format=1 prb1=4 prb2=na symb=[0, 14) cs=0 occ=0 ack=2 metric=0.2 sinr=-23.0dB t=17.1us
2026-04-24T09:14:38.309714 [PHY     ] [I] [    64.7] PUCCH: rnti=0x4601 format=1 prb1=0 prb2=na symb=[0, 14) cs=0 occ=0 ack=1 metric=3147.3 sinr=20.7dB t=27.5us
2026-04-24T09:14:38.309763 [RLC     ] [I] du=0 ue=0 SRB1 DL: TX SDU. sdu_len=9 pdcp_sn=3 is_retx=false queued_sdus=1 queued_bytes=9
2026-04-24T09:14:38.309943 [PHY     ] [I] [    64.8] PUCCH: rnti=0x4601 format=2 prb=[7, 8) prb2=na symb=[4, 6) csi1=1011 sinr=27.8dB t=14.8us
2026-04-24T09:14:38.312159 [SCHED   ] [I] [    65.0] Slot decisions pci=1 t=1us (1 PDSCH, 0 PUSCHs, 0 PUCCHs): DL: ue=0 c-rnti=0x4601 h_id=3 ss_id=1 rb=[20..23) k1=7 newtx=true rv=0 tbs=15 ri=1 dl_bo=0
2026-04-24T09:14:38.312174 [RLC     ] [I] du=0 ue=0 SRB1 DL: TX PDU. dc=data p=1 si=full sn=3 pdu_len=11 grant_len=13
2026-04-24T09:14:38.312176 [MAC     ] [I] [    65.0] DL PDU: ue=0 rnti=0x4601 size=15: SDU: lcid=1 nof_sdus=1 total_size=13
2026-04-24T09:14:38.312208 [PHY     ] [I] [    65.0] PDCCH: rnti=0x4601 ss_id=1 format=1_0 cce=0 al=4 t=17.9us
2026-04-24T09:14:38.312216 [DU-F1   ] [I] Tx PDU du=0 ue=0 cu_ue=0 du_ue=0: UEContextSetupResponse
2026-04-24T09:14:38.312230 [PHY     ] [I] [    65.0] PDSCH: rnti=0x4601 h_id=3 k1=7 prb=[20, 23) symb=[2, 14) mod=QPSK rv=0 tbs=15 t=20.9us
2026-04-24T09:14:38.312240 [CU-CP-F1] [I] Rx PDU du=0 ue=0 cu_ue=0 du_ue=0: UEContextSetupResponse
2026-04-24T09:14:38.319693 [PHY     ] [I] [    65.7] PUCCH: rnti=0x4601 format=1 prb1=0 prb2=na symb=[0, 14) cs=0 occ=0 ack=1 metric=2988.4 sinr=20.5dB t=12.6us
2026-04-24T09:14:38.329711 [PHY     ] [I] [    66.7] PUCCH: rnti=0x4601 format=1 prb1=4 prb2=na symb=[0, 14) cs=0 occ=0 sr=yes metric=3688.6 sinr=21.4dB t=12.3us
2026-04-24T09:14:38.329975 [PHY     ] [I] [    66.8] PUCCH: rnti=0x4601 format=2 prb=[7, 8) prb2=na symb=[4, 6) csi1=1011 sinr=34.6dB t=14.5us
2026-04-24T09:14:38.333690 [PHY     ] [I] [    67.3] PDCCH: rnti=0x4601 ss_id=1 format=0_0 cce=0 al=4 t=20.3us
2026-04-24T09:14:38.335708 [SCHED   ] [I] [    67.7] Slot decisions pci=1 t=1us (0 PDSCHs, 1 PUSCH, 0 PUCCHs): UL: ue=0 rnti=0x4601 h_id=0 ss_id=1 rb=[8..14) newtx=true rv=0 tbs=544 k2=4
2026-04-24T09:14:38.339776 [PHY     ] [I] [    67.7] PUSCH: rnti=0x4601 h_id=0 prb=[8, 14) symb=[0, 14) mod=64QAM rv=0 tbs=544 crc=OK iter=2.0 sinr=24.1dB t=71.6us uci_t=0.0us ret_t=2.8us
2026-04-24T09:14:38.339784 [MAC     ] [I] [   67.15] UL rnti=0x4601 ue=0 subPDUs: [lcid=1: len=3, lcid=1: len=10, SBSR: lcg=0 bs=0, SE_PHR: ph=[-22..-21)dB p_cmax=[22..23)dBm, PAD: len=521]
2026-04-24T09:14:38.339785 [RLC     ] [I] du=0 ue=0 SRB1 UL: RX status PDU. ack_sn=4 n_nack=0
2026-04-24T09:14:38.339786 [RLC     ] [I] du=0 ue=0 SRB1 UL: RX PDU. pdu_len=10 dc=data p=1 si=full sn=4
2026-04-24T09:14:38.339788 [RLC     ] [I] du=0 ue=0 SRB1 UL: RX SDU. sn=4 sdu_len=8
2026-04-24T09:14:38.339793 [RLC     ] [I] du=0 ue=0 SRB1 DL: Handled status report. t=1us ack_sn=4 n_nack=0
2026-04-24T09:14:38.339796 [DU-F1   ] [I] Tx PDU du=0 ue=0 cu_ue=0 du_ue=0: ULRRCMessageTransfer
2026-04-24T09:14:38.339799 [CU-CP-F1] [I] Rx PDU du=0 ue=0 cu_ue=0 du_ue=0: ULRRCMessageTransfer
2026-04-24T09:14:38.339801 [PDCP    ] [I] ue=0 SRB1 UL: RX PDU. type=data pdu_len=8 sn=4 count=4
2026-04-24T09:14:38.339804 [PDCP    ] [I] ue=0 SRB1 UL: RX SDU. count=4
2026-04-24T09:14:38.339809 [RRC     ] [I] ue=0 c-rnti=0x4601: DCCH UL securityModeComplete
2026-04-24T09:14:38.339826 [PDCP    ] [I] ue=0 SRB1 UL: Security configured: NIA2 (on) NEA0 (on) domain=RRC
2026-04-24T09:14:38.339826 [PDCP    ] [I] ue=0 SRB1 UL: 128 K_int: 
	1f 37 14 39 41 d7 90 31 94 ff 64 0e 5f 9b 29 58
2026-04-24T09:14:38.339827 [PDCP    ] [I] ue=0 SRB1 UL: 128 K_enc: 
	30 b7 98 b3 78 20 eb c4 e2 2e 38 a3 3c fb 85 54
2026-04-24T09:14:38.339840 [PDCP    ] [I] ue=0 SRB1 DL: Security configured: NIA2 (on) NEA0 (on) domain=RRC
2026-04-24T09:14:38.339840 [PDCP    ] [I] ue=0 SRB1 DL: 128 K_int: 
	1f 37 14 39 41 d7 90 31 94 ff 64 0e 5f 9b 29 58
2026-04-24T09:14:38.339840 [PDCP    ] [I] ue=0 SRB1 DL: 128 K_enc: 
	30 b7 98 b3 78 20 eb c4 e2 2e 38 a3 3c fb 85 54
2026-04-24T09:14:38.340331 [RRC     ] [I] ue=0 c-rnti=0x4601: DCCH DL ueCapabilityEnquiry
2026-04-24T09:14:38.340334 [PDCP    ] [I] ue=0 SRB1 DL: TX PDU. type=data pdu_len=14 sn=4 count=4 is_retx=false
2026-04-24T09:14:38.340337 [CU-CP-F1] [I] Tx PDU du=0 ue=0 cu_ue=0 du_ue=0: DLRRCMessageTransfer
2026-04-24T09:14:38.340341 [DU-F1   ] [I] Rx PDU du=0 ue=0 cu_ue=0 du_ue=0: DLRRCMessageTransfer
2026-04-24T09:14:38.340343 [RLC     ] [I] du=0 ue=0 SRB1 DL: TX SDU. sdu_len=14 pdcp_sn=4 is_retx=false queued_sdus=1 queued_bytes=14
2026-04-24T09:14:38.342138 [SCHED   ] [I] [    68.0] Slot decisions pci=1 t=12us (1 PDSCH, 0 PUSCHs, 0 PUCCHs): DL: ue=0 c-rnti=0x4601 h_id=3 ss_id=1 rb=[20..22) k1=7 newtx=true rv=0 tbs=10 ri=1 dl_bo=0
2026-04-24T09:14:38.342147 [RLC     ] [I] du=0 ue=0 SRB1 DL: TX status PDU. pdu_len=3 grant_len=8
2026-04-24T09:14:38.342149 [RLC     ] [I] du=0 ue=0 SRB1 DL: TX PDU. dc=data p=0 si=first sn=4 pdu_len=3 grant_len=3
2026-04-24T09:14:38.342150 [MAC     ] [I] [    68.0] DL PDU: ue=0 rnti=0x4601 size=10: SDU: lcid=1 nof_sdus=2 total_size=10
2026-04-24T09:14:38.342180 [PHY     ] [I] [    68.0] PDCCH: rnti=0x4601 ss_id=1 format=1_0 cce=0 al=4 t=16.5us
2026-04-24T09:14:38.342195 [PHY     ] [I] [    68.0] PDSCH: rnti=0x4601 h_id=3 k1=7 prb=[20, 22) symb=[2, 14) mod=QPSK rv=0 tbs=10 t=18.2us
2026-04-24T09:14:38.342716 [SCHED   ] [I] [    68.1] Slot decisions pci=1 t=8us (1 PDSCH, 0 PUSCHs, 0 PUCCHs): DL: ue=0 c-rnti=0x4601 h_id=2 ss_id=1 rb=[0..4) k1=6 newtx=true rv=0 tbs=20 ri=1 dl_bo=0
2026-04-24T09:14:38.342723 [RLC     ] [I] du=0 ue=0 SRB1 DL: TX PDU. dc=data p=1 si=last sn=4 so=1 pdu_len=17 grant_len=18
2026-04-24T09:14:38.342724 [MAC     ] [I] [    68.1] DL PDU: ue=0 rnti=0x4601 size=20: SDU: lcid=1 nof_sdus=1 total_size=19
2026-04-24T09:14:38.342744 [PHY     ] [I] [    68.1] PDCCH: rnti=0x4601 ss_id=1 format=1_0 cce=0 al=4 t=16.8us
2026-04-24T09:14:38.342768 [PHY     ] [I] [    68.1] PDSCH: rnti=0x4601 h_id=2 k1=6 prb=[0, 4) symb=[2, 14) mod=QPSK rv=0 tbs=20 t=19.0us
2026-04-24T09:14:38.344661 [SCHED   ] [I] [    68.5] Slot decisions pci=1 t=2us (1 PDSCH, 0 PUSCHs, 0 PUCCHs): DL: ue=0 c-rnti=0x4601 h_id=1 ss_id=1 rb=[0..2) k1=4 newtx=true rv=0 tbs=10 ri=1 dl_bo=0
2026-04-24T09:14:38.344673 [MAC     ] [I] [    68.5] ue=0 rnti=0x4601 lcid=1: Skipping MAC SDU encoding. Cause: RLC could not encode any SDU
2026-04-24T09:14:38.344674 [MAC     ] [I] [    68.5] DL PDU: ue=0 rnti=0x4601 size=10: 
2026-04-24T09:14:38.344697 [PHY     ] [I] [    68.5] PDCCH: rnti=0x4601 ss_id=1 format=1_0 cce=0 al=4 t=17.6us
2026-04-24T09:14:38.344725 [PHY     ] [I] [    68.5] PDSCH: rnti=0x4601 h_id=1 k1=4 prb=[0, 2) symb=[2, 14) mod=QPSK rv=0 tbs=10 t=16.1us
2026-04-24T09:14:38.349686 [PHY     ] [I] [    68.7] PUCCH: rnti=0x4601 format=1 prb1=4 prb2=na symb=[0, 14) cs=0 occ=0 ack=22 metric=0.3 sinr=-18.9dB t=14.8us
2026-04-24T09:14:38.349686 [PHY     ] [I] [    68.7] PUCCH: rnti=0x4601 format=1 prb1=0 prb2=na symb=[0, 14) cs=0 occ=0 ack=11 metric=3070.3 sinr=20.6dB t=14.9us
2026-04-24T09:14:38.349876 [PHY     ] [I] [    68.8] PUCCH: rnti=0x4601 format=2 prb=[7, 8) prb2=na symb=[4, 6) csi1=1011 sinr=33.7dB t=11.4us
2026-04-24T09:14:38.350661 [PHY     ] [I] [    68.9] PUCCH: rnti=0x4601 format=1 prb1=0 prb2=na symb=[0, 14) cs=0 occ=0 ack=1 metric=2986.1 sinr=20.5dB t=13.5us
2026-04-24T09:14:38.369720 [PHY     ] [I] [    70.7] PUCCH: rnti=0x4601 format=1 prb1=4 prb2=na symb=[0, 14) cs=0 occ=0 sr=no metric=0.4 sinr=-17.8dB t=12.4us
2026-04-24T09:14:38.369869 [PHY     ] [I] [    70.8] PUCCH: rnti=0x4601 format=2 prb=[7, 8) prb2=na symb=[4, 6) csi1=1011 sinr=35.0dB t=9.1us
2026-04-24T09:14:38.387142 [RLC     ] [I] du=0 ue=0 SRB1 DL: Poll retransmit timer expired after 45ms.
2026-04-24T09:14:38.387674 [SCHED   ] [I] [   72.11] Slot decisions pci=1 t=9us (1 PDSCH, 0 PUSCHs, 0 PUCCHs): DL: ue=0 c-rnti=0x4601 h_id=1 ss_id=1 rb=[0..4) k1=6 newtx=true rv=0 tbs=20 ri=1 dl_bo=0
2026-04-24T09:14:38.387685 [RLC     ] [I] du=0 ue=0 SRB1 DL: RETX PDU. dc=data p=1 si=full sn=4 pdu_len=16 grant_len=18 retx_count=0
2026-04-24T09:14:38.387687 [MAC     ] [I] [   72.11] DL PDU: ue=0 rnti=0x4601 size=20: SDU: lcid=1 nof_sdus=1 total_size=18
2026-04-24T09:14:38.387709 [PHY     ] [I] [   72.11] PDCCH: rnti=0x4601 ss_id=1 format=1_0 cce=0 al=4 t=17.7us
2026-04-24T09:14:38.387727 [PHY     ] [I] [   72.11] PDSCH: rnti=0x4601 h_id=1 k1=6 prb=[0, 4) symb=[2, 14) mod=QPSK rv=0 tbs=20 t=16.3us
2026-04-24T09:14:38.389732 [PHY     ] [I] [    72.7] PUCCH: rnti=0x4601 format=1 prb1=4 prb2=na symb=[0, 14) cs=0 occ=0 sr=yes metric=3195.8 sinr=20.8dB t=11.8us
2026-04-24T09:14:38.389885 [PHY     ] [I] [    72.8] PUCCH: rnti=0x4601 format=2 prb=[7, 8) prb2=na symb=[4, 6) csi1=1100 sinr=37.4dB t=11.6us
2026-04-24T09:14:38.393695 [PHY     ] [I] [    73.3] PDCCH: rnti=0x4601 ss_id=1 format=0_0 cce=0 al=4 t=17.9us
2026-04-24T09:14:38.394696 [PHY     ] [I] [   72.17] PUCCH: rnti=0x4601 format=1 prb1=0 prb2=na symb=[0, 14) cs=0 occ=0 ack=1 metric=3180.0 sinr=20.8dB t=18.7us
2026-04-24T09:14:38.395619 [SCHED   ] [I] [    73.7] Slot decisions pci=1 t=1us (0 PDSCHs, 1 PUSCH, 0 PUCCHs): UL: ue=0 rnti=0x4601 h_id=0 ss_id=1 rb=[8..14) newtx=true rv=0 tbs=544 k2=4
2026-04-24T09:14:38.399760 [PHY     ] [I] [    73.7] PUSCH: rnti=0x4601 h_id=0 prb=[8, 14) symb=[0, 14) mod=64QAM rv=0 tbs=544 crc=OK iter=2.0 sinr=25.7dB t=66.2us uci_t=0.0us ret_t=2.4us
2026-04-24T09:14:38.399766 [MAC     ] [I] [   73.15] UL rnti=0x4601 ue=0 subPDUs: [lcid=1: len=3, lcid=1: len=531, SBSR: lcg=0 bs=11, SE_PHR: ph=[-22..-21)dB p_cmax=[22..23)dBm]
2026-04-24T09:14:38.399767 [RLC     ] [I] du=0 ue=0 SRB1 UL: RX status PDU. ack_sn=5 n_nack=0
2026-04-24T09:14:38.399769 [RLC     ] [I] du=0 ue=0 SRB1 UL: RX PDU. pdu_len=531 dc=data p=0 si=first sn=5
2026-04-24T09:14:38.399775 [RLC     ] [I] du=0 ue=0 SRB1 DL: Handled status report. t=1us ack_sn=5 n_nack=0
2026-04-24T09:14:38.403749 [PHY     ] [I] [    74.3] PDCCH: rnti=0x4601 ss_id=1 format=0_0 cce=0 al=4 t=17.2us
2026-04-24T09:14:38.405644 [SCHED   ] [I] [    74.7] Slot decisions pci=1 t=1us (0 PDSCHs, 1 PUSCH, 0 PUCCHs): UL: ue=0 rnti=0x4601 h_id=0 ss_id=1 rb=[8..12) newtx=true rv=0 tbs=372 k2=4
2026-04-24T09:14:38.409816 [PHY     ] [I] [    74.7] PUSCH: rnti=0x4601 h_id=0 prb=[8, 12) symb=[0, 14) mod=64QAM rv=0 tbs=372 crc=OK iter=2.0 sinr=27.8dB t=64.4us uci_t=0.0us ret_t=3.9us
2026-04-24T09:14:38.409824 [MAC     ] [I] [   74.15] UL rnti=0x4601 ue=0 subPDUs: [lcid=1: len=206, SBSR: lcg=0 bs=0, SE_PHR: ph=[-21..-20)dB p_cmax=[22..23)dBm, PAD: len=158]
2026-04-24T09:14:38.409825 [RLC     ] [I] du=0 ue=0 SRB1 UL: RX PDU. pdu_len=206 dc=data p=1 si=last sn=5 so=529
2026-04-24T09:14:38.409827 [RLC     ] [I] du=0 ue=0 SRB1 UL: RX SDU. sn=5 sdu_len=731
2026-04-24T09:14:38.409838 [DU-F1   ] [I] Tx PDU du=0 ue=0 cu_ue=0 du_ue=0: ULRRCMessageTransfer
2026-04-24T09:14:38.409842 [CU-CP-F1] [I] Rx PDU du=0 ue=0 cu_ue=0 du_ue=0: ULRRCMessageTransfer
2026-04-24T09:14:38.409844 [PDCP    ] [I] ue=0 SRB1 UL: RX PDU. type=data pdu_len=731 sn=5 count=5
2026-04-24T09:14:38.409848 [PDCP    ] [I] ue=0 SRB1 UL: RX SDU. count=5
2026-04-24T09:14:38.409857 [RRC     ] [I] ue=0 c-rnti=0x4601: DCCH UL ueCapabilityInformation
2026-04-24T09:14:38.409920 [PHY     ] [I] [    74.8] PUCCH: rnti=0x4601 format=2 prb=[7, 8) prb2=na symb=[4, 6) csi1=1100 sinr=33.7dB t=8.7us
2026-04-24T09:14:38.410386 [RRC     ] [I] ue=0 c-rnti=0x4601: DCCH DL dlInformationTransfer
2026-04-24T09:14:38.410389 [PDCP    ] [I] ue=0 SRB1 DL: TX PDU. type=data pdu_len=55 sn=5 count=5 is_retx=false
2026-04-24T09:14:38.410392 [CU-CP-F1] [I] Tx PDU du=0 ue=0 cu_ue=0 du_ue=0: DLRRCMessageTransfer
2026-04-24T09:14:38.410398 [DU-F1   ] [I] Rx PDU du=0 ue=0 cu_ue=0 du_ue=0: DLRRCMessageTransfer
2026-04-24T09:14:38.410400 [RLC     ] [I] du=0 ue=0 SRB1 DL: TX SDU. sdu_len=55 pdcp_sn=5 is_retx=false queued_sdus=1 queued_bytes=55
2026-04-24T09:14:38.410406 [CU-CP   ] [I] ue=0: "Initial Context Setup Routine" finished successfully
2026-04-24T09:14:38.410413 [NGAP    ] [I] Tx PDU ue=0 ran_ue=0 amf_ue=1: InitialContextSetupResponse
2026-04-24T09:14:38.410458 [NGAP    ] [I] Tx PDU ue=0 ran_ue=0: UERadioCapabilityInfoIndication
2026-04-24T09:14:38.412180 [SCHED   ] [I] [    75.0] Slot decisions pci=1 t=8us (1 PDSCH, 0 PUSCHs, 0 PUCCHs): DL: ue=0 c-rnti=0x4601 h_id=1 ss_id=1 rb=[20..22) k1=7 newtx=true rv=0 tbs=10 ri=1 dl_bo=0
2026-04-24T09:14:38.412190 [RLC     ] [I] du=0 ue=0 SRB1 DL: TX status PDU. pdu_len=3 grant_len=8
2026-04-24T09:14:38.412193 [RLC     ] [I] du=0 ue=0 SRB1 DL: TX PDU. dc=data p=0 si=first sn=5 pdu_len=3 grant_len=3
2026-04-24T09:14:38.412194 [MAC     ] [I] [    75.0] DL PDU: ue=0 rnti=0x4601 size=10: SDU: lcid=1 nof_sdus=2 total_size=10
2026-04-24T09:14:38.412217 [PHY     ] [I] [    75.0] PDCCH: rnti=0x4601 ss_id=1 format=1_0 cce=0 al=4 t=17.4us
2026-04-24T09:14:38.412225 [PHY     ] [I] [    75.0] PDSCH: rnti=0x4601 h_id=1 k1=7 prb=[20, 22) symb=[2, 14) mod=QPSK rv=0 tbs=10 t=16.7us
2026-04-24T09:14:38.412632 [SCHED   ] [I] [    75.1] Slot decisions pci=1 t=9us (1 PDSCH, 0 PUSCHs, 0 PUCCHs): DL: ue=0 c-rnti=0x4601 h_id=2 ss_id=1 rb=[0..12) k1=6 newtx=true rv=0 tbs=63 ri=1 dl_bo=0
2026-04-24T09:14:38.412643 [RLC     ] [I] du=0 ue=0 SRB1 DL: TX PDU. dc=data p=1 si=last sn=5 so=1 pdu_len=58 grant_len=61
2026-04-24T09:14:38.412644 [MAC     ] [I] [    75.1] DL PDU: ue=0 rnti=0x4601 size=63: SDU: lcid=1 nof_sdus=1 total_size=60
2026-04-24T09:14:38.412662 [PHY     ] [I] [    75.1] PDCCH: rnti=0x4601 ss_id=1 format=1_0 cce=0 al=4 t=17.5us
2026-04-24T09:14:38.412672 [PHY     ] [I] [    75.1] PDSCH: rnti=0x4601 h_id=2 k1=6 prb=[0, 12) symb=[2, 14) mod=QPSK rv=0 tbs=63 t=22.9us
2026-04-24T09:14:38.413152 [SCHED   ] [I] [    75.2] Slot decisions pci=1 t=5us (1 PDSCH, 0 PUSCHs, 0 PUCCHs): DL: ue=0 c-rnti=0x4601 h_id=3 ss_id=1 rb=[0..2) k1=5 newtx=true rv=0 tbs=10 ri=1 dl_bo=0
2026-04-24T09:14:38.413163 [MAC     ] [I] [    75.2] ue=0 rnti=0x4601 lcid=1: Skipping MAC SDU encoding. Cause: RLC could not encode any SDU
2026-04-24T09:14:38.413164 [MAC     ] [I] [    75.2] DL PDU: ue=0 rnti=0x4601 size=10: 
2026-04-24T09:14:38.413184 [PHY     ] [I] [    75.2] PDSCH: rnti=0x4601 h_id=3 k1=5 prb=[0, 2) symb=[2, 14) mod=QPSK rv=0 tbs=10 t=14.0us
2026-04-24T09:14:38.413189 [PHY     ] [I] [    75.2] PDCCH: rnti=0x4601 ss_id=1 format=1_0 cce=0 al=4 t=17.2us
2026-04-24T09:14:38.419279 [PHY     ] [I] [    75.7] PUCCH: rnti=0x4601 format=2 prb=[6, 7) prb2=na symb=[0, 2) ack=111 sinr=35.1dB t=8.2us
2026-04-24T09:14:38.429653 [PHY     ] [I] [    76.7] PUCCH: rnti=0x4601 format=1 prb1=4 prb2=na symb=[0, 14) cs=0 occ=0 sr=no metric=0.5 sinr=-23.3dB t=15.2us
2026-04-24T09:14:38.429911 [PHY     ] [I] [    76.8] PUCCH: rnti=0x4601 format=2 prb=[7, 8) prb2=na symb=[4, 6) csi1=1100 sinr=38.7dB t=11.6us
2026-04-24T09:14:38.449669 [PHY     ] [I] [    78.7] PUCCH: rnti=0x4601 format=1 prb1=4 prb2=na symb=[0, 14) cs=0 occ=0 sr=no metric=0.2 sinr=-20.9dB t=21.4us
2026-04-24T09:14:38.449941 [PHY     ] [I] [    78.8] PUCCH: rnti=0x4601 format=2 prb=[7, 8) prb2=na symb=[4, 6) csi1=1100 sinr=34.8dB t=35.1us
2026-04-24T09:14:38.457166 [RLC     ] [I] du=0 ue=0 SRB1 DL: Poll retransmit timer expired after 45ms.
2026-04-24T09:14:38.457706 [SCHED   ] [I] [   79.11] Slot decisions pci=1 t=18us (1 PDSCH, 0 PUSCHs, 0 PUCCHs): DL: ue=0 c-rnti=0x4601 h_id=3 ss_id=1 rb=[0..12) k1=6 newtx=true rv=0 tbs=63 ri=1 dl_bo=0
2026-04-24T09:14:38.457722 [RLC     ] [I] du=0 ue=0 SRB1 DL: RETX PDU. dc=data p=1 si=full sn=5 pdu_len=57 grant_len=61 retx_count=0
2026-04-24T09:14:38.457725 [MAC     ] [I] [   79.11] DL PDU: ue=0 rnti=0x4601 size=63: SDU: lcid=1 nof_sdus=1 total_size=59
2026-04-24T09:14:38.457751 [PHY     ] [I] [   79.11] PDCCH: rnti=0x4601 ss_id=1 format=1_0 cce=0 al=4 t=20.7us
2026-04-24T09:14:38.457773 [PHY     ] [I] [   79.11] PDSCH: rnti=0x4601 h_id=3 k1=6 prb=[0, 12) symb=[2, 14) mod=QPSK rv=0 tbs=63 t=30.9us
2026-04-24T09:14:38.464722 [PHY     ] [I] [   79.17] PUCCH: rnti=0x4601 format=1 prb1=0 prb2=na symb=[0, 14) cs=0 occ=0 ack=1 metric=3344.4 sinr=21.0dB t=15.7us
2026-04-24T09:14:38.469662 [PHY     ] [I] [    80.7] PUCCH: rnti=0x4601 format=1 prb1=4 prb2=na symb=[0, 14) cs=0 occ=0 sr=yes metric=3586.6 sinr=21.3dB t=14.5us
2026-04-24T09:14:38.469942 [PHY     ] [I] [    80.8] PUCCH: rnti=0x4601 format=2 prb=[7, 8) prb2=na symb=[4, 6) csi1=1100 sinr=36.3dB t=13.7us
2026-04-24T09:14:38.473662 [PHY     ] [I] [    81.3] PDCCH: rnti=0x4601 ss_id=1 format=0_0 cce=0 al=4 t=18.2us
2026-04-24T09:14:38.475685 [SCHED   ] [I] [    81.7] Slot decisions pci=1 t=1us (0 PDSCHs, 1 PUSCH, 0 PUCCHs): UL: ue=0 rnti=0x4601 h_id=0 ss_id=1 rb=[8..14) newtx=true rv=0 tbs=544 k2=4
2026-04-24T09:14:38.479760 [PHY     ] [I] [    81.7] PUSCH: rnti=0x4601 h_id=0 prb=[8, 14) symb=[0, 14) mod=64QAM rv=0 tbs=544 crc=OK iter=2.0 sinr=28.9dB t=91.3us uci_t=0.0us ret_t=6.2us
2026-04-24T09:14:38.479775 [MAC     ] [I] [   81.15] UL rnti=0x4601 ue=0 subPDUs: [lcid=1: len=3, lcid=1: len=21, SBSR: lcg=0 bs=0, SE_PHR: ph=[-23..-22)dB p_cmax=[22..23)dBm, PAD: len=510]
2026-04-24T09:14:38.479778 [RLC     ] [I] du=0 ue=0 SRB1 UL: RX status PDU. ack_sn=6 n_nack=0
2026-04-24T09:14:38.479780 [RLC     ] [I] du=0 ue=0 SRB1 UL: RX PDU. pdu_len=21 dc=data p=1 si=full sn=6
2026-04-24T09:14:38.479786 [RLC     ] [I] du=0 ue=0 SRB1 UL: RX SDU. sn=6 sdu_len=19
2026-04-24T09:14:38.479790 [RLC     ] [I] du=0 ue=0 SRB1 DL: Handled status report. t=8us ack_sn=6 n_nack=0
2026-04-24T09:14:38.479800 [DU-F1   ] [I] Tx PDU du=0 ue=0 cu_ue=0 du_ue=0: ULRRCMessageTransfer
2026-04-24T09:14:38.479809 [CU-CP-F1] [I] Rx PDU du=0 ue=0 cu_ue=0 du_ue=0: ULRRCMessageTransfer
2026-04-24T09:14:38.479814 [PDCP    ] [I] ue=0 SRB1 UL: RX PDU. type=data pdu_len=19 sn=6 count=6
2026-04-24T09:14:38.479820 [PDCP    ] [I] ue=0 SRB1 UL: RX SDU. count=6
2026-04-24T09:14:38.479826 [RRC     ] [I] ue=0 c-rnti=0x4601: DCCH UL ulInformationTransfer
2026-04-24T09:14:38.479838 [NGAP    ] [I] Tx PDU ue=0 ran_ue=0 amf_ue=1: UplinkNASTransport
2026-04-24T09:14:38.482136 [SCHED   ] [I] [    82.0] Slot decisions pci=1 t=2us (1 PDSCH, 0 PUSCHs, 0 PUCCHs): DL: ue=0 c-rnti=0x4601 h_id=3 ss_id=1 rb=[20..22) k1=7 newtx=true rv=0 tbs=10 ri=1 dl_bo=0
2026-04-24T09:14:38.482155 [RLC     ] [I] du=0 ue=0 SRB1 DL: TX status PDU. pdu_len=3 grant_len=8
2026-04-24T09:14:38.482157 [MAC     ] [I] [    82.0] DL PDU: ue=0 rnti=0x4601 size=10: SDU: lcid=1 nof_sdus=1 total_size=5
2026-04-24T09:14:38.482197 [PHY     ] [I] [    82.0] PDCCH: rnti=0x4601 ss_id=1 format=1_0 cce=0 al=4 t=20.6us
2026-04-24T09:14:38.482221 [PHY     ] [I] [    82.0] PDSCH: rnti=0x4601 h_id=3 k1=7 prb=[20, 22) symb=[2, 14) mod=QPSK rv=0 tbs=10 t=27.0us
2026-04-24T09:14:38.489716 [PHY     ] [I] [    82.7] PUCCH: rnti=0x4601 format=1 prb1=4 prb2=na symb=[0, 14) cs=0 occ=0 ack=2 metric=0.1 sinr=-23.0dB t=26.6us
2026-04-24T09:14:38.489729 [PHY     ] [I] [    82.7] PUCCH: rnti=0x4601 format=1 prb1=0 prb2=na symb=[0, 14) cs=0 occ=0 ack=1 metric=4299.4 sinr=22.1dB t=30.5us
2026-04-24T09:14:38.489962 [PHY     ] [I] [    82.8] PUCCH: rnti=0x4601 format=2 prb=[7, 8) prb2=na symb=[4, 6) csi1=1100 sinr=36.0dB t=24.3us
2026-04-24T09:14:38.509695 [PHY     ] [I] [    84.7] PUCCH: rnti=0x4601 format=1 prb1=4 prb2=na symb=[0, 14) cs=0 occ=0 sr=no metric=0.6 sinr=-12.0dB t=15.9us
2026-04-24T09:14:38.509914 [PHY     ] [I] [    84.8] PUCCH: rnti=0x4601 format=2 prb=[7, 8) prb2=na symb=[4, 6) csi1=1100 sinr=32.7dB t=19.3us
2026-04-24T09:14:38.529712 [PHY     ] [I] [    86.7] PUCCH: rnti=0x4601 format=1 prb1=4 prb2=na symb=[0, 14) cs=0 occ=0 sr=no metric=0.2 sinr=-18.9dB t=16.9us
2026-04-24T09:14:38.529884 [PHY     ] [I] [    86.8] PUCCH: rnti=0x4601 format=2 prb=[7, 8) prb2=na symb=[4, 6) csi1=1100 sinr=32.8dB t=11.1us
2026-04-24T09:14:38.533759 [NGAP    ] [I] Rx PDU ue=0 ran_ue=0 amf_ue=1: DownlinkNASTransport
2026-04-24T09:14:38.533769 [RRC     ] [I] ue=0 c-rnti=0x4601: DCCH DL dlInformationTransfer
2026-04-24T09:14:38.533779 [PDCP    ] [I] ue=0 SRB1 DL: TX PDU. type=data pdu_len=62 sn=6 count=6 is_retx=false
2026-04-24T09:14:38.533787 [CU-CP-F1] [I] Tx PDU du=0 ue=0 cu_ue=0 du_ue=0: DLRRCMessageTransfer
2026-04-24T09:14:38.533794 [DU-F1   ] [I] Rx PDU du=0 ue=0 cu_ue=0 du_ue=0: DLRRCMessageTransfer
2026-04-24T09:14:38.533800 [RLC     ] [I] du=0 ue=0 SRB1 DL: TX SDU. sdu_len=62 pdcp_sn=6 is_retx=false queued_sdus=1 queued_bytes=62
2026-04-24T09:14:38.534222 [SCHED   ] [I] [    87.4] Slot decisions pci=1 t=17us (1 PDSCH, 0 PUSCHs, 0 PUCCHs): DL: ue=0 c-rnti=0x4601 h_id=3 ss_id=1 rb=[0..13) k1=4 newtx=true rv=0 tbs=66 ri=1 dl_bo=0
2026-04-24T09:14:38.534243 [RLC     ] [I] du=0 ue=0 SRB1 DL: TX PDU. dc=data p=1 si=full sn=6 pdu_len=64 grant_len=64
2026-04-24T09:14:38.534246 [MAC     ] [I] [    87.4] DL PDU: ue=0 rnti=0x4601 size=66: SDU: lcid=1 nof_sdus=1 total_size=66
2026-04-24T09:14:38.534277 [PHY     ] [I] [    87.4] PDCCH: rnti=0x4601 ss_id=1 format=1_0 cce=0 al=4 t=23.0us
2026-04-24T09:14:38.534299 [PHY     ] [I] [    87.4] PDSCH: rnti=0x4601 h_id=3 k1=4 prb=[0, 13) symb=[2, 14) mod=QPSK rv=0 tbs=66 t=35.4us
2026-04-24T09:14:38.540178 [PHY     ] [I] [    87.8] PUCCH: rnti=0x4601 format=1 prb1=0 prb2=na symb=[0, 14) cs=0 occ=0 ack=1 metric=3248.8 sinr=20.9dB t=14.1us
2026-04-24T09:14:38.549759 [PHY     ] [I] [    88.7] PUCCH: rnti=0x4601 format=1 prb1=4 prb2=na symb=[0, 14) cs=0 occ=0 sr=yes metric=3656.0 sinr=21.4dB t=26.2us
2026-04-24T09:14:38.549894 [PHY     ] [I] [    88.8] PUCCH: rnti=0x4601 format=2 prb=[7, 8) prb2=na symb=[4, 6) csi1=1100 sinr=33.2dB t=14.7us
2026-04-24T09:14:38.553708 [PHY     ] [I] [    89.3] PDCCH: rnti=0x4601 ss_id=1 format=0_0 cce=0 al=4 t=17.2us
2026-04-24T09:14:38.555623 [SCHED   ] [I] [    89.7] Slot decisions pci=1 t=1us (0 PDSCHs, 1 PUSCH, 0 PUCCHs): UL: ue=0 rnti=0x4601 h_id=0 ss_id=1 rb=[8..14) newtx=true rv=0 tbs=544 k2=4
2026-04-24T09:14:38.559810 [PHY     ] [I] [    89.7] PUSCH: rnti=0x4601 h_id=0 prb=[8, 14) symb=[0, 14) mod=64QAM rv=0 tbs=544 crc=OK iter=2.0 sinr=27.4dB t=88.2us uci_t=0.0us ret_t=4.7us
2026-04-24T09:14:38.559823 [MAC     ] [I] [   89.15] UL rnti=0x4601 ue=0 subPDUs: [lcid=1: len=3, SBSR: lcg=0 bs=0, SE_PHR: ph=[-23..-22)dB p_cmax=[22..23)dBm, PAD: len=533]
2026-04-24T09:14:38.559833 [RLC     ] [I] du=0 ue=0 SRB1 UL: RX status PDU. ack_sn=7 n_nack=0
2026-04-24T09:14:38.559841 [RLC     ] [I] du=0 ue=0 SRB1 DL: Handled status report. t=2us ack_sn=7 n_nack=0
2026-04-24T09:14:38.569730 [PHY     ] [I] [    90.7] PUCCH: rnti=0x4601 format=1 prb1=4 prb2=na symb=[0, 14) cs=0 occ=0 sr=no metric=0.2 sinr=-19.5dB t=13.6us
2026-04-24T09:14:38.569903 [PHY     ] [I] [    90.8] PUCCH: rnti=0x4601 format=2 prb=[7, 8) prb2=na symb=[4, 6) csi1=1100 sinr=33.7dB t=12.3us
2026-04-24T09:14:38.589803 [PHY     ] [I] [    92.7] PUCCH: rnti=0x4601 format=1 prb1=4 prb2=na symb=[0, 14) cs=0 occ=0 sr=no metric=0.1 sinr=-26.3dB t=43.6us
2026-04-24T09:14:38.589930 [PHY     ] [I] [    92.8] PUCCH: rnti=0x4601 format=2 prb=[7, 8) prb2=na symb=[4, 6) csi1=1100 sinr=32.3dB t=16.8us
2026-04-24T09:14:38.609676 [PHY     ] [I] [    94.7] PUCCH: rnti=0x4601 format=1 prb1=4 prb2=na symb=[0, 14) cs=0 occ=0 sr=no metric=0.1 sinr=-21.4dB t=19.2us
2026-04-24T09:14:38.609957 [PHY     ] [I] [    94.8] PUCCH: rnti=0x4601 format=2 prb=[7, 8) prb2=na symb=[4, 6) csi1=1100 sinr=34.3dB t=26.9us
2026-04-24T09:14:38.629686 [PHY     ] [I] [    96.7] PUCCH: rnti=0x4601 format=1 prb1=4 prb2=na symb=[0, 14) cs=0 occ=0 sr=no metric=0.2 sinr=-29.1dB t=25.8us
2026-04-24T09:14:38.629944 [PHY     ] [I] [    96.8] PUCCH: rnti=0x4601 format=2 prb=[7, 8) prb2=na symb=[4, 6) csi1=1100 sinr=33.7dB t=17.4us
2026-04-24T09:14:38.649677 [PHY     ] [I] [    98.7] PUCCH: rnti=0x4601 format=1 prb1=4 prb2=na symb=[0, 14) cs=0 occ=0 sr=no metric=0.3 sinr=-14.7dB t=15.5us
2026-04-24T09:14:38.649948 [PHY     ] [I] [    98.8] PUCCH: rnti=0x4601 format=2 prb=[7, 8) prb2=na symb=[4, 6) csi1=1100 sinr=34.3dB t=7.1us
2026-04-24T09:14:38.669685 [PHY     ] [I] [   100.7] PUCCH: rnti=0x4601 format=1 prb1=4 prb2=na symb=[0, 14) cs=0 occ=0 sr=no metric=0.2 sinr=-23.1dB t=14.8us
2026-04-24T09:14:38.669970 [PHY     ] [I] [   100.8] PUCCH: rnti=0x4601 format=2 prb=[7, 8) prb2=na symb=[4, 6) csi1=1100 sinr=32.2dB t=18.7us
2026-04-24T09:14:38.689693 [PHY     ] [I] [   102.7] PUCCH: rnti=0x4601 format=1 prb1=4 prb2=na symb=[0, 14) cs=0 occ=0 sr=no metric=0.4 sinr=-23.4dB t=14.1us
2026-04-24T09:14:38.689894 [PHY     ] [I] [   102.8] PUCCH: rnti=0x4601 format=2 prb=[7, 8) prb2=na symb=[4, 6) csi1=1100 sinr=34.2dB t=13.0us
2026-04-24T09:14:38.709712 [PHY     ] [I] [   104.7] PUCCH: rnti=0x4601 format=1 prb1=4 prb2=na symb=[0, 14) cs=0 occ=0 sr=no metric=0.2 sinr=-15.1dB t=14.2us
2026-04-24T09:14:38.709883 [PHY     ] [I] [   104.8] PUCCH: rnti=0x4601 format=2 prb=[7, 8) prb2=na symb=[4, 6) csi1=1100 sinr=35.4dB t=9.3us
2026-04-24T09:14:38.729707 [PHY     ] [I] [   106.7] PUCCH: rnti=0x4601 format=1 prb1=4 prb2=na symb=[0, 14) cs=0 occ=0 sr=no metric=0.2 sinr=-19.5dB t=12.0us
2026-04-24T09:14:38.729904 [PHY     ] [I] [   106.8] PUCCH: rnti=0x4601 format=2 prb=[7, 8) prb2=na symb=[4, 6) csi1=1100 sinr=32.9dB t=10.3us
2026-04-24T09:14:38.749776 [PHY     ] [I] [   108.7] PUCCH: rnti=0x4601 format=1 prb1=4 prb2=na symb=[0, 14) cs=0 occ=0 sr=no metric=0.5 sinr=-20.1dB t=17.2us
2026-04-24T09:14:38.749920 [PHY     ] [I] [   108.8] PUCCH: rnti=0x4601 format=2 prb=[7, 8) prb2=na symb=[4, 6) csi1=1100 sinr=30.9dB t=9.4us
2026-04-24T09:14:38.769702 [PHY     ] [I] [   110.7] PUCCH: rnti=0x4601 format=1 prb1=4 prb2=na symb=[0, 14) cs=0 occ=0 sr=no metric=0.4 sinr=-23.5dB t=41.0us
2026-04-24T09:14:38.769950 [PHY     ] [I] [   110.8] PUCCH: rnti=0x4601 format=2 prb=[7, 8) prb2=na symb=[4, 6) csi1=1100 sinr=31.8dB t=23.7us
2026-04-24T09:14:38.789676 [PHY     ] [I] [   112.7] PUCCH: rnti=0x4601 format=1 prb1=4 prb2=na symb=[0, 14) cs=0 occ=0 sr=no metric=0.2 sinr=-25.0dB t=16.4us
2026-04-24T09:14:38.789931 [PHY     ] [I] [   112.8] PUCCH: rnti=0x4601 format=2 prb=[7, 8) prb2=na symb=[4, 6) csi1=1100 sinr=23.7dB t=14.3us
2026-04-24T09:14:38.809709 [PHY     ] [I] [   114.7] PUCCH: rnti=0x4601 format=1 prb1=4 prb2=na symb=[0, 14) cs=0 occ=0 sr=no metric=0.4 sinr=-15.8dB t=26.3us
2026-04-24T09:14:38.809954 [PHY     ] [I] [   114.8] PUCCH: rnti=0x4601 format=2 prb=[7, 8) prb2=na symb=[4, 6) csi1=1100 sinr=14.6dB t=23.3us
2026-04-24T09:14:38.829714 [PHY     ] [I] [   116.7] PUCCH: rnti=0x4601 format=1 prb1=4 prb2=na symb=[0, 14) cs=0 occ=0 sr=no metric=0.1 sinr=-30.9dB t=14.8us
2026-04-24T09:14:38.829972 [PHY     ] [I] [   116.8] PUCCH: rnti=0x4601 format=2 prb=[7, 8) prb2=na symb=[4, 6) csi1=1100 sinr=24.2dB t=13.8us
2026-04-24T09:14:38.849741 [PHY     ] [I] [   118.7] PUCCH: rnti=0x4601 format=1 prb1=4 prb2=na symb=[0, 14) cs=0 occ=0 sr=no metric=0.3 sinr=-15.2dB t=25.7us
2026-04-24T09:14:38.849881 [PHY     ] [I] [   118.8] PUCCH: rnti=0x4601 format=2 prb=[7, 8) prb2=na symb=[4, 6) csi1=1100 sinr=31.9dB t=10.5us
2026-04-24T09:14:38.869703 [PHY     ] [I] [   120.7] PUCCH: rnti=0x4601 format=1 prb1=4 prb2=na symb=[0, 14) cs=0 occ=0 sr=no metric=0.2 sinr=-29.0dB t=13.8us
2026-04-24T09:14:38.869883 [PHY     ] [I] [   120.8] PUCCH: rnti=0x4601 format=2 prb=[7, 8) prb2=na symb=[4, 6) csi1=1100 sinr=28.1dB t=13.6us
2026-04-24T09:14:38.889733 [PHY     ] [I] [   122.7] PUCCH: rnti=0x4601 format=1 prb1=4 prb2=na symb=[0, 14) cs=0 occ=0 sr=no metric=0.2 sinr=-24.3dB t=14.4us
2026-04-24T09:14:38.889906 [PHY     ] [I] [   122.8] PUCCH: rnti=0x4601 format=2 prb=[7, 8) prb2=na symb=[4, 6) csi1=1100 sinr=32.5dB t=11.3us
2026-04-24T09:14:38.909746 [PHY     ] [I] [   124.7] PUCCH: rnti=0x4601 format=1 prb1=4 prb2=na symb=[0, 14) cs=0 occ=0 sr=no metric=0.1 sinr=-33.4dB t=13.0us
2026-04-24T09:14:38.909902 [PHY     ] [I] [   124.8] PUCCH: rnti=0x4601 format=2 prb=[7, 8) prb2=na symb=[4, 6) csi1=1100 sinr=27.8dB t=9.2us
2026-04-24T09:14:38.929783 [PHY     ] [I] [   126.7] PUCCH: rnti=0x4601 format=1 prb1=4 prb2=na symb=[0, 14) cs=0 occ=0 sr=no metric=0.2 sinr=-21.4dB t=13.1us
2026-04-24T09:14:38.929931 [PHY     ] [I] [   126.8] PUCCH: rnti=0x4601 format=2 prb=[7, 8) prb2=na symb=[4, 6) csi1=1100 sinr=26.8dB t=8.0us
2026-04-24T09:14:38.949705 [PHY     ] [I] [   128.7] PUCCH: rnti=0x4601 format=1 prb1=4 prb2=na symb=[0, 14) cs=0 occ=0 sr=no metric=0.4 sinr=-18.1dB t=12.3us
2026-04-24T09:14:38.949928 [PHY     ] [I] [   128.8] PUCCH: rnti=0x4601 format=2 prb=[7, 8) prb2=na symb=[4, 6) csi1=1100 sinr=22.2dB t=10.1us
2026-04-24T09:14:38.969709 [PHY     ] [I] [   130.7] PUCCH: rnti=0x4601 format=1 prb1=4 prb2=na symb=[0, 14) cs=0 occ=0 sr=no metric=0.1 sinr=-21.9dB t=12.5us
2026-04-24T09:14:38.969964 [PHY     ] [I] [   130.8] PUCCH: rnti=0x4601 format=2 prb=[7, 8) prb2=na symb=[4, 6) csi1=1011 sinr=22.8dB t=7.5us
2026-04-24T09:14:38.989699 [PHY     ] [I] [   132.7] PUCCH: rnti=0x4601 format=1 prb1=4 prb2=na symb=[0, 14) cs=0 occ=0 sr=no metric=0.3 sinr=-15.1dB t=14.6us
2026-04-24T09:14:38.989968 [PHY     ] [I] [   132.8] PUCCH: rnti=0x4601 format=2 prb=[7, 8) prb2=na symb=[4, 6) csi1=1011 sinr=29.7dB t=10.6us
2026-04-24T09:14:39.009721 [PHY     ] [I] [   134.7] PUCCH: rnti=0x4601 format=1 prb1=4 prb2=na symb=[0, 14) cs=0 occ=0 sr=no metric=0.1 sinr=-18.0dB t=13.3us
2026-04-24T09:14:39.009972 [PHY     ] [I] [   134.8] PUCCH: rnti=0x4601 format=2 prb=[7, 8) prb2=na symb=[4, 6) csi1=1011 sinr=29.7dB t=7.3us
2026-04-24T09:14:39.029728 [PHY     ] [I] [   136.7] PUCCH: rnti=0x4601 format=1 prb1=4 prb2=na symb=[0, 14) cs=0 occ=0 sr=no metric=0.2 sinr=-18.0dB t=29.1us
2026-04-24T09:14:39.029915 [PHY     ] [I] [   136.8] PUCCH: rnti=0x4601 format=2 prb=[7, 8) prb2=na symb=[4, 6) csi1=1011 sinr=30.0dB t=21.9us
2026-04-24T09:14:39.049710 [PHY     ] [I] [   138.7] PUCCH: rnti=0x4601 format=1 prb1=4 prb2=na symb=[0, 14) cs=0 occ=0 sr=no metric=0.2 sinr=-17.4dB t=14.7us
2026-04-24T09:14:39.049920 [PHY     ] [I] [   138.8] PUCCH: rnti=0x4601 format=2 prb=[7, 8) prb2=na symb=[4, 6) csi1=1011 sinr=30.8dB t=21.4us
2026-04-24T09:14:39.069755 [PHY     ] [I] [   140.7] PUCCH: rnti=0x4601 format=1 prb1=4 prb2=na symb=[0, 14) cs=0 occ=0 sr=no metric=0.3 sinr=-25.7dB t=30.1us
2026-04-24T09:14:39.069995 [PHY     ] [I] [   140.8] PUCCH: rnti=0x4601 format=2 prb=[7, 8) prb2=na symb=[4, 6) csi1=1011 sinr=31.1dB t=23.8us
2026-04-24T09:14:39.089767 [PHY     ] [I] [   142.7] PUCCH: rnti=0x4601 format=1 prb1=4 prb2=na symb=[0, 14) cs=0 occ=0 sr=no metric=0.4 sinr=-26.1dB t=20.9us
2026-04-24T09:14:39.089938 [PHY     ] [I] [   142.8] PUCCH: rnti=0x4601 format=2 prb=[7, 8) prb2=na symb=[4, 6) csi1=1010 sinr=37.2dB t=25.5us
2026-04-24T09:14:39.109725 [PHY     ] [I] [   144.7] PUCCH: rnti=0x4601 format=1 prb1=4 prb2=na symb=[0, 14) cs=0 occ=0 sr=no metric=0.1 sinr=-33.6dB t=31.2us
2026-04-24T09:14:39.109955 [PHY     ] [I] [   144.8] PUCCH: rnti=0x4601 format=2 prb=[7, 8) prb2=na symb=[4, 6) csi1=1010 sinr=34.3dB t=12.9us
2026-04-24T09:14:39.129737 [PHY     ] [I] [   146.7] PUCCH: rnti=0x4601 format=1 prb1=4 prb2=na symb=[0, 14) cs=0 occ=0 sr=no metric=0.1 sinr=-25.0dB t=32.5us
2026-04-24T09:14:39.129971 [PHY     ] [I] [   146.8] PUCCH: rnti=0x4601 format=2 prb=[7, 8) prb2=na symb=[4, 6) csi1=1010 sinr=36.2dB t=21.5us
2026-04-24T09:14:39.149713 [PHY     ] [I] [   148.7] PUCCH: rnti=0x4601 format=1 prb1=4 prb2=na symb=[0, 14) cs=0 occ=0 sr=no metric=0.1 sinr=-20.7dB t=18.9us
2026-04-24T09:14:39.149987 [PHY     ] [I] [   148.8] PUCCH: rnti=0x4601 format=2 prb=[7, 8) prb2=na symb=[4, 6) csi1=1010 sinr=34.2dB t=27.4us
2026-04-24T09:14:39.169728 [PHY     ] [I] [   150.7] PUCCH: rnti=0x4601 format=1 prb1=4 prb2=na symb=[0, 14) cs=0 occ=0 sr=no metric=0.3 sinr=-16.7dB t=20.3us
2026-04-24T09:14:39.169984 [PHY     ] [I] [   150.8] PUCCH: rnti=0x4601 format=2 prb=[7, 8) prb2=na symb=[4, 6) csi1=1010 sinr=34.7dB t=22.4us
2026-04-24T09:14:39.189736 [PHY     ] [I] [   152.7] PUCCH: rnti=0x4601 format=1 prb1=4 prb2=na symb=[0, 14) cs=0 occ=0 sr=no metric=0.3 sinr=-14.4dB t=21.4us
2026-04-24T09:14:39.189912 [PHY     ] [I] [   152.8] PUCCH: rnti=0x4601 format=2 prb=[7, 8) prb2=na symb=[4, 6) csi1=1010 sinr=36.1dB t=25.7us
2026-04-24T09:14:39.209740 [PHY     ] [I] [   154.7] PUCCH: rnti=0x4601 format=1 prb1=4 prb2=na symb=[0, 14) cs=0 occ=0 sr=no metric=0.1 sinr=-23.3dB t=18.6us
2026-04-24T09:14:39.209926 [PHY     ] [I] [   154.8] PUCCH: rnti=0x4601 format=2 prb=[7, 8) prb2=na symb=[4, 6) csi1=1010 sinr=29.7dB t=22.9us
2026-04-24T09:14:39.229731 [PHY     ] [I] [   156.7] PUCCH: rnti=0x4601 format=1 prb1=4 prb2=na symb=[0, 14) cs=0 occ=0 sr=no metric=0.1 sinr=-18.0dB t=14.7us
2026-04-24T09:14:39.229901 [PHY     ] [I] [   156.8] PUCCH: rnti=0x4601 format=2 prb=[7, 8) prb2=na symb=[4, 6) csi1=1010 sinr=29.0dB t=10.1us
2026-04-24T09:14:39.249749 [PHY     ] [I] [   158.7] PUCCH: rnti=0x4601 format=1 prb1=4 prb2=na symb=[0, 14) cs=0 occ=0 sr=no metric=0.4 sinr=-16.7dB t=24.5us
2026-04-24T09:14:39.249929 [PHY     ] [I] [   158.8] PUCCH: rnti=0x4601 format=2 prb=[7, 8) prb2=na symb=[4, 6) csi1=1010 sinr=30.9dB t=16.6us
2026-04-24T09:14:39.269798 [PHY     ] [I] [   160.7] PUCCH: rnti=0x4601 format=1 prb1=4 prb2=na symb=[0, 14) cs=0 occ=0 sr=no metric=0.4 sinr=-17.9dB t=27.0us
2026-04-24T09:14:39.269930 [PHY     ] [I] [   160.8] PUCCH: rnti=0x4601 format=2 prb=[7, 8) prb2=na symb=[4, 6) csi1=1010 sinr=25.9dB t=9.2us
2026-04-24T09:14:39.289678 [PHY     ] [I] [   162.7] PUCCH: rnti=0x4601 format=1 prb1=4 prb2=na symb=[0, 14) cs=0 occ=0 sr=no metric=0.1 sinr=-33.1dB t=15.1us
2026-04-24T09:14:39.289955 [PHY     ] [I] [   162.8] PUCCH: rnti=0x4601 format=2 prb=[7, 8) prb2=na symb=[4, 6) csi1=1010 sinr=26.2dB t=20.2us
2026-04-24T09:14:39.309739 [PHY     ] [I] [   164.7] PUCCH: rnti=0x4601 format=1 prb1=4 prb2=na symb=[0, 14) cs=0 occ=0 sr=no metric=0.3 sinr=-18.1dB t=31.4us
2026-04-24T09:14:39.309983 [PHY     ] [I] [   164.8] PUCCH: rnti=0x4601 format=2 prb=[7, 8) prb2=na symb=[4, 6) csi1=1010 sinr=32.1dB t=25.3us
2026-04-24T09:14:39.329732 [PHY     ] [I] [   166.7] PUCCH: rnti=0x4601 format=1 prb1=4 prb2=na symb=[0, 14) cs=0 occ=0 sr=no metric=0.1 sinr=-17.8dB t=29.2us
2026-04-24T09:14:39.329969 [PHY     ] [I] [   166.8] PUCCH: rnti=0x4601 format=2 prb=[7, 8) prb2=na symb=[4, 6) csi1=1011 sinr=28.9dB t=19.7us
2026-04-24T09:14:39.349727 [PHY     ] [I] [   168.7] PUCCH: rnti=0x4601 format=1 prb1=4 prb2=na symb=[0, 14) cs=0 occ=0 sr=no metric=0.3 sinr=-16.6dB t=24.6us
2026-04-24T09:14:39.350012 [PHY     ] [I] [   168.8] PUCCH: rnti=0x4601 format=2 prb=[7, 8) prb2=na symb=[4, 6) csi1=1011 sinr=34.4dB t=18.0us
2026-04-24T09:14:39.369734 [PHY     ] [I] [   170.7] PUCCH: rnti=0x4601 format=1 prb1=4 prb2=na symb=[0, 14) cs=0 occ=0 sr=no metric=0.2 sinr=-16.4dB t=13.3us
2026-04-24T09:14:39.369904 [PHY     ] [I] [   170.8] PUCCH: rnti=0x4601 format=2 prb=[7, 8) prb2=na symb=[4, 6) csi1=1011 sinr=34.5dB t=9.3us
2026-04-24T09:14:39.389726 [PHY     ] [I] [   172.7] PUCCH: rnti=0x4601 format=1 prb1=4 prb2=na symb=[0, 14) cs=0 occ=0 sr=no metric=0.2 sinr=-31.7dB t=15.9us
2026-04-24T09:14:39.389922 [PHY     ] [I] [   172.8] PUCCH: rnti=0x4601 format=2 prb=[7, 8) prb2=na symb=[4, 6) csi1=1011 sinr=32.6dB t=8.4us
2026-04-24T09:14:39.409733 [PHY     ] [I] [   174.7] PUCCH: rnti=0x4601 format=1 prb1=4 prb2=na symb=[0, 14) cs=0 occ=0 sr=no metric=0.0 sinr=-25.8dB t=12.7us
2026-04-24T09:14:39.409956 [PHY     ] [I] [   174.8] PUCCH: rnti=0x4601 format=2 prb=[7, 8) prb2=na symb=[4, 6) csi1=1011 sinr=33.5dB t=10.4us
2026-04-24T09:14:39.429783 [PHY     ] [I] [   176.7] PUCCH: rnti=0x4601 format=1 prb1=4 prb2=na symb=[0, 14) cs=0 occ=0 sr=no metric=0.1 sinr=-27.4dB t=25.5us
2026-04-24T09:14:39.429941 [PHY     ] [I] [   176.8] PUCCH: rnti=0x4601 format=2 prb=[7, 8) prb2=na symb=[4, 6) csi1=1011 sinr=34.2dB t=7.3us
2026-04-24T09:14:39.449700 [PHY     ] [I] [   178.7] PUCCH: rnti=0x4601 format=1 prb1=4 prb2=na symb=[0, 14) cs=0 occ=0 sr=no metric=0.1 sinr=-27.4dB t=26.4us
2026-04-24T09:14:39.449944 [PHY     ] [I] [   178.8] PUCCH: rnti=0x4601 format=2 prb=[7, 8) prb2=na symb=[4, 6) csi1=1011 sinr=31.8dB t=9.9us
2026-04-24T09:14:39.469712 [PHY     ] [I] [   180.7] PUCCH: rnti=0x4601 format=1 prb1=4 prb2=na symb=[0, 14) cs=0 occ=0 sr=no metric=0.3 sinr=-17.8dB t=12.0us
2026-04-24T09:14:39.469970 [PHY     ] [I] [   180.8] PUCCH: rnti=0x4601 format=2 prb=[7, 8) prb2=na symb=[4, 6) csi1=1011 sinr=28.6dB t=13.5us
2026-04-24T09:14:39.489717 [PHY     ] [I] [   182.7] PUCCH: rnti=0x4601 format=1 prb1=4 prb2=na symb=[0, 14) cs=0 occ=0 sr=no metric=0.2 sinr=-44.0dB t=14.3us
2026-04-24T09:14:39.489968 [PHY     ] [I] [   182.8] PUCCH: rnti=0x4601 format=2 prb=[7, 8) prb2=na symb=[4, 6) csi1=1011 sinr=28.2dB t=7.5us
2026-04-24T09:14:39.509709 [PHY     ] [I] [   184.7] PUCCH: rnti=0x4601 format=1 prb1=4 prb2=na symb=[0, 14) cs=0 occ=0 sr=no metric=0.2 sinr=-18.2dB t=13.6us
2026-04-24T09:14:39.509975 [PHY     ] [I] [   184.8] PUCCH: rnti=0x4601 format=2 prb=[7, 8) prb2=na symb=[4, 6) csi1=1011 sinr=27.7dB t=16.9us
2026-04-24T09:14:39.529715 [PHY     ] [I] [   186.7] PUCCH: rnti=0x4601 format=1 prb1=4 prb2=na symb=[0, 14) cs=0 occ=0 sr=no metric=0.2 sinr=-15.7dB t=13.6us
2026-04-24T09:14:39.529910 [PHY     ] [I] [   186.8] PUCCH: rnti=0x4601 format=2 prb=[7, 8) prb2=na symb=[4, 6) csi1=1011 sinr=26.4dB t=9.5us
2026-04-24T09:14:39.549730 [PHY     ] [I] [   188.7] PUCCH: rnti=0x4601 format=1 prb1=4 prb2=na symb=[0, 14) cs=0 occ=0 sr=no metric=0.1 sinr=-22.6dB t=12.9us
2026-04-24T09:14:39.549951 [PHY     ] [I] [   188.8] PUCCH: rnti=0x4601 format=2 prb=[7, 8) prb2=na symb=[4, 6) csi1=1011 sinr=27.5dB t=8.3us
2026-04-24T09:14:39.569753 [PHY     ] [I] [   190.7] PUCCH: rnti=0x4601 format=1 prb1=4 prb2=na symb=[0, 14) cs=0 occ=0 sr=no metric=0.1 sinr=-29.3dB t=12.8us
2026-04-24T09:14:39.569907 [PHY     ] [I] [   190.8] PUCCH: rnti=0x4601 format=2 prb=[7, 8) prb2=na symb=[4, 6) csi1=1011 sinr=27.6dB t=11.5us
2026-04-24T09:14:39.589785 [PHY     ] [I] [   192.7] PUCCH: rnti=0x4601 format=1 prb1=4 prb2=na symb=[0, 14) cs=0 occ=0 sr=no metric=0.0 sinr=-23.7dB t=32.0us
2026-04-24T09:14:39.589946 [PHY     ] [I] [   192.8] PUCCH: rnti=0x4601 format=2 prb=[7, 8) prb2=na symb=[4, 6) csi1=1011 sinr=26.9dB t=26.6us
2026-04-24T09:14:39.609788 [PHY     ] [I] [   194.7] PUCCH: rnti=0x4601 format=1 prb1=4 prb2=na symb=[0, 14) cs=0 occ=0 sr=no metric=0.5 sinr=-17.8dB t=24.1us
2026-04-24T09:14:39.609971 [PHY     ] [I] [   194.8] PUCCH: rnti=0x4601 format=2 prb=[7, 8) prb2=na symb=[4, 6) csi1=1011 sinr=28.5dB t=18.6us
2026-04-24T09:14:39.629683 [PHY     ] [I] [   196.7] PUCCH: rnti=0x4601 format=1 prb1=4 prb2=na symb=[0, 14) cs=0 occ=0 sr=no metric=0.2 sinr=-16.1dB t=12.7us
2026-04-24T09:14:39.629947 [PHY     ] [I] [   196.8] PUCCH: rnti=0x4601 format=2 prb=[7, 8) prb2=na symb=[4, 6) csi1=1010 sinr=27.2dB t=13.2us
2026-04-24T09:14:39.649732 [PHY     ] [I] [   198.7] PUCCH: rnti=0x4601 format=1 prb1=4 prb2=na symb=[0, 14) cs=0 occ=0 sr=no metric=0.2 sinr=-18.8dB t=23.4us
2026-04-24T09:14:39.649957 [PHY     ] [I] [   198.8] PUCCH: rnti=0x4601 format=2 prb=[7, 8) prb2=na symb=[4, 6) csi1=1010 sinr=21.9dB t=10.7us
2026-04-24T09:14:39.669727 [PHY     ] [I] [   200.7] PUCCH: rnti=0x4601 format=1 prb1=4 prb2=na symb=[0, 14) cs=0 occ=0 sr=no metric=0.3 sinr=-17.7dB t=14.6us
2026-04-24T09:14:39.669977 [PHY     ] [I] [   200.8] PUCCH: rnti=0x4601 format=2 prb=[7, 8) prb2=na symb=[4, 6) csi1=1010 sinr=26.3dB t=7.5us
2026-04-24T09:14:39.689760 [PHY     ] [I] [   202.7] PUCCH: rnti=0x4601 format=1 prb1=4 prb2=na symb=[0, 14) cs=0 occ=0 sr=no metric=0.1 sinr=-26.7dB t=23.1us
2026-04-24T09:14:39.689965 [PHY     ] [I] [   202.8] PUCCH: rnti=0x4601 format=2 prb=[7, 8) prb2=na symb=[4, 6) csi1=1001 sinr=26.1dB t=12.6us
2026-04-24T09:14:39.709728 [PHY     ] [I] [   204.7] PUCCH: rnti=0x4601 format=1 prb1=4 prb2=na symb=[0, 14) cs=0 occ=0 sr=no metric=0.4 sinr=-17.0dB t=13.2us
2026-04-24T09:14:39.709934 [PHY     ] [I] [   204.8] PUCCH: rnti=0x4601 format=2 prb=[7, 8) prb2=na symb=[4, 6) csi1=1010 sinr=27.5dB t=8.6us
2026-04-24T09:14:39.729749 [PHY     ] [I] [   206.7] PUCCH: rnti=0x4601 format=1 prb1=4 prb2=na symb=[0, 14) cs=0 occ=0 sr=no metric=0.1 sinr=-24.4dB t=13.8us
2026-04-24T09:14:39.729918 [PHY     ] [I] [   206.8] PUCCH: rnti=0x4601 format=2 prb=[7, 8) prb2=na symb=[4, 6) csi1=1010 sinr=24.5dB t=9.2us
2026-04-24T09:14:39.749753 [PHY     ] [I] [   208.7] PUCCH: rnti=0x4601 format=1 prb1=4 prb2=na symb=[0, 14) cs=0 occ=0 sr=no metric=0.4 sinr=-13.4dB t=13.1us
2026-04-24T09:14:39.749922 [PHY     ] [I] [   208.8] PUCCH: rnti=0x4601 format=2 prb=[7, 8) prb2=na symb=[4, 6) csi1=1010 sinr=26.7dB t=8.2us
2026-04-24T09:14:39.769776 [PHY     ] [I] [   210.7] PUCCH: rnti=0x4601 format=1 prb1=4 prb2=na symb=[0, 14) cs=0 occ=0 sr=no metric=0.4 sinr=-15.6dB t=13.0us
2026-04-24T09:14:39.769951 [PHY     ] [I] [   210.8] PUCCH: rnti=0x4601 format=2 prb=[7, 8) prb2=na symb=[4, 6) csi1=1010 sinr=28.2dB t=10.4us
2026-04-24T09:14:39.789713 [PHY     ] [I] [   212.7] PUCCH: rnti=0x4601 format=1 prb1=4 prb2=na symb=[0, 14) cs=0 occ=0 sr=no metric=0.1 sinr=-20.1dB t=13.0us
2026-04-24T09:14:39.789966 [PHY     ] [I] [   212.8] PUCCH: rnti=0x4601 format=2 prb=[7, 8) prb2=na symb=[4, 6) csi1=1010 sinr=30.9dB t=7.9us
2026-04-24T09:14:39.809701 [PHY     ] [I] [   214.7] PUCCH: rnti=0x4601 format=1 prb1=4 prb2=na symb=[0, 14) cs=0 occ=0 sr=no metric=0.2 sinr=-15.7dB t=15.4us
2026-04-24T09:14:39.809957 [PHY     ] [I] [   214.8] PUCCH: rnti=0x4601 format=2 prb=[7, 8) prb2=na symb=[4, 6) csi1=1010 sinr=24.8dB t=13.8us
2026-04-24T09:14:39.829702 [PHY     ] [I] [   216.7] PUCCH: rnti=0x4601 format=1 prb1=4 prb2=na symb=[0, 14) cs=0 occ=0 sr=no metric=0.2 sinr=-21.4dB t=14.6us
2026-04-24T09:14:39.829974 [PHY     ] [I] [   216.8] PUCCH: rnti=0x4601 format=2 prb=[7, 8) prb2=na symb=[4, 6) csi1=1010 sinr=28.2dB t=7.0us
2026-04-24T09:14:39.849734 [PHY     ] [I] [   218.7] PUCCH: rnti=0x4601 format=1 prb1=4 prb2=na symb=[0, 14) cs=0 occ=0 sr=no metric=0.2 sinr=-28.2dB t=27.0us
2026-04-24T09:14:39.850001 [PHY     ] [I] [   218.8] PUCCH: rnti=0x4601 format=2 prb=[7, 8) prb2=na symb=[4, 6) csi1=1010 sinr=28.1dB t=25.3us
2026-04-24T09:14:39.869787 [PHY     ] [I] [   220.7] PUCCH: rnti=0x4601 format=1 prb1=4 prb2=na symb=[0, 14) cs=0 occ=0 sr=no metric=0.4 sinr=-20.1dB t=24.3us
2026-04-24T09:14:39.869915 [PHY     ] [I] [   220.8] PUCCH: rnti=0x4601 format=2 prb=[7, 8) prb2=na symb=[4, 6) csi1=1010 sinr=18.4dB t=16.3us
2026-04-24T09:14:39.889758 [PHY     ] [I] [   222.7] PUCCH: rnti=0x4601 format=1 prb1=4 prb2=na symb=[0, 14) cs=0 occ=0 sr=no metric=0.3 sinr=-20.6dB t=26.4us
2026-04-24T09:14:39.889968 [PHY     ] [I] [   222.8] PUCCH: rnti=0x4601 format=2 prb=[7, 8) prb2=na symb=[4, 6) csi1=1010 sinr=17.8dB t=15.6us
2026-04-24T09:14:39.909739 [PHY     ] [I] [   224.7] PUCCH: rnti=0x4601 format=1 prb1=4 prb2=na symb=[0, 14) cs=0 occ=0 sr=no metric=0.2 sinr=-21.0dB t=14.1us
2026-04-24T09:14:39.909946 [PHY     ] [I] [   224.8] PUCCH: rnti=0x4601 format=2 prb=[7, 8) prb2=na symb=[4, 6) csi1=1010 sinr=14.7dB t=12.5us
2026-04-24T09:14:39.929766 [PHY     ] [I] [   226.7] PUCCH: rnti=0x4601 format=1 prb1=4 prb2=na symb=[0, 14) cs=0 occ=0 sr=no metric=0.2 sinr=-18.4dB t=12.7us
2026-04-24T09:14:39.929936 [PHY     ] [I] [   226.8] PUCCH: rnti=0x4601 format=2 prb=[7, 8) prb2=na symb=[4, 6) csi1=1010 sinr=22.8dB t=9.4us
2026-04-24T09:14:39.949821 [PHY     ] [I] [   228.7] PUCCH: rnti=0x4601 format=1 prb1=4 prb2=na symb=[0, 14) cs=0 occ=0 sr=no metric=0.1 sinr=-24.8dB t=15.0us
2026-04-24T09:14:39.949968 [PHY     ] [I] [   228.8] PUCCH: rnti=0x4601 format=2 prb=[7, 8) prb2=na symb=[4, 6) csi1=1010 sinr=23.8dB t=10.1us
2026-04-24T09:14:39.969719 [PHY     ] [I] [   230.7] PUCCH: rnti=0x4601 format=1 prb1=4 prb2=na symb=[0, 14) cs=0 occ=0 sr=no metric=0.5 sinr=-14.8dB t=13.0us
2026-04-24T09:14:39.969975 [PHY     ] [I] [   230.8] PUCCH: rnti=0x4601 format=2 prb=[7, 8) prb2=na symb=[4, 6) csi1=1010 sinr=28.7dB t=8.7us
2026-04-24T09:14:39.989743 [PHY     ] [I] [   232.7] PUCCH: rnti=0x4601 format=1 prb1=4 prb2=na symb=[0, 14) cs=0 occ=0 sr=no metric=0.4 sinr=-18.9dB t=13.6us
2026-04-24T09:14:39.989967 [PHY     ] [I] [   232.8] PUCCH: rnti=0x4601 format=2 prb=[7, 8) prb2=na symb=[4, 6) csi1=1010 sinr=31.9dB t=11.0us
2026-04-24T09:14:40.009742 [PHY     ] [I] [   234.7] PUCCH: rnti=0x4601 format=1 prb1=4 prb2=na symb=[0, 14) cs=0 occ=0 sr=no metric=0.1 sinr=-28.8dB t=13.0us
2026-04-24T09:14:40.010001 [PHY     ] [I] [   234.8] PUCCH: rnti=0x4601 format=2 prb=[7, 8) prb2=na symb=[4, 6) csi1=1010 sinr=32.3dB t=13.3us
2026-04-24T09:14:40.029756 [PHY     ] [I] [   236.7] PUCCH: rnti=0x4601 format=1 prb1=4 prb2=na symb=[0, 14) cs=0 occ=0 sr=no metric=0.2 sinr=-18.0dB t=26.0us
2026-04-24T09:14:40.029985 [PHY     ] [I] [   236.8] PUCCH: rnti=0x4601 format=2 prb=[7, 8) prb2=na symb=[4, 6) csi1=1010 sinr=30.2dB t=7.3us
2026-04-24T09:14:40.049765 [PHY     ] [I] [   238.7] PUCCH: rnti=0x4601 format=1 prb1=4 prb2=na symb=[0, 14) cs=0 occ=0 sr=no metric=0.4 sinr=-29.3dB t=13.0us
2026-04-24T09:14:40.049914 [PHY     ] [I] [   238.8] PUCCH: rnti=0x4601 format=2 prb=[7, 8) prb2=na symb=[4, 6) csi1=1010 sinr=33.2dB t=8.3us
2026-04-24T09:14:40.069746 [PHY     ] [I] [   240.7] PUCCH: rnti=0x4601 format=1 prb1=4 prb2=na symb=[0, 14) cs=0 occ=0 sr=no metric=0.2 sinr=-19.4dB t=13.0us
2026-04-24T09:14:40.069917 [PHY     ] [I] [   240.8] PUCCH: rnti=0x4601 format=2 prb=[7, 8) prb2=na symb=[4, 6) csi1=1010 sinr=33.6dB t=6.7us
2026-04-24T09:14:40.089788 [PHY     ] [I] [   242.7] PUCCH: rnti=0x4601 format=1 prb1=4 prb2=na symb=[0, 14) cs=0 occ=0 sr=no metric=0.3 sinr=-19.3dB t=12.2us
2026-04-24T09:14:40.089943 [PHY     ] [I] [   242.8] PUCCH: rnti=0x4601 format=2 prb=[7, 8) prb2=na symb=[4, 6) csi1=1010 sinr=34.1dB t=9.7us
2026-04-24T09:14:40.109812 [PHY     ] [I] [   244.7] PUCCH: rnti=0x4601 format=1 prb1=4 prb2=na symb=[0, 14) cs=0 occ=0 sr=no metric=0.2 sinr=-22.4dB t=14.2us
2026-04-24T09:14:40.109959 [PHY     ] [I] [   244.8] PUCCH: rnti=0x4601 format=2 prb=[7, 8) prb2=na symb=[4, 6) csi1=1010 sinr=33.1dB t=6.9us
2026-04-24T09:14:40.129720 [PHY     ] [I] [   246.7] PUCCH: rnti=0x4601 format=1 prb1=4 prb2=na symb=[0, 14) cs=0 occ=0 sr=no metric=0.2 sinr=-19.7dB t=19.3us
2026-04-24T09:14:40.129985 [PHY     ] [I] [   246.8] PUCCH: rnti=0x4601 format=2 prb=[7, 8) prb2=na symb=[4, 6) csi1=1010 sinr=34.8dB t=24.1us
2026-04-24T09:14:40.149713 [PHY     ] [I] [   248.7] PUCCH: rnti=0x4601 format=1 prb1=4 prb2=na symb=[0, 14) cs=0 occ=0 sr=no metric=0.2 sinr=-20.1dB t=18.7us
2026-04-24T09:14:40.149964 [PHY     ] [I] [   248.8] PUCCH: rnti=0x4601 format=2 prb=[7, 8) prb2=na symb=[4, 6) csi1=1010 sinr=31.2dB t=9.4us
2026-04-24T09:14:40.169774 [PHY     ] [I] [   250.7] PUCCH: rnti=0x4601 format=1 prb1=4 prb2=na symb=[0, 14) cs=0 occ=0 sr=no metric=0.2 sinr=-19.3dB t=23.8us
2026-04-24T09:14:40.170006 [PHY     ] [I] [   250.8] PUCCH: rnti=0x4601 format=2 prb=[7, 8) prb2=na symb=[4, 6) csi1=1010 sinr=31.7dB t=17.0us
2026-04-24T09:14:40.189745 [PHY     ] [I] [   252.7] PUCCH: rnti=0x4601 format=1 prb1=4 prb2=na symb=[0, 14) cs=0 occ=0 sr=no metric=0.2 sinr=-18.2dB t=25.3us
2026-04-24T09:14:40.190021 [PHY     ] [I] [   252.8] PUCCH: rnti=0x4601 format=2 prb=[7, 8) prb2=na symb=[4, 6) csi1=1010 sinr=28.9dB t=9.7us
2026-04-24T09:14:40.209744 [PHY     ] [I] [   254.7] PUCCH: rnti=0x4601 format=1 prb1=4 prb2=na symb=[0, 14) cs=0 occ=0 sr=no metric=0.0 sinr=-31.8dB t=19.2us
2026-04-24T09:14:40.209924 [PHY     ] [I] [   254.8] PUCCH: rnti=0x4601 format=2 prb=[7, 8) prb2=na symb=[4, 6) csi1=1010 sinr=30.6dB t=14.7us
2026-04-24T09:14:40.229756 [PHY     ] [I] [   256.7] PUCCH: rnti=0x4601 format=1 prb1=4 prb2=na symb=[0, 14) cs=0 occ=0 sr=no metric=0.1 sinr=-20.6dB t=18.0us
2026-04-24T09:14:40.229940 [PHY     ] [I] [   256.8] PUCCH: rnti=0x4601 format=2 prb=[7, 8) prb2=na symb=[4, 6) csi1=1010 sinr=33.2dB t=20.1us
2026-04-24T09:14:40.249782 [PHY     ] [I] [   258.7] PUCCH: rnti=0x4601 format=1 prb1=4 prb2=na symb=[0, 14) cs=0 occ=0 sr=no metric=0.5 sinr=-14.8dB t=31.2us
2026-04-24T09:14:40.249959 [PHY     ] [I] [   258.8] PUCCH: rnti=0x4601 format=2 prb=[7, 8) prb2=na symb=[4, 6) csi1=1010 sinr=28.8dB t=25.7us
2026-04-24T09:14:40.269835 [PHY     ] [I] [   260.7] PUCCH: rnti=0x4601 format=1 prb1=4 prb2=na symb=[0, 14) cs=0 occ=0 sr=no metric=0.7 sinr=-12.2dB t=32.8us
2026-04-24T09:14:40.269967 [PHY     ] [I] [   260.8] PUCCH: rnti=0x4601 format=2 prb=[7, 8) prb2=na symb=[4, 6) csi1=1010 sinr=26.8dB t=24.8us
2026-04-24T09:14:40.289892 [PHY     ] [I] [   262.7] PUCCH: rnti=0x4601 format=1 prb1=4 prb2=na symb=[0, 14) cs=0 occ=0 sr=no metric=0.1 sinr=-23.4dB t=59.0us
2026-04-24T09:14:40.289997 [PHY     ] [I] [   262.8] PUCCH: rnti=0x4601 format=2 prb=[7, 8) prb2=na symb=[4, 6) csi1=1010 sinr=21.8dB t=29.6us
2026-04-24T09:14:40.309734 [PHY     ] [I] [   264.7] PUCCH: rnti=0x4601 format=1 prb1=4 prb2=na symb=[0, 14) cs=0 occ=0 sr=no metric=0.6 sinr=-17.6dB t=16.7us
2026-04-24T09:14:40.309969 [PHY     ] [I] [   264.8] PUCCH: rnti=0x4601 format=2 prb=[7, 8) prb2=na symb=[4, 6) csi1=1010 sinr=19.8dB t=17.9us
2026-04-24T09:14:40.329744 [PHY     ] [I] [   266.7] PUCCH: rnti=0x4601 format=1 prb1=4 prb2=na symb=[0, 14) cs=0 occ=0 sr=no metric=0.2 sinr=-20.9dB t=22.3us
2026-04-24T09:14:40.329988 [PHY     ] [I] [   266.8] PUCCH: rnti=0x4601 format=2 prb=[7, 8) prb2=na symb=[4, 6) csi1=1010 sinr=2.2dB t=13.4us
2026-04-24T09:14:40.349759 [PHY     ] [I] [   268.7] PUCCH: rnti=0x4601 format=1 prb1=4 prb2=na symb=[0, 14) cs=0 occ=0 sr=no metric=0.4 sinr=-22.2dB t=33.2us
2026-04-24T09:14:40.349998 [PHY     ] [I] [   268.8] PUCCH: rnti=0x4601 format=2 prb=[7, 8) prb2=na symb=[4, 6) csi1=1010 sinr=19.1dB t=20.4us
2026-04-24T09:14:40.369760 [PHY     ] [I] [   270.7] PUCCH: rnti=0x4601 format=1 prb1=4 prb2=na symb=[0, 14) cs=0 occ=0 sr=no metric=0.9 sinr=-13.0dB t=30.2us
2026-04-24T09:14:40.370014 [PHY     ] [I] [   270.8] PUCCH: rnti=0x4601 format=2 prb=[7, 8) prb2=na symb=[4, 6) csi1=1010 sinr=24.8dB t=22.7us
2026-04-24T09:14:40.389794 [PHY     ] [I] [   272.7] PUCCH: rnti=0x4601 format=1 prb1=4 prb2=na symb=[0, 14) cs=0 occ=0 sr=no metric=0.2 sinr=-19.5dB t=27.4us
2026-04-24T09:14:40.389959 [PHY     ] [I] [   272.8] PUCCH: rnti=0x4601 format=2 prb=[7, 8) prb2=na symb=[4, 6) csi1=1010 sinr=28.2dB t=25.7us
2026-04-24T09:14:40.409769 [PHY     ] [I] [   274.7] PUCCH: rnti=0x4601 format=1 prb1=4 prb2=na symb=[0, 14) cs=0 occ=0 sr=no metric=0.4 sinr=-13.7dB t=18.2us
2026-04-24T09:14:40.409956 [PHY     ] [I] [   274.8] PUCCH: rnti=0x4601 format=2 prb=[7, 8) prb2=na symb=[4, 6) csi1=1010 sinr=33.4dB t=22.4us
2026-04-24T09:14:40.429783 [PHY     ] [I] [   276.7] PUCCH: rnti=0x4601 format=1 prb1=4 prb2=na symb=[0, 14) cs=0 occ=0 sr=no metric=0.1 sinr=-22.2dB t=27.4us
2026-04-24T09:14:40.429952 [PHY     ] [I] [   276.8] PUCCH: rnti=0x4601 format=2 prb=[7, 8) prb2=na symb=[4, 6) csi1=1010 sinr=26.5dB t=16.5us
2026-04-24T09:14:40.449801 [PHY     ] [I] [   278.7] PUCCH: rnti=0x4601 format=1 prb1=4 prb2=na symb=[0, 14) cs=0 occ=0 sr=no metric=0.5 sinr=-17.9dB t=14.9us
2026-04-24T09:14:40.449978 [PHY     ] [I] [   278.8] PUCCH: rnti=0x4601 format=2 prb=[7, 8) prb2=na symb=[4, 6) csi1=1010 sinr=26.9dB t=14.8us
2026-04-24T09:14:40.469753 [PHY     ] [I] [   280.7] PUCCH: rnti=0x4601 format=1 prb1=4 prb2=na symb=[0, 14) cs=0 occ=0 sr=no metric=0.4 sinr=-24.3dB t=24.6us
2026-04-24T09:14:40.469978 [PHY     ] [I] [   280.8] PUCCH: rnti=0x4601 format=2 prb=[7, 8) prb2=na symb=[4, 6) csi1=1010 sinr=25.3dB t=11.6us
2026-04-24T09:14:40.489742 [PHY     ] [I] [   282.7] PUCCH: rnti=0x4601 format=1 prb1=4 prb2=na symb=[0, 14) cs=0 occ=0 sr=no metric=0.3 sinr=-21.3dB t=13.7us
2026-04-24T09:14:40.489995 [PHY     ] [I] [   282.8] PUCCH: rnti=0x4601 format=2 prb=[7, 8) prb2=na symb=[4, 6) csi1=1010 sinr=25.7dB t=10.1us
2026-04-24T09:14:40.509725 [PHY     ] [I] [   284.7] PUCCH: rnti=0x4601 format=1 prb1=4 prb2=na symb=[0, 14) cs=0 occ=0 sr=no metric=0.1 sinr=-25.0dB t=14.3us
2026-04-24T09:14:40.509976 [PHY     ] [I] [   284.8] PUCCH: rnti=0x4601 format=2 prb=[7, 8) prb2=na symb=[4, 6) csi1=1010 sinr=30.3dB t=7.5us
2026-04-24T09:14:40.529746 [PHY     ] [I] [   286.7] PUCCH: rnti=0x4601 format=1 prb1=4 prb2=na symb=[0, 14) cs=0 occ=0 sr=no metric=0.2 sinr=-33.4dB t=14.0us
2026-04-24T09:14:40.530002 [PHY     ] [I] [   286.8] PUCCH: rnti=0x4601 format=2 prb=[7, 8) prb2=na symb=[4, 6) csi1=1010 sinr=29.3dB t=10.7us
2026-04-24T09:14:40.549771 [PHY     ] [I] [   288.7] PUCCH: rnti=0x4601 format=1 prb1=4 prb2=na symb=[0, 14) cs=0 occ=0 sr=no metric=0.2 sinr=-17.9dB t=12.5us
2026-04-24T09:14:40.549925 [PHY     ] [I] [   288.8] PUCCH: rnti=0x4601 format=2 prb=[7, 8) prb2=na symb=[4, 6) csi1=1010 sinr=29.3dB t=8.1us
2026-04-24T09:14:40.569776 [PHY     ] [I] [   290.7] PUCCH: rnti=0x4601 format=1 prb1=4 prb2=na symb=[0, 14) cs=0 occ=0 sr=no metric=0.2 sinr=-22.4dB t=13.8us
2026-04-24T09:14:40.569944 [PHY     ] [I] [   290.8] PUCCH: rnti=0x4601 format=2 prb=[7, 8) prb2=na symb=[4, 6) csi1=1010 sinr=30.5dB t=7.6us
2026-04-24T09:14:40.589784 [PHY     ] [I] [   292.7] PUCCH: rnti=0x4601 format=1 prb1=4 prb2=na symb=[0, 14) cs=0 occ=0 sr=no metric=0.1 sinr=-26.2dB t=15.9us
2026-04-24T09:14:40.589956 [PHY     ] [I] [   292.8] PUCCH: rnti=0x4601 format=2 prb=[7, 8) prb2=na symb=[4, 6) csi1=1010 sinr=33.0dB t=11.2us
2026-04-24T09:14:40.609783 [PHY     ] [I] [   294.7] PUCCH: rnti=0x4601 format=1 prb1=4 prb2=na symb=[0, 14) cs=0 occ=0 sr=no metric=0.1 sinr=-35.5dB t=16.3us
2026-04-24T09:14:40.609954 [PHY     ] [I] [   294.8] PUCCH: rnti=0x4601 format=2 prb=[7, 8) prb2=na symb=[4, 6) csi1=1001 sinr=31.1dB t=10.2us
2026-04-24T09:14:40.629815 [PHY     ] [I] [   296.7] PUCCH: rnti=0x4601 format=1 prb1=4 prb2=na symb=[0, 14) cs=0 occ=0 sr=no metric=0.2 sinr=-19.6dB t=17.5us
2026-04-24T09:14:40.629983 [PHY     ] [I] [   296.8] PUCCH: rnti=0x4601 format=2 prb=[7, 8) prb2=na symb=[4, 6) csi1=1001 sinr=32.7dB t=17.2us
2026-04-24T09:14:40.649757 [PHY     ] [I] [   298.7] PUCCH: rnti=0x4601 format=1 prb1=4 prb2=na symb=[0, 14) cs=0 occ=0 sr=no metric=0.2 sinr=-17.5dB t=24.7us
2026-04-24T09:14:40.649982 [PHY     ] [I] [   298.8] PUCCH: rnti=0x4601 format=2 prb=[7, 8) prb2=na symb=[4, 6) csi1=1001 sinr=36.0dB t=11.2us
2026-04-24T09:14:40.669764 [PHY     ] [I] [   300.7] PUCCH: rnti=0x4601 format=1 prb1=4 prb2=na symb=[0, 14) cs=0 occ=0 sr=no metric=0.0 sinr=-27.1dB t=28.2us
2026-04-24T09:14:40.669998 [PHY     ] [I] [   300.8] PUCCH: rnti=0x4601 format=2 prb=[7, 8) prb2=na symb=[4, 6) csi1=1001 sinr=32.4dB t=19.8us
2026-04-24T09:14:40.689782 [PHY     ] [I] [   302.7] PUCCH: rnti=0x4601 format=1 prb1=4 prb2=na symb=[0, 14) cs=0 occ=0 sr=no metric=0.7 sinr=-22.6dB t=22.7us
2026-04-24T09:14:40.690007 [PHY     ] [I] [   302.8] PUCCH: rnti=0x4601 format=2 prb=[7, 8) prb2=na symb=[4, 6) csi1=1001 sinr=32.7dB t=10.7us
2026-04-24T09:14:40.709746 [PHY     ] [I] [   304.7] PUCCH: rnti=0x4601 format=1 prb1=4 prb2=na symb=[0, 14) cs=0 occ=0 sr=no metric=0.3 sinr=-18.5dB t=13.5us
2026-04-24T09:14:40.710013 [PHY     ] [I] [   304.8] PUCCH: rnti=0x4601 format=2 prb=[7, 8) prb2=na symb=[4, 6) csi1=1001 sinr=32.2dB t=14.6us
2026-04-24T09:14:40.729774 [PHY     ] [I] [   306.7] PUCCH: rnti=0x4601 format=1 prb1=4 prb2=na symb=[0, 14) cs=0 occ=0 sr=no metric=0.3 sinr=-16.1dB t=14.9us
2026-04-24T09:14:40.729948 [PHY     ] [I] [   306.8] PUCCH: rnti=0x4601 format=2 prb=[7, 8) prb2=na symb=[4, 6) csi1=1001 sinr=29.0dB t=12.8us
2026-04-24T09:14:40.740210 [NGAP    ] [I] ue=0 ran_ue=0 amf_ue=1: UE did not request a PDU session after 3000ms. Requesting UE release
2026-04-24T09:14:40.740219 [NGAP    ] [I] Tx PDU: UEContextReleaseRequest
2026-04-24T09:14:40.740597 [NGAP    ] [I] Rx PDU ue=0 ran_ue=0 amf_ue=1: UEContextReleaseCommand
2026-04-24T09:14:40.749808 [PHY     ] [I] [   308.7] PUCCH: rnti=0x4601 format=1 prb1=4 prb2=na symb=[0, 14) cs=0 occ=0 sr=no metric=0.1 sinr=-22.7dB t=24.9us
2026-04-24T09:14:40.749942 [PHY     ] [I] [   308.8] PUCCH: rnti=0x4601 format=2 prb=[7, 8) prb2=na symb=[4, 6) csi1=1001 sinr=30.1dB t=9.7us
2026-04-24T09:14:40.750308 [PDCP    ] [I] ue=0 SRB1 DL: TX PDU. type=data pdu_len=8 sn=7 count=7 is_retx=false
2026-04-24T09:14:40.750311 [RRC     ] [I] ue=0 c-rnti=0x4601: DCCH DL rrcRelease
2026-04-24T09:14:40.750320 [CU-CP-F1] [I] Tx PDU du=0 ue=0 cu_ue=0 du_ue=0: UEContextReleaseCommand
2026-04-24T09:14:40.750325 [DU-F1   ] [I] Rx PDU du=0 ue=0 cu_ue=0 du_ue=0: UEContextReleaseCommand
2026-04-24T09:14:40.750343 [DU-MNG  ] [I] ue=0: DRB traffic stopped
2026-04-24T09:14:40.750351 [RLC     ] [I] du=0 ue=0 SRB1 DL: TX SDU. sdu_len=8 pdcp_sn=7 is_retx=false queued_sdus=1 queued_bytes=8
2026-04-24T09:14:40.752250 [SCHED   ] [I] [   309.0] Slot decisions pci=1 t=14us (1 PDSCH, 0 PUSCHs, 0 PUCCHs): DL: ue=0 c-rnti=0x4601 h_id=3 ss_id=1 rb=[20..23) k1=7 newtx=true rv=0 tbs=15 ri=1 dl_bo=0
2026-04-24T09:14:40.752269 [RLC     ] [I] du=0 ue=0 SRB1 DL: TX PDU. dc=data p=1 si=full sn=7 pdu_len=10 grant_len=13
2026-04-24T09:14:40.752272 [MAC     ] [I] [   309.0] DL PDU: ue=0 rnti=0x4601 size=15: SDU: lcid=1 nof_sdus=1 total_size=12
2026-04-24T09:14:40.752305 [PHY     ] [I] [   309.0] PDCCH: rnti=0x4601 ss_id=1 format=1_0 cce=0 al=4 t=19.4us
2026-04-24T09:14:40.752318 [PHY     ] [I] [   309.0] PDSCH: rnti=0x4601 h_id=3 k1=7 prb=[20, 23) symb=[2, 14) mod=QPSK rv=0 tbs=15 t=23.1us
2026-04-24T09:14:40.759794 [PHY     ] [I] [   309.7] PUCCH: rnti=0x4601 format=1 prb1=0 prb2=na symb=[0, 14) cs=0 occ=0 ack=1 metric=1855.9 sinr=18.4dB t=18.7us
2026-04-24T09:14:40.769768 [PHY     ] [I] [   310.7] PUCCH: rnti=0x4601 format=1 prb1=4 prb2=na symb=[0, 14) cs=0 occ=0 sr=yes metric=1570.6 sinr=17.7dB t=13.6us
2026-04-24T09:14:40.769966 [PHY     ] [I] [   310.8] PUCCH: rnti=0x4601 format=2 prb=[7, 8) prb2=na symb=[4, 6) csi1=1010 sinr=29.7dB t=6.9us
2026-04-24T09:14:40.773779 [PHY     ] [I] [   311.3] PDCCH: rnti=0x4601 ss_id=1 format=0_0 cce=0 al=4 t=18.2us
2026-04-24T09:14:40.775686 [SCHED   ] [I] [   311.7] Slot decisions pci=1 t=1us (0 PDSCHs, 1 PUSCH, 0 PUCCHs): UL: ue=0 rnti=0x4601 h_id=0 ss_id=1 rb=[8..14) newtx=true rv=0 tbs=544 k2=4
2026-04-24T09:14:40.779898 [PHY     ] [I] [   311.7] PUSCH: rnti=0x4601 h_id=0 prb=[8, 14) symb=[0, 14) mod=64QAM rv=0 tbs=544 crc=KO iter=6.0 sinr=14.6dB t=134.8us uci_t=0.0us ret_t=5.5us
2026-04-24T09:14:40.783817 [PHY     ] [I] [   312.3] PDCCH: rnti=0x4601 ss_id=1 format=0_0 cce=0 al=4 t=16.3us
2026-04-24T09:14:40.785691 [SCHED   ] [I] [   312.7] Slot decisions pci=1 t=1us (0 PDSCHs, 1 PUSCH, 0 PUCCHs): UL: ue=0 rnti=0x4601 h_id=0 ss_id=1 rb=[8..14) newtx=false rv=0 tbs=544 k2=4
2026-04-24T09:14:40.789886 [PHY     ] [I] [   312.7] PUSCH: rnti=0x4601 h_id=0 prb=[8, 14) symb=[0, 14) mod=64QAM rv=0 tbs=544 crc=KO iter=6.0 sinr=14.1dB t=117.9us uci_t=0.0us ret_t=2.7us
2026-04-24T09:14:40.789998 [PHY     ] [I] [   312.8] PUCCH: rnti=0x4601 format=2 prb=[7, 8) prb2=na symb=[4, 6) csi1=1010 sinr=25.1dB t=13.5us
2026-04-24T09:14:40.793812 [PHY     ] [I] [   313.3] PDCCH: rnti=0x4601 ss_id=1 format=0_0 cce=0 al=4 t=18.1us
2026-04-24T09:14:40.795731 [SCHED   ] [I] [   313.7] Slot decisions pci=1 t=1us (0 PDSCHs, 1 PUSCH, 0 PUCCHs): UL: ue=0 rnti=0x4601 h_id=0 ss_id=1 rb=[8..14) newtx=false rv=0 tbs=544 k2=4
2026-04-24T09:14:40.797206 [RLC     ] [I] du=0 ue=0 SRB1 DL: Poll retransmit timer expired after 45ms.
2026-04-24T09:14:40.797736 [SCHED   ] [I] [  313.11] Slot decisions pci=1 t=8us (1 PDSCH, 0 PUSCHs, 0 PUCCHs): DL: ue=0 c-rnti=0x4601 h_id=3 ss_id=1 rb=[0..3) k1=6 newtx=true rv=0 tbs=15 ri=1 dl_bo=0
2026-04-24T09:14:40.797746 [RLC     ] [I] du=0 ue=0 SRB1 DL: RETX PDU. dc=data p=1 si=full sn=7 pdu_len=10 grant_len=13 retx_count=0
2026-04-24T09:14:40.797748 [MAC     ] [I] [  313.11] DL PDU: ue=0 rnti=0x4601 size=15: SDU: lcid=1 nof_sdus=1 total_size=12
2026-04-24T09:14:40.797771 [PHY     ] [I] [  313.11] PDCCH: rnti=0x4601 ss_id=1 format=1_0 cce=0 al=4 t=18.8us
2026-04-24T09:14:40.797792 [PHY     ] [I] [  313.11] PDSCH: rnti=0x4601 h_id=3 k1=6 prb=[0, 3) symb=[2, 14) mod=QPSK rv=0 tbs=15 t=18.2us
2026-04-24T09:14:40.799908 [PHY     ] [I] [   313.7] PUSCH: rnti=0x4601 h_id=0 prb=[8, 14) symb=[0, 14) mod=64QAM rv=0 tbs=544 crc=KO iter=6.0 sinr=13.6dB t=125.8us uci_t=0.0us ret_t=3.4us
2026-04-24T09:14:40.803805 [PHY     ] [I] [   314.3] PDCCH: rnti=0x4601 ss_id=1 format=0_0 cce=0 al=4 t=15.9us
2026-04-24T09:14:40.804748 [PHY     ] [I] [  313.17] PUCCH: rnti=0x4601 format=1 prb1=0 prb2=na symb=[0, 14) cs=0 occ=0 ack=1 metric=1370.4 sinr=17.1dB t=13.7us
2026-04-24T09:14:40.805703 [SCHED   ] [I] [   314.7] Slot decisions pci=1 t=1us (0 PDSCHs, 1 PUSCH, 0 PUCCHs): UL: ue=0 rnti=0x4601 h_id=0 ss_id=1 rb=[8..14) newtx=false rv=0 tbs=544 k2=4
2026-04-24T09:14:40.809831 [PHY     ] [I] [   314.7] PUSCH: rnti=0x4601 h_id=0 prb=[8, 14) symb=[0, 14) mod=64QAM rv=0 tbs=544 crc=OK iter=6.0 sinr=15.3dB t=121.9us uci_t=0.0us ret_t=3.1us
2026-04-24T09:14:40.809841 [MAC     ] [I] [  314.15] UL rnti=0x4601 ue=0 subPDUs: [lcid=1: len=3, SBSR: lcg=0 bs=0, SE_PHR: ph=[-18..-17)dB p_cmax=[22..23)dBm, PAD: len=533]
2026-04-24T09:14:40.809844 [RLC     ] [I] du=0 ue=0 SRB1 UL: RX status PDU. ack_sn=8 n_nack=0
2026-04-24T09:14:40.809852 [RLC     ] [I] du=0 ue=0 SRB1 DL: Handled status report. t=2us ack_sn=8 n_nack=0
2026-04-24T09:14:40.809858 [DU-MNG  ] [I] ue=0 proc="UE Delete": Procedure started....
2026-04-24T09:14:40.809864 [DU-MNG  ] [I] ue=0: SRB and DRB traffic stopped
2026-04-24T09:14:40.809869 [DU-F1   ] [I] ue=0 c-rnti=0x4601 du_ue=0 cu_ue=0: F1 UE context removed.
2026-04-24T09:14:40.809980 [PHY     ] [I] [   314.8] PUCCH: rnti=0x4601 format=2 prb=[7, 8) prb2=na symb=[4, 6) csi1=1010 sinr=24.0dB t=9.2us
2026-04-24T09:14:40.826292 [MAC     ] [I] [   316.8] ue=0 crnti=0x4601 proc="MAC UE Removal": finished successfully
2026-04-24T09:14:40.829728 [PHY     ] [I] [   316.7] PUCCH: rnti=0x4601 format=1 prb1=4 prb2=na symb=[0, 14) cs=0 occ=0 sr=no metric=0.1 sinr=-32.2dB t=13.2us
2026-04-24T09:14:40.829730 [MAC     ] [I] [  316.15] rnti=0x4601: Discarding UCI PDU. Cause: No UE with provided RNTI exists.
2026-04-24T09:14:40.886196 [DU-MNG  ] [I] ue=0 proc="UE Delete": Procedure finished successfully.
2026-04-24T09:14:40.886204 [DU-F1   ] [I] Tx PDU du=0 cu_ue=0 du_ue=0: UEContextReleaseComplete
2026-04-24T09:14:40.886214 [CU-CP-F1] [I] Rx PDU du=0 ue=0 cu_ue=0 du_ue=0: UEContextReleaseComplete
2026-04-24T09:14:40.886298 [CU-CP   ] [I] ue=0: "UE Removal Routine" finished successfully
2026-04-24T09:14:40.886309 [NGAP    ] [I] Tx PDU ran_ue=0 amf_ue=1: UEContextReleaseComplete
2026-04-24T09:14:42.495955 [PHY     ] [I] [  482.19] PRACH: rsi=1 rssi=-52.0dB detected_preambles=[{idx=59 ta=7.55us detection_metric=106.9 power_dB=-52.67}] t=149.9us
2026-04-24T09:14:42.496290 [SCHED   ] [I] [   483.8] Processed slot events pci=1: prach(ra-rnti=0x10b preamble=59 tc-rnti=0x4602)
2026-04-24T09:14:42.497254 [SCHED   ] [I] [  483.10] Slot decisions pci=1 t=1us (1 PDSCH, 0 PUSCHs, 0 PUCCHs): RAR: ra-rnti=0x10b rb=[0..3) tbs=9
2026-04-24T09:14:42.497283 [PHY     ] [I] [  483.10] PDCCH: rnti=0x010b ss_id=1 format=1_0 cce=0 al=4 t=17.7us
2026-04-24T09:14:42.497301 [PHY     ] [I] [  483.10] PDSCH: rnti=0x010b prb=[0, 3) symb=[2, 14) mod=QPSK rv=0 tbs=9 t=15.7us
2026-04-24T09:14:42.500817 [SCHED   ] [I] [  483.17] Slot decisions pci=1 t=1us (0 PDSCHs, 1 PUSCH, 0 PUCCHs): UL: ue=1024 rnti=0x4602 h_id=0 ss_id=1 rb=[8..11) newtx=true rv=0 tbs=11 msg3_delay=7
2026-04-24T09:14:42.504893 [PHY     ] [I] [  483.17] PUSCH: rnti=0x4602 h_id=0 prb=[8, 11) symb=[0, 14) mod=QPSK rv=0 tbs=11 crc=OK iter=1.0 sinr=25.1dB t=75.6us uci_t=0.0us ret_t=5.9us
2026-04-24T09:14:42.504907 [MAC     ] [I] [   484.5] UL rnti=0x4602 subPDUs: [CCCH48: len=6, PAD: len=3]
2026-04-24T09:14:42.504916 [DU-MNG  ] [I] ue=0 rnti=0x4602 proc="UE Create": Procedure started....
2026-04-24T09:14:42.505047 [DU-F1   ] [I] ue=0 c-rnti=0x4602 du_ue=1: F1 UE context created successfully.
2026-04-24T09:14:42.505063 [RLC     ] [I] du=0 ue=0 SRB0 DL: RLC TM created. queue_size=8
2026-04-24T09:14:42.505065 [RLC     ] [I] du=0 ue=0 SRB0 UL: RLC TM created. 
2026-04-24T09:14:42.505118 [RLC     ] [I] du=0 ue=0 SRB1 DL: RLC AM configured. tx_sn_size=12 pdcp_sn_len=12 t_poll_retx=45 max_retx=8 poll_pdu=-1 poll_byte=-1 queue_size=32 queue_size_bytes=64000 max_window=0
2026-04-24T09:14:42.505184 [RLC     ] [I] du=0 ue=0 SRB1 UL: RLC AM configured. rx_sn_size=12 t_reassembly=35 t_status_prohibit=0 max_sn_per_status={na}
2026-04-24T09:14:42.505765 [MAC     ] [I] [   484.7] ue=0 crnti=0x4602 proc="MAC UE Creation": finished successfully
2026-04-24T09:14:42.505771 [DU-MNG  ] [I] ue=0 rnti=0x4602 proc="UE Create": Procedure finished successfully.
2026-04-24T09:14:42.505774 [RLC     ] [I] du=0 ue=0 SRB0 UL: RX SDU. sdu_len=6
2026-04-24T09:14:42.505787 [DU-F1   ] [I] Tx PDU du=0 tid=2 ue=0 du_ue=1: InitialULRRCMessageTransfer
2026-04-24T09:14:42.505799 [CU-CP-F1] [I] Rx PDU du=0 tid=2 du_ue=1: InitialULRRCMessageTransfer
2026-04-24T09:14:42.505813 [CU-UEMNG] [I] ue=1 du_index=0 gnb_du_id=0 pci=1 rnti=0x4602 pcell_index=0: Created new CU-CP UE
2026-04-24T09:14:42.505875 [CU-CP   ] [I] ue=1 c-rnti=0x4602: UE created
2026-04-24T09:14:42.505880 [CU-CP-F1] [I] ue=1 du_ue=1 cu_ue=1: Added UE context
2026-04-24T09:14:42.505884 [RRC     ] [I] ue=1 c-rnti=0x4602: CCCH UL rrcSetupRequest
2026-04-24T09:14:42.505919 [PDCP    ] [I] ue=1 SRB1 DL: PDCP configured. rb_type=SRB rlc_mode=AM sn_size=12 discard_timer=infinity count_notify=3221225472 count_max=4294967294 warn_on_drop=false test_mode=false
2026-04-24T09:14:42.505954 [PDCP    ] [I] ue=1 SRB1 UL: PDCP configured. rb_type=SRB rlc_mode=AM sn_size=12 t_reordering=infinity count_notify=3221225472 count_max=4294967294
2026-04-24T09:14:42.505967 [RRC     ] [I] ue=1 c-rnti=0x4602: CCCH DL rrcSetup
2026-04-24T09:14:42.505972 [CU-CP-F1] [I] Tx PDU du=0 ue=1 cu_ue=1 du_ue=1: DLRRCMessageTransfer
2026-04-24T09:14:42.505977 [DU-F1   ] [I] Rx PDU du=0 ue=0 cu_ue=1 du_ue=1: DLRRCMessageTransfer
2026-04-24T09:14:42.505981 [RLC     ] [I] du=0 ue=0 SRB0 DL: TX SDU. sdu_len=301 queued_sdus=1 queued_bytes=301
2026-04-24T09:14:42.507310 [SCHED   ] [I] [  484.10] Slot decisions pci=1 t=14us (1 PDSCH, 0 PUSCHs, 0 PUCCHs): DL: ue=0 c-rnti=0x4602 h_id=0 ss_id=1 rb=[0..23) k1=7 newtx=true rv=0 tbs=317 ri=1 dl_bo=0
2026-04-24T09:14:42.507331 [RLC     ] [I] du=0 ue=0 SRB0 DL: TX PDU. pdu_len=301 grant_len=301
2026-04-24T09:14:42.507334 [MAC     ] [I] [  484.10] DL PDU: ue=0 rnti=0x4602 size=317: CON_RES: id=81800888, SDU: lcid=0 nof_sdus=1 total_size=304
2026-04-24T09:14:42.507363 [PHY     ] [I] [  484.10] PDCCH: rnti=0x4602 ss_id=1 format=1_0 cce=0 al=4 t=20.9us
2026-04-24T09:14:42.507382 [PHY     ] [I] [  484.10] PDSCH: rnti=0x4602 h_id=0 k1=7 prb=[0, 23) symb=[2, 14) mod=QPSK rv=0 tbs=317 t=33.3us
2026-04-24T09:14:42.510360 [PHY     ] [I] [   484.8] PUCCH: rnti=0x4602 format=1 prb1=4 prb2=na symb=[0, 14) cs=0 occ=0 sr=no metric=0.2 sinr=-17.9dB t=33.5us
2026-04-24T09:14:42.510601 [PHY     ] [I] [   484.9] PUCCH: rnti=0x4602 format=2 prb=[7, 8) prb2=na symb=[4, 6) csi1=2222 sinr=-7.3dB t=26.9us
2026-04-24T09:14:42.514831 [PHY     ] [I] [  484.17] PUCCH: rnti=0x4602 format=1 prb1=0 prb2=50 symb=[0, 14) cs=0 occ=0 ack=1 metric=2274.9 sinr=21.0dB t=30.7us
2026-04-24T09:14:42.530381 [PHY     ] [I] [   486.8] PUCCH: rnti=0x4602 format=1 prb1=4 prb2=na symb=[0, 14) cs=0 occ=0 sr=yes metric=4550.0 sinr=22.3dB t=42.0us
2026-04-24T09:14:42.530504 [PHY     ] [I] [   486.9] PUCCH: rnti=0x4602 format=2 prb=[7, 8) prb2=na symb=[4, 6) csi1=1010 sinr=28.4dB t=26.0us
2026-04-24T09:14:42.533833 [PHY     ] [I] [   487.3] PDCCH: rnti=0x4602 ss_id=1 format=0_0 cce=0 al=4 t=24.7us
2026-04-24T09:14:42.535780 [SCHED   ] [I] [   487.7] Slot decisions pci=1 t=3us (0 PDSCHs, 1 PUSCH, 0 PUCCHs): UL: ue=0 rnti=0x4602 h_id=0 ss_id=1 rb=[8..32) newtx=true rv=0 tbs=528 k2=4
2026-04-24T09:14:42.539903 [PHY     ] [I] [   487.7] PUSCH: rnti=0x4602 h_id=0 prb=[8, 32) symb=[0, 14) mod=QPSK rv=0 tbs=528 crc=OK iter=2.0 sinr=17.6dB t=131.9us uci_t=0.0us ret_t=9.1us
2026-04-24T09:14:42.539920 [MAC     ] [I] [  487.15] UL rnti=0x4602 ue=0 subPDUs: [lcid=1: len=53, SBSR: lcg=0 bs=0, SE_PHR: ph=[-26..-25)dB p_cmax=[22..23)dBm, PAD: len=467]
2026-04-24T09:14:42.539924 [RLC     ] [I] du=0 ue=0 SRB1 UL: RX PDU. pdu_len=53 dc=data p=1 si=full sn=0
2026-04-24T09:14:42.539927 [RLC     ] [I] du=0 ue=0 SRB1 UL: RX SDU. sn=0 sdu_len=51
2026-04-24T09:14:42.539942 [DU-F1   ] [I] Tx PDU du=0 ue=0 cu_ue=1 du_ue=1: ULRRCMessageTransfer
2026-04-24T09:14:42.539954 [CU-CP-F1] [I] Rx PDU du=0 ue=1 cu_ue=1 du_ue=1: ULRRCMessageTransfer
2026-04-24T09:14:42.539959 [PDCP    ] [I] ue=1 SRB1 UL: RX PDU. type=data pdu_len=51 sn=0 count=0
2026-04-24T09:14:42.539963 [PDCP    ] [I] ue=1 SRB1 UL: RX SDU. count=0
2026-04-24T09:14:42.539973 [RRC     ] [I] ue=1 c-rnti=0x4602: DCCH UL rrcSetupComplete
2026-04-24T09:14:42.540002 [NGAP    ] [I] Tx PDU ue=1 ran_ue=1: InitialUEMessage
2026-04-24T09:14:42.540322 [SCHED   ] [I] [  487.16] Slot decisions pci=1 t=36us (1 PDSCH, 0 PUSCHs, 0 PUCCHs): DL: ue=0 c-rnti=0x4602 h_id=0 ss_id=2 rb=[0..2) k1=11 newtx=true rv=0 tbs=40 ri=1 dl_bo=0
2026-04-24T09:14:42.540337 [RLC     ] [I] du=0 ue=0 SRB1 DL: TX status PDU. pdu_len=3 grant_len=4
2026-04-24T09:14:42.540340 [MAC     ] [I] [  487.16] DL PDU: ue=0 rnti=0x4602 size=40: SDU: lcid=1 nof_sdus=1 total_size=5
2026-04-24T09:14:42.540363 [PHY     ] [I] [  487.16] PDCCH: rnti=0x4602 ss_id=2 format=1_1 cce=10 al=2 t=16.5us
2026-04-24T09:14:42.540387 [PHY     ] [I] [  487.16] PDSCH: rnti=0x4602 h_id=0 k1=11 prb=[0, 2) symb=[2, 8) mod=64QAM rv=0 tbs=40 t=34.3us
2026-04-24T09:14:42.540681 [NGAP    ] [I] Rx PDU ue=1 ran_ue=1 amf_ue=2: InitialContextSetupRequest
2026-04-24T09:14:42.540694 [CU-CP   ] [I] ue=1: "Initial Context Setup Routine" initialized
2026-04-24T09:14:42.540706 [SEC     ] [I] K_gNB: 
	a2 72 bf 61 7d 57 67 9a f3 54 83 75 48 56 97 cd
	03 31 0a 80 31 9d fc 41 89 73 96 97 8c c6 35 93
2026-04-24T09:14:42.540707 [SEC     ] [I] RRC Integrity Key: 
	57 a9 cf b1 03 93 0b 65 28 73 32 ac 9d 36 fa 4a
	2d 33 33 bf 13 b8 17 68 c6 c4 40 e5 6e f6 85 1e
2026-04-24T09:14:42.540707 [SEC     ] [I] RRC Encryption Key: 
	d2 3b f0 8b fb a4 da b7 f0 d2 5b 0e 6b 7b 99 32
	8e 44 ac 9b 68 34 1a 2c 15 a2 b1 d7 03 e0 57 d3
2026-04-24T09:14:42.540707 [SEC     ] [I] UP Integrity Key: 
	f0 67 68 19 bd 96 4a f8 86 5f 8d 6f 9a 18 44 d5
	81 e9 1d f5 19 83 a5 9f 3e 57 ae 93 ed c7 bc 55
2026-04-24T09:14:42.540707 [SEC     ] [I] UP Encryption Key: 
	49 51 a6 6f c8 a7 87 f1 74 3a 97 32 95 c7 cc 57
	b3 63 04 b5 35 5f 8c 7b 7f 46 84 9b 28 e5 7c be
2026-04-24T09:14:42.540723 [PDCP    ] [I] ue=1 SRB1 UL: Security configured: NIA2 (on) NEA0 (off) domain=RRC
2026-04-24T09:14:42.540724 [PDCP    ] [I] ue=1 SRB1 UL: 128 K_int: 
	2d 33 33 bf 13 b8 17 68 c6 c4 40 e5 6e f6 85 1e
2026-04-24T09:14:42.540724 [PDCP    ] [I] ue=1 SRB1 UL: 128 K_enc: 
	8e 44 ac 9b 68 34 1a 2c 15 a2 b1 d7 03 e0 57 d3
2026-04-24T09:14:42.540735 [PDCP    ] [I] ue=1 SRB1 DL: Security configured: NIA2 (on) NEA0 (off) domain=RRC
2026-04-24T09:14:42.540736 [PDCP    ] [I] ue=1 SRB1 DL: 128 K_int: 
	2d 33 33 bf 13 b8 17 68 c6 c4 40 e5 6e f6 85 1e
2026-04-24T09:14:42.540736 [PDCP    ] [I] ue=1 SRB1 DL: 128 K_enc: 
	8e 44 ac 9b 68 34 1a 2c 15 a2 b1 d7 03 e0 57 d3
2026-04-24T09:14:42.540749 [PDCP    ] [I] ue=1 SRB1 DL: TX PDU. type=data pdu_len=9 sn=0 count=0 is_retx=false
2026-04-24T09:14:42.540752 [RRC     ] [I] ue=1 c-rnti=0x4602: DCCH DL securityModeCommand
2026-04-24T09:14:42.540769 [CU-CP-F1] [I] Tx PDU du=0 ue=1 cu_ue=1 du_ue=1: UEContextSetupRequest
2026-04-24T09:14:42.540784 [DU-F1   ] [I] Rx PDU du=0 ue=0 cu_ue=1 du_ue=1: UEContextSetupRequest
2026-04-24T09:14:42.540792 [DU-MNG  ] [I] ue=0 rnti=0x4602 proc="UE Configuration": Procedure started....
2026-04-24T09:14:42.541290 [MAC     ] [I] [  487.18] ue=0 crnti=0x4602 proc="Sched UE Config": successfully finished
2026-04-24T09:14:42.541290 [MAC     ] [I] [  487.18] ue=0 crnti=0x4602 proc="MAC UE Reconfiguration": finished successfully
2026-04-24T09:14:42.541294 [DU-MNG  ] [I] ue=0 rnti=0x4602 proc="UE Configuration": Procedure finished successfully.
2026-04-24T09:14:42.541393 [RLC     ] [I] du=0 ue=0 SRB1 DL: TX SDU. sdu_len=9 pdcp_sn=0 is_retx=false queued_sdus=1 queued_bytes=9
2026-04-24T09:14:42.542764 [SCHED   ] [I] [   488.1] Slot decisions pci=1 t=6us (1 PDSCH, 0 PUSCHs, 0 PUCCHs): DL: ue=0 c-rnti=0x4602 h_id=1 ss_id=1 rb=[0..3) k1=6 newtx=true rv=0 tbs=15 ri=1 dl_bo=0
2026-04-24T09:14:42.542797 [RLC     ] [I] du=0 ue=0 SRB1 DL: TX PDU. dc=data p=1 si=full sn=0 pdu_len=11 grant_len=13
2026-04-24T09:14:42.542799 [MAC     ] [I] [   488.1] DL PDU: ue=0 rnti=0x4602 size=15: SDU: lcid=1 nof_sdus=1 total_size=13
2026-04-24T09:14:42.542821 [DU-F1   ] [I] Tx PDU du=0 ue=0 cu_ue=1 du_ue=1: UEContextSetupResponse
2026-04-24T09:14:42.542834 [PHY     ] [I] [   488.1] PDCCH: rnti=0x4602 ss_id=1 format=1_0 cce=0 al=4 t=27.8us
2026-04-24T09:14:42.542840 [PHY     ] [I] [   488.1] PDSCH: rnti=0x4602 h_id=1 k1=6 prb=[0, 3) symb=[2, 14) mod=QPSK rv=0 tbs=15 t=30.7us
2026-04-24T09:14:42.542856 [CU-CP-F1] [I] Rx PDU du=0 ue=1 cu_ue=1 du_ue=1: UEContextSetupResponse
2026-04-24T09:14:42.549813 [PHY     ] [I] [   488.7] PUCCH: rnti=0x4602 format=1 prb1=2 prb2=na symb=[0, 14) cs=0 occ=0 ack=01 metric=5390.0 sinr=23.1dB t=29.5us
2026-04-24T09:14:42.550352 [PHY     ] [I] [   488.8] PUCCH: rnti=0x4602 format=1 prb1=4 prb2=na symb=[0, 14) cs=0 occ=0 sr=yes metric=4612.6 sinr=22.4dB t=30.6us
2026-04-24T09:14:42.550520 [PHY     ] [I] [   488.9] PUCCH: rnti=0x4602 format=2 prb=[7, 8) prb2=na symb=[4, 6) csi1=1010 sinr=33.9dB t=25.8us
2026-04-24T09:14:42.553815 [PHY     ] [I] [   489.3] PDCCH: rnti=0x4602 ss_id=1 format=0_0 cce=0 al=4 t=20.4us
2026-04-24T09:14:42.555784 [SCHED   ] [I] [   489.7] Slot decisions pci=1 t=1us (0 PDSCHs, 1 PUSCH, 0 PUCCHs): UL: ue=0 rnti=0x4602 h_id=0 ss_id=1 rb=[8..14) newtx=true rv=0 tbs=544 k2=4
2026-04-24T09:14:42.559887 [PHY     ] [I] [   489.7] PUSCH: rnti=0x4602 h_id=0 prb=[8, 14) symb=[0, 14) mod=64QAM rv=0 tbs=544 crc=OK iter=3.0 sinr=21.3dB t=107.8us uci_t=0.0us ret_t=5.9us
2026-04-24T09:14:42.559902 [MAC     ] [I] [  489.15] UL rnti=0x4602 ue=0 subPDUs: [lcid=1: len=3, lcid=1: len=10, SBSR: lcg=0 bs=0, SE_PHR: ph=[-21..-20)dB p_cmax=[22..23)dBm, PAD: len=521]
2026-04-24T09:14:42.559911 [RLC     ] [I] du=0 ue=0 SRB1 UL: RX status PDU. ack_sn=1 n_nack=0
2026-04-24T09:14:42.559913 [RLC     ] [I] du=0 ue=0 SRB1 UL: RX PDU. pdu_len=10 dc=data p=1 si=full sn=1
2026-04-24T09:14:42.559916 [RLC     ] [I] du=0 ue=0 SRB1 UL: RX SDU. sn=1 sdu_len=8
2026-04-24T09:14:42.559928 [RLC     ] [I] du=0 ue=0 SRB1 DL: Handled status report. t=4us ack_sn=1 n_nack=0
2026-04-24T09:14:42.559933 [DU-F1   ] [I] Tx PDU du=0 ue=0 cu_ue=1 du_ue=1: ULRRCMessageTransfer
2026-04-24T09:14:42.559940 [CU-CP-F1] [I] Rx PDU du=0 ue=1 cu_ue=1 du_ue=1: ULRRCMessageTransfer
2026-04-24T09:14:42.559946 [PDCP    ] [I] ue=1 SRB1 UL: RX PDU. type=data pdu_len=8 sn=1 count=1
2026-04-24T09:14:42.559951 [PDCP    ] [I] ue=1 SRB1 UL: RX SDU. count=1
2026-04-24T09:14:42.559957 [RRC     ] [I] ue=1 c-rnti=0x4602: DCCH UL securityModeComplete
2026-04-24T09:14:42.559978 [PDCP    ] [I] ue=1 SRB1 UL: Security configured: NIA2 (on) NEA0 (on) domain=RRC
2026-04-24T09:14:42.559979 [PDCP    ] [I] ue=1 SRB1 UL: 128 K_int: 
	2d 33 33 bf 13 b8 17 68 c6 c4 40 e5 6e f6 85 1e
2026-04-24T09:14:42.559979 [PDCP    ] [I] ue=1 SRB1 UL: 128 K_enc: 
	8e 44 ac 9b 68 34 1a 2c 15 a2 b1 d7 03 e0 57 d3
2026-04-24T09:14:42.559995 [PDCP    ] [I] ue=1 SRB1 DL: Security configured: NIA2 (on) NEA0 (on) domain=RRC
2026-04-24T09:14:42.559995 [PDCP    ] [I] ue=1 SRB1 DL: 128 K_int: 
	2d 33 33 bf 13 b8 17 68 c6 c4 40 e5 6e f6 85 1e
2026-04-24T09:14:42.559995 [PDCP    ] [I] ue=1 SRB1 DL: 128 K_enc: 
	8e 44 ac 9b 68 34 1a 2c 15 a2 b1 d7 03 e0 57 d3
2026-04-24T09:14:42.560010 [RRC     ] [I] ue=1 c-rnti=0x4602: DCCH DL dlInformationTransfer
2026-04-24T09:14:42.560014 [PDCP    ] [I] ue=1 SRB1 DL: TX PDU. type=data pdu_len=23 sn=1 count=1 is_retx=false
2026-04-24T09:14:42.560020 [CU-CP-F1] [I] Tx PDU du=0 ue=1 cu_ue=1 du_ue=1: DLRRCMessageTransfer
2026-04-24T09:14:42.560022 [CU-CP   ] [I] ue=1: "Initial Context Setup Routine" finished successfully
2026-04-24T09:14:42.560033 [NGAP    ] [I] Tx PDU ue=1 ran_ue=1 amf_ue=2: InitialContextSetupResponse
2026-04-24T09:14:42.560043 [DU-F1   ] [I] Rx PDU du=0 ue=0 cu_ue=1 du_ue=1: DLRRCMessageTransfer
2026-04-24T09:14:42.560048 [RLC     ] [I] du=0 ue=0 SRB1 DL: TX SDU. sdu_len=23 pdcp_sn=1 is_retx=false queued_sdus=1 queued_bytes=23
2026-04-24T09:14:42.562256 [SCHED   ] [I] [   490.0] Slot decisions pci=1 t=13us (1 PDSCH, 0 PUSCHs, 0 PUCCHs): DL: ue=0 c-rnti=0x4602 h_id=1 ss_id=1 rb=[20..24) k1=7 newtx=true rv=0 tbs=20 ri=1 dl_bo=15
2026-04-24T09:14:42.562272 [RLC     ] [I] du=0 ue=0 SRB1 DL: TX status PDU. pdu_len=3 grant_len=18
2026-04-24T09:14:42.562275 [RLC     ] [I] du=0 ue=0 SRB1 DL: TX PDU. dc=data p=0 si=first sn=1 pdu_len=13 grant_len=13
2026-04-24T09:14:42.562277 [MAC     ] [I] [   490.0] DL PDU: ue=0 rnti=0x4602 size=20: SDU: lcid=1 nof_sdus=2 total_size=20
2026-04-24T09:14:42.562305 [PHY     ] [I] [   490.0] PDCCH: rnti=0x4602 ss_id=1 format=1_0 cce=0 al=4 t=19.5us
2026-04-24T09:14:42.562321 [PHY     ] [I] [   490.0] PDSCH: rnti=0x4602 h_id=1 k1=7 prb=[20, 24) symb=[2, 14) mod=QPSK rv=0 tbs=20 t=26.6us
2026-04-24T09:14:42.562805 [SCHED   ] [I] [   490.1] Slot decisions pci=1 t=20us (1 PDSCH, 0 PUSCHs, 0 PUCCHs): DL: ue=0 c-rnti=0x4602 h_id=0 ss_id=1 rb=[0..3) k1=6 newtx=true rv=0 tbs=15 ri=1 dl_bo=0
2026-04-24T09:14:42.562823 [RLC     ] [I] du=0 ue=0 SRB1 DL: TX PDU. dc=data p=0 si=mid sn=1 so=11 pdu_len=13 grant_len=13
2026-04-24T09:14:42.562824 [MAC     ] [I] [   490.1] DL PDU: ue=0 rnti=0x4602 size=15: SDU: lcid=1 nof_sdus=1 total_size=15
2026-04-24T09:14:42.562854 [PHY     ] [I] [   490.1] PDCCH: rnti=0x4602 ss_id=1 format=1_0 cce=0 al=4 t=22.4us
2026-04-24T09:14:42.562857 [PHY     ] [I] [   490.1] PDSCH: rnti=0x4602 h_id=0 k1=6 prb=[0, 3) symb=[2, 14) mod=QPSK rv=0 tbs=15 t=21.7us
2026-04-24T09:14:42.564836 [SCHED   ] [I] [   490.5] Slot decisions pci=1 t=7us (1 PDSCH, 0 PUSCHs, 0 PUCCHs): DL: ue=0 c-rnti=0x4602 h_id=2 ss_id=1 rb=[0..2) k1=4 newtx=true rv=0 tbs=10 ri=1 dl_bo=0
2026-04-24T09:14:42.564858 [RLC     ] [I] du=0 ue=0 SRB1 DL: TX PDU. dc=data p=1 si=last sn=1 so=20 pdu_len=7 grant_len=8
2026-04-24T09:14:42.564860 [MAC     ] [I] [   490.5] DL PDU: ue=0 rnti=0x4602 size=10: SDU: lcid=1 nof_sdus=1 total_size=9
2026-04-24T09:14:42.564892 [PHY     ] [I] [   490.5] PDCCH: rnti=0x4602 ss_id=1 format=1_0 cce=0 al=4 t=24.0us
2026-04-24T09:14:42.564903 [PHY     ] [I] [   490.5] PDSCH: rnti=0x4602 h_id=2 k1=4 prb=[0, 2) symb=[2, 14) mod=QPSK rv=0 tbs=10 t=28.6us
2026-04-24T09:14:42.569800 [PHY     ] [I] [   490.7] PUCCH: rnti=0x4602 format=1 prb1=2 prb2=na symb=[0, 14) cs=0 occ=0 ack=11 metric=3844.8 sinr=21.6dB t=20.6us
2026-04-24T09:14:42.570342 [PHY     ] [I] [   490.8] PUCCH: rnti=0x4602 format=1 prb1=4 prb2=na symb=[0, 14) cs=0 occ=0 sr=no metric=0.6 sinr=-28.5dB t=29.4us
2026-04-24T09:14:42.570426 [PHY     ] [I] [   490.9] PUCCH: rnti=0x4602 format=2 prb=[44, 45) prb2=na symb=[2, 4) ack=1 csi1=1010 sinr=30.9dB t=24.1us
2026-04-24T09:14:42.590391 [PHY     ] [I] [   492.8] PUCCH: rnti=0x4602 format=1 prb1=4 prb2=na symb=[0, 14) cs=0 occ=0 sr=yes metric=4164.8 sinr=21.9dB t=37.6us
2026-04-24T09:14:42.590586 [PHY     ] [I] [   492.9] PUCCH: rnti=0x4602 format=2 prb=[7, 8) prb2=na symb=[4, 6) csi1=1010 sinr=28.8dB t=42.7us
2026-04-24T09:14:42.593831 [PHY     ] [I] [   493.3] PDCCH: rnti=0x4602 ss_id=1 format=0_0 cce=0 al=4 t=25.6us
2026-04-24T09:14:42.595827 [SCHED   ] [I] [   493.7] Slot decisions pci=1 t=1us (0 PDSCHs, 1 PUSCH, 0 PUCCHs): UL: ue=0 rnti=0x4602 h_id=0 ss_id=1 rb=[8..14) newtx=true rv=0 tbs=544 k2=4
2026-04-24T09:14:42.600017 [PHY     ] [I] [   493.7] PUSCH: rnti=0x4602 h_id=0 prb=[8, 14) symb=[0, 14) mod=64QAM rv=0 tbs=544 crc=OK iter=2.0 sinr=21.3dB t=190.8us uci_t=0.0us ret_t=18.4us
2026-04-24T09:14:42.600052 [MAC     ] [I] [  493.15] UL rnti=0x4602 ue=0 subPDUs: [lcid=1: len=3, lcid=1: len=100, SBSR: lcg=0 bs=0, SE_PHR: ph=[-21..-20)dB p_cmax=[22..23)dBm, PAD: len=431]
2026-04-24T09:14:42.600061 [RLC     ] [I] du=0 ue=0 SRB1 UL: RX status PDU. ack_sn=2 n_nack=0
2026-04-24T09:14:42.600067 [RLC     ] [I] du=0 ue=0 SRB1 UL: RX PDU. pdu_len=100 dc=data p=1 si=full sn=2
2026-04-24T09:14:42.600075 [RLC     ] [I] du=0 ue=0 SRB1 UL: RX SDU. sn=2 sdu_len=98
2026-04-24T09:14:42.600095 [RLC     ] [I] du=0 ue=0 SRB1 DL: Handled status report. t=12us ack_sn=2 n_nack=0
2026-04-24T09:14:42.600102 [DU-F1   ] [I] Tx PDU du=0 ue=0 cu_ue=1 du_ue=1: ULRRCMessageTransfer
2026-04-24T09:14:42.600116 [CU-CP-F1] [I] Rx PDU du=0 ue=1 cu_ue=1 du_ue=1: ULRRCMessageTransfer
2026-04-24T09:14:42.600129 [PDCP    ] [I] ue=1 SRB1 UL: RX PDU. type=data pdu_len=98 sn=2 count=2
2026-04-24T09:14:42.600141 [PDCP    ] [I] ue=1 SRB1 UL: RX SDU. count=2
2026-04-24T09:14:42.600158 [RRC     ] [I] ue=1 c-rnti=0x4602: DCCH UL ulInformationTransfer
2026-04-24T09:14:42.600183 [NGAP    ] [I] Tx PDU ue=1 ran_ue=1 amf_ue=2: UplinkNASTransport
2026-04-24T09:14:42.602280 [SCHED   ] [I] [   494.0] Slot decisions pci=1 t=6us (1 PDSCH, 0 PUSCHs, 0 PUCCHs): DL: ue=0 c-rnti=0x4602 h_id=2 ss_id=1 rb=[20..22) k1=7 newtx=true rv=0 tbs=10 ri=1 dl_bo=0
2026-04-24T09:14:42.602332 [RLC     ] [I] du=0 ue=0 SRB1 DL: TX status PDU. pdu_len=3 grant_len=8
2026-04-24T09:14:42.602338 [MAC     ] [I] [   494.0] DL PDU: ue=0 rnti=0x4602 size=10: SDU: lcid=1 nof_sdus=1 total_size=5
2026-04-24T09:14:42.602396 [PHY     ] [I] [   494.0] PDCCH: rnti=0x4602 ss_id=1 format=1_0 cce=0 al=4 t=36.2us
2026-04-24T09:14:42.602418 [PHY     ] [I] [   494.0] PDSCH: rnti=0x4602 h_id=2 k1=7 prb=[20, 22) symb=[2, 14) mod=QPSK rv=0 tbs=10 t=58.0us
2026-04-24T09:14:42.609864 [PHY     ] [I] [   494.7] PUCCH: rnti=0x4602 format=1 prb1=2 prb2=na symb=[0, 14) cs=0 occ=0 ack=1 metric=3881.4 sinr=21.6dB t=41.8us
2026-04-24T09:14:42.610370 [PHY     ] [I] [   494.8] PUCCH: rnti=0x4602 format=1 prb1=4 prb2=na symb=[0, 14) cs=0 occ=0 sr=no metric=0.5 sinr=-13.4dB t=15.6us
2026-04-24T09:14:42.610574 [PHY     ] [I] [   494.9] PUCCH: rnti=0x4602 format=2 prb=[7, 8) prb2=na symb=[4, 6) csi1=1010 sinr=35.1dB t=45.9us
2026-04-24T09:14:42.630339 [PHY     ] [I] [   496.8] PUCCH: rnti=0x4602 format=1 prb1=4 prb2=na symb=[0, 14) cs=0 occ=0 sr=no metric=0.4 sinr=-14.6dB t=35.1us
2026-04-24T09:14:42.630590 [PHY     ] [I] [   496.9] PUCCH: rnti=0x4602 format=2 prb=[7, 8) prb2=na symb=[4, 6) csi1=1010 sinr=33.1dB t=31.7us
2026-04-24T09:14:42.650323 [PHY     ] [I] [   498.8] PUCCH: rnti=0x4602 format=1 prb1=4 prb2=na symb=[0, 14) cs=0 occ=0 sr=no metric=0.3 sinr=-18.9dB t=31.6us
2026-04-24T09:14:42.650558 [PHY     ] [I] [   498.9] PUCCH: rnti=0x4602 format=2 prb=[7, 8) prb2=na symb=[4, 6) csi1=1010 sinr=30.5dB t=17.0us
2026-04-24T09:14:42.670324 [PHY     ] [I] [   500.8] PUCCH: rnti=0x4602 format=1 prb1=4 prb2=na symb=[0, 14) cs=0 occ=0 sr=no metric=0.7 sinr=-15.3dB t=29.4us
2026-04-24T09:14:42.670577 [PHY     ] [I] [   500.9] PUCCH: rnti=0x4602 format=2 prb=[7, 8) prb2=na symb=[4, 6) csi1=1010 sinr=33.3dB t=23.2us
2026-04-24T09:14:42.690342 [PHY     ] [I] [   502.8] PUCCH: rnti=0x4602 format=1 prb1=4 prb2=na symb=[0, 14) cs=0 occ=0 sr=no metric=0.2 sinr=-22.9dB t=23.1us
2026-04-24T09:14:42.690576 [PHY     ] [I] [   502.9] PUCCH: rnti=0x4602 format=2 prb=[7, 8) prb2=na symb=[4, 6) csi1=1010 sinr=29.7dB t=17.6us
2026-04-24T09:14:42.696030 [NGAP    ] [I] Rx PDU ue=1 ran_ue=1 amf_ue=2: PDUSessionResourceSetupRequest
2026-04-24T09:14:42.696997 [CU-CP-E1] [I] ue=1 cu_cp_ue=0: Created new E1AP UE context
2026-04-24T09:14:42.697594 [CU-CP-E1] [I] Tx PDU ue=1 cu_cp_ue=0: BearerContextSetupRequest
2026-04-24T09:14:42.697611 [CU-UP-E1] [I] Rx PDU cu_cp_ue=0: BearerContextSetupRequest
2026-04-24T09:14:42.697751 [CU-UP   ] [I] ue=0: UE created
2026-04-24T09:14:42.698077 [GTPU    ] [I] ue=0 DL teid=0x000001: GTPU NGU Rx configured. node=ngu local_teid=0x000001 t_reordering=0ms warn_on_drop=false ignore_ue_ambr=true
2026-04-24T09:14:42.698079 [GTPU    ] [I] ue=0 UL teid=0x00352d: GTPU NGU Tx configured. peer_teid=0x00352d peer_addr=172.16.1.2 peer_port=2152
2026-04-24T09:14:42.698243 [GTPU    ] [I] Tunnel added. teid=0x000001
2026-04-24T09:14:42.698259 [SDAP    ] [I] ue=0 psi=5: Mapping QFI=1 DRB1 default_drb=true hdr_ul=absent hdr_dl=absent
2026-04-24T09:14:42.700850 [PDCP    ] [I] ue=0 DRB1 DL: PDCP configured. rb_type=DRB rlc_mode=AM sn_size=18 discard_timer=100 count_notify=3221225472 count_max=4294967294 warn_on_drop=false test_mode=false
2026-04-24T09:14:42.702500 [PDCP    ] [I] ue=0 DRB1 UL: PDCP configured. rb_type=DRB rlc_mode=AM sn_size=18 t_reordering=500 count_notify=3221225472 count_max=4294967294
2026-04-24T09:14:42.702506 [PDCP    ] [I] ue=0 DRB1 DL: Security configured: NIA2 (off) NEA0 (on) domain=UP
2026-04-24T09:14:42.702507 [PDCP    ] [I] ue=0 DRB1 DL: 128 K_int: 
	81 e9 1d f5 19 83 a5 9f 3e 57 ae 93 ed c7 bc 55
2026-04-24T09:14:42.702507 [PDCP    ] [I] ue=0 DRB1 DL: 128 K_enc: 
	b3 63 04 b5 35 5f 8c 7b 7f 46 84 9b 28 e5 7c be
2026-04-24T09:14:42.702510 [PDCP    ] [I] ue=0 DRB1 UL: Security configured: NIA2 (off) NEA0 (on) domain=UP
2026-04-24T09:14:42.702510 [PDCP    ] [I] ue=0 DRB1 UL: 128 K_int: 
	81 e9 1d f5 19 83 a5 9f 3e 57 ae 93 ed c7 bc 55
2026-04-24T09:14:42.702510 [PDCP    ] [I] ue=0 DRB1 UL: 128 K_enc: 
	b3 63 04 b5 35 5f 8c 7b 7f 46 84 9b 28 e5 7c be
2026-04-24T09:14:42.703187 [CU-F1-U ] [I] ue=0 DRB1 ul-teid=0x000001: F1-U bearer configured. warn_on_drop=true dl_t_notif_timer=10ms queue_size=8192 batch_size=256
2026-04-24T09:14:42.703236 [CU-UP-E1] [I] Tx PDU ue=0 cu_cp_ue=0 cu_up_ue=0: BearerContextSetupResponse
2026-04-24T09:14:42.703255 [CU-CP-E1] [I] Rx PDU ue=1 cu_cp_ue=0 cu_up_ue=0: BearerContextSetupResponse
2026-04-24T09:14:42.703631 [CU-CP-F1] [I] Tx PDU du=0 ue=1 cu_ue=1 du_ue=1: UEContextModificationRequest
2026-04-24T09:14:42.703665 [DU-F1   ] [I] Rx PDU du=0 ue=0 cu_ue=1 du_ue=1: UEContextModificationRequest
2026-04-24T09:14:42.703694 [DU-MNG  ] [I] ue=0 rnti=0x4602 proc="UE Configuration": Procedure started....
2026-04-24T09:14:42.703859 [RLC     ] [I] du=0 ue=0 SRB2 DL: RLC AM configured. tx_sn_size=12 pdcp_sn_len=12 t_poll_retx=45 max_retx=8 poll_pdu=-1 poll_byte=-1 queue_size=32 queue_size_bytes=64000 max_window=0
2026-04-24T09:14:42.703944 [RLC     ] [I] du=0 ue=0 SRB2 UL: RLC AM configured. rx_sn_size=12 t_reassembly=35 t_status_prohibit=0 max_sn_per_status={na}
2026-04-24T09:14:42.704209 [DU-F1-U ] [I] ue=0 DRB1 addr=127.0.10.2 dl-teid=0x000001: F1-U bearer configured. t_notify=10 rlc_queue_bytes_limit=6172672 warn_on_drop=true buffer_ul_on_startup=false ul_buffer_size=4096 {Addr=127.0.10.2 TEID=0x000001}
2026-04-24T09:14:42.707502 [RLC     ] [I] du=0 ue=0 DRB1 DL: RLC AM configured. tx_sn_size=18 pdcp_sn_len=18 t_poll_retx=80 max_retx=4 poll_pdu=64 poll_byte=125 queue_size=16384 queue_size_bytes=6172672 max_window=0
2026-04-24T09:14:42.710381 [PHY     ] [I] [   504.8] PUCCH: rnti=0x4602 format=1 prb1=4 prb2=na symb=[0, 14) cs=0 occ=0 sr=no metric=0.2 sinr=-18.1dB t=31.6us
2026-04-24T09:14:42.710568 [PHY     ] [I] [   504.9] PUCCH: rnti=0x4602 format=2 prb=[7, 8) prb2=na symb=[4, 6) csi1=1010 sinr=33.3dB t=23.9us
2026-04-24T09:14:42.711101 [RLC     ] [I] du=0 ue=0 DRB1 UL: RLC AM configured. rx_sn_size=18 t_reassembly=80 t_status_prohibit=10 max_sn_per_status={na}
2026-04-24T09:14:42.711818 [MAC     ] [I] [  504.19] ue=0 crnti=0x4602 proc="Sched UE Config": successfully finished
2026-04-24T09:14:42.711818 [MAC     ] [I] [  504.19] ue=0 crnti=0x4602 proc="MAC UE Reconfiguration": finished successfully
2026-04-24T09:14:42.711822 [DU-MNG  ] [I] ue=0 rnti=0x4602 proc="UE Configuration": Procedure finished successfully.
2026-04-24T09:14:42.711942 [DU-F1   ] [I] Tx PDU du=0 ue=0 cu_ue=1 du_ue=1: UEContextModificationResponse
2026-04-24T09:14:42.711986 [CU-CP-F1] [I] Rx PDU du=0 ue=1 cu_ue=1 du_ue=1: UEContextModificationResponse
2026-04-24T09:14:42.712001 [CU-CP-F1] [I] ue=1 du_ue=1 cu_ue=1 proc="UE Context Modification Procedure": Procedure finished successfully
2026-04-24T09:14:42.712248 [CU-CP-E1] [I] Tx PDU ue=1 cu_cp_ue=0 cu_up_ue=0: BearerContextModificationRequest
2026-04-24T09:14:42.712261 [CU-UP-E1] [I] Rx PDU ue=0 cu_cp_ue=0 cu_up_ue=0: BearerContextModificationRequest
2026-04-24T09:14:42.712326 [CU-UP   ] [I] ue=0: Attaching dl_teid={Addr=127.0.10.2 TEID=0x000001} to F1-U tunnel with ul_teid=0x000001
2026-04-24T09:14:42.712344 [CU-UP   ] [I] ue=0: Modified DRB1. psi=5 f1u_teid=0x000001
2026-04-24T09:14:42.712379 [CU-UP-E1] [I] Tx PDU ue=0 cu_cp_ue=0 cu_up_ue=0: BearerContextModificationResponse
2026-04-24T09:14:42.712389 [CU-CP-E1] [I] Rx PDU ue=1 cu_cp_ue=0 cu_up_ue=0: BearerContextModificationResponse
2026-04-24T09:14:42.712518 [PDCP    ] [I] ue=1 SRB2 DL: PDCP configured. rb_type=SRB rlc_mode=AM sn_size=12 discard_timer=infinity count_notify=3221225472 count_max=4294967294 warn_on_drop=false test_mode=false
2026-04-24T09:14:42.712582 [PDCP    ] [I] ue=1 SRB2 UL: PDCP configured. rb_type=SRB rlc_mode=AM sn_size=12 t_reordering=infinity count_notify=3221225472 count_max=4294967294
2026-04-24T09:14:42.712597 [PDCP    ] [I] ue=1 SRB2 DL: Security configured: NIA2 (on) NEA0 (on) domain=RRC
2026-04-24T09:14:42.712598 [PDCP    ] [I] ue=1 SRB2 DL: 128 K_int: 
	2d 33 33 bf 13 b8 17 68 c6 c4 40 e5 6e f6 85 1e
2026-04-24T09:14:42.712598 [PDCP    ] [I] ue=1 SRB2 DL: 128 K_enc: 
	8e 44 ac 9b 68 34 1a 2c 15 a2 b1 d7 03 e0 57 d3
2026-04-24T09:14:42.712612 [PDCP    ] [I] ue=1 SRB2 UL: Security configured: NIA2 (on) NEA0 (on) domain=RRC
2026-04-24T09:14:42.712613 [PDCP    ] [I] ue=1 SRB2 UL: 128 K_int: 
	2d 33 33 bf 13 b8 17 68 c6 c4 40 e5 6e f6 85 1e
2026-04-24T09:14:42.712613 [PDCP    ] [I] ue=1 SRB2 UL: 128 K_enc: 
	8e 44 ac 9b 68 34 1a 2c 15 a2 b1 d7 03 e0 57 d3
2026-04-24T09:14:42.712640 [RRC     ] [I] ue=1 c-rnti=0x4602: DCCH DL rrcReconfiguration
2026-04-24T09:14:42.712648 [PDCP    ] [I] ue=1 SRB1 DL: TX PDU. type=data pdu_len=185 sn=2 count=2 is_retx=false
2026-04-24T09:14:42.712655 [CU-CP-F1] [I] Tx PDU du=0 ue=1 cu_ue=1 du_ue=1: DLRRCMessageTransfer
2026-04-24T09:14:42.712660 [DU-F1   ] [I] Rx PDU du=0 ue=0 cu_ue=1 du_ue=1: DLRRCMessageTransfer
2026-04-24T09:14:42.712665 [RLC     ] [I] du=0 ue=0 SRB1 DL: TX SDU. sdu_len=185 pdcp_sn=2 is_retx=false queued_sdus=1 queued_bytes=185
2026-04-24T09:14:42.712824 [SCHED   ] [I] [   505.1] Slot decisions pci=1 t=53us (1 PDSCH, 0 PUSCHs, 0 PUCCHs): DL: ue=0 c-rnti=0x4602 h_id=2 ss_id=1 rb=[0..24) k1=6 newtx=true rv=0 tbs=123 ri=1 dl_bo=71
2026-04-24T09:14:42.712854 [RLC     ] [I] du=0 ue=0 SRB1 DL: TX PDU. dc=data p=0 si=first sn=2 pdu_len=121 grant_len=121
2026-04-24T09:14:42.712857 [MAC     ] [I] [   505.1] DL PDU: ue=0 rnti=0x4602 size=123: SDU: lcid=1 nof_sdus=1 total_size=123
2026-04-24T09:14:42.712895 [PHY     ] [I] [   505.1] PDCCH: rnti=0x4602 ss_id=1 format=1_0 cce=0 al=4 t=29.0us
2026-04-24T09:14:42.712935 [PHY     ] [I] [   505.1] PDSCH: rnti=0x4602 h_id=2 k1=6 prb=[0, 24) symb=[2, 14) mod=QPSK rv=0 tbs=123 t=49.3us
2026-04-24T09:14:42.713338 [SCHED   ] [I] [   505.2] Slot decisions pci=1 t=20us (1 PDSCH, 0 PUSCHs, 0 PUCCHs): DL: ue=0 c-rnti=0x4602 h_id=0 ss_id=1 rb=[0..14) k1=5 newtx=true rv=0 tbs=72 ri=1 dl_bo=0
2026-04-24T09:14:42.713359 [RLC     ] [I] du=0 ue=0 SRB1 DL: TX PDU. dc=data p=1 si=last sn=2 so=119 pdu_len=70 grant_len=70
2026-04-24T09:14:42.713361 [MAC     ] [I] [   505.2] DL PDU: ue=0 rnti=0x4602 size=72: SDU: lcid=1 nof_sdus=1 total_size=72
2026-04-24T09:14:42.713392 [PHY     ] [I] [   505.2] PDCCH: rnti=0x4602 ss_id=1 format=1_0 cce=0 al=4 t=22.1us
2026-04-24T09:14:42.713427 [PHY     ] [I] [   505.2] PDSCH: rnti=0x4602 h_id=0 k1=5 prb=[0, 14) symb=[2, 14) mod=QPSK rv=0 tbs=72 t=35.9us
2026-04-24T09:14:42.713776 [SCHED   ] [I] [   505.3] Slot decisions pci=1 t=3us (1 PDSCH, 0 PUSCHs, 0 PUCCHs): DL: ue=0 c-rnti=0x4602 h_id=1 ss_id=1 rb=[0..2) k1=4 newtx=true rv=0 tbs=10 ri=1 dl_bo=0
2026-04-24T09:14:42.713785 [MAC     ] [I] [   505.3] ue=0 rnti=0x4602 lcid=1: Skipping MAC SDU encoding. Cause: RLC could not encode any SDU
2026-04-24T09:14:42.713785 [MAC     ] [I] [   505.3] DL PDU: ue=0 rnti=0x4602 size=10: 
2026-04-24T09:14:42.713805 [PHY     ] [I] [   505.3] PDCCH: rnti=0x4602 ss_id=1 format=1_0 cce=0 al=4 t=16.7us
2026-04-24T09:14:42.713830 [PHY     ] [I] [   505.3] PDSCH: rnti=0x4602 h_id=1 k1=4 prb=[0, 2) symb=[2, 14) mod=QPSK rv=0 tbs=10 t=20.0us
2026-04-24T09:14:42.719449 [PHY     ] [I] [   505.7] PUCCH: rnti=0x4602 format=2 prb=[44, 45) prb2=na symb=[2, 4) ack=111 sinr=34.2dB t=24.1us
2026-04-24T09:14:42.730338 [PHY     ] [I] [   506.8] PUCCH: rnti=0x4602 format=1 prb1=4 prb2=na symb=[0, 14) cs=0 occ=0 sr=yes metric=3766.1 sinr=21.5dB t=21.6us
2026-04-24T09:14:42.730563 [PHY     ] [I] [   506.9] PUCCH: rnti=0x4602 format=2 prb=[7, 8) prb2=na symb=[4, 6) csi1=1001 sinr=32.4dB t=19.4us
2026-04-24T09:14:42.733810 [PHY     ] [I] [   507.3] PDCCH: rnti=0x4602 ss_id=1 format=0_0 cce=0 al=4 t=23.0us
2026-04-24T09:14:42.735787 [SCHED   ] [I] [   507.7] Slot decisions pci=1 t=2us (0 PDSCHs, 1 PUSCH, 0 PUCCHs): UL: ue=0 rnti=0x4602 h_id=0 ss_id=1 rb=[8..14) newtx=true rv=0 tbs=544 k2=4
2026-04-24T09:14:42.739876 [PHY     ] [I] [   507.7] PUSCH: rnti=0x4602 h_id=0 prb=[8, 14) symb=[0, 14) mod=64QAM rv=0 tbs=544 crc=OK iter=2.0 sinr=24.0dB t=94.4us uci_t=0.0us ret_t=7.0us
2026-04-24T09:14:42.739889 [MAC     ] [I] [  507.15] UL rnti=0x4602 ue=0 subPDUs: [lcid=1: len=3, lcid=1: len=10, SBSR: lcg=0 bs=0, SE_PHR: ph=[-21..-20)dB p_cmax=[22..23)dBm, PAD: len=521]
2026-04-24T09:14:42.739898 [RLC     ] [I] du=0 ue=0 SRB1 UL: RX status PDU. ack_sn=3 n_nack=0
2026-04-24T09:14:42.739901 [RLC     ] [I] du=0 ue=0 SRB1 UL: RX PDU. pdu_len=10 dc=data p=1 si=full sn=3
2026-04-24T09:14:42.739904 [RLC     ] [I] du=0 ue=0 SRB1 UL: RX SDU. sn=3 sdu_len=8
2026-04-24T09:14:42.739915 [RLC     ] [I] du=0 ue=0 SRB1 DL: Handled status report. t=3us ack_sn=3 n_nack=0
2026-04-24T09:14:42.739920 [DU-F1   ] [I] Tx PDU du=0 ue=0 cu_ue=1 du_ue=1: ULRRCMessageTransfer
2026-04-24T09:14:42.739928 [CU-CP-F1] [I] Rx PDU du=0 ue=1 cu_ue=1 du_ue=1: ULRRCMessageTransfer
2026-04-24T09:14:42.739934 [PDCP    ] [I] ue=1 SRB1 UL: RX PDU. type=data pdu_len=8 sn=3 count=3
2026-04-24T09:14:42.739939 [PDCP    ] [I] ue=1 SRB1 UL: RX SDU. count=3
2026-04-24T09:14:42.739949 [RRC     ] [I] ue=1 c-rnti=0x4602: DCCH UL rrcReconfigurationComplete
2026-04-24T09:14:42.739988 [NGAP    ] [I] Tx PDU ue=1 ran_ue=1 amf_ue=2: PDUSessionResourceSetupResponse
2026-04-24T09:14:42.740338 [SCHED   ] [I] [  507.16] Slot decisions pci=1 t=30us (1 PDSCH, 0 PUSCHs, 0 PUCCHs): DL: ue=0 c-rnti=0x4602 h_id=1 ss_id=2 rb=[0..2) k1=11 newtx=true rv=0 tbs=54 ri=1 dl_bo=0
2026-04-24T09:14:42.740354 [RLC     ] [I] du=0 ue=0 SRB1 DL: TX status PDU. pdu_len=3 grant_len=4
2026-04-24T09:14:42.740356 [MAC     ] [I] [  507.16] DL PDU: ue=0 rnti=0x4602 size=54: TA_CMD: tag_id=0, ta_cmd=30, SDU: lcid=1 nof_sdus=1 total_size=5
2026-04-24T09:14:42.740368 [PHY     ] [I] [  507.16] PDCCH: rnti=0x4602 ss_id=2 format=1_1 cce=10 al=2 t=10.9us
2026-04-24T09:14:42.740382 [PHY     ] [I] [  507.16] PDSCH: rnti=0x4602 h_id=1 k1=11 prb=[0, 2) symb=[2, 8) mod=64QAM rv=0 tbs=54 t=19.4us
2026-04-24T09:14:42.748292 [SCHED   ] [I] [  508.12] Slot decisions pci=1 t=23us (1 PDSCH, 0 PUSCHs, 0 PUCCHs): DL: ue=0 c-rnti=0x4602 h_id=0 ss_id=2 rb=[0..2) k1=5 newtx=true rv=0 tbs=116 ri=1 dl_bo=0
2026-04-24T09:14:42.748308 [MAC     ] [I] [  508.12] DL PDU: ue=0 rnti=0x4602 size=116: TA_CMD: tag_id=0, ta_cmd=30
2026-04-24T09:14:42.748327 [PHY     ] [I] [  508.12] PDCCH: rnti=0x4602 ss_id=2 format=1_1 cce=10 al=2 t=16.5us
2026-04-24T09:14:42.748338 [PHY     ] [I] [  508.12] PDSCH: rnti=0x4602 h_id=0 k1=5 prb=[0, 2) symb=[2, 14) mod=64QAM rv=0 tbs=116 t=23.0us
2026-04-24T09:14:42.749868 [PHY     ] [I] [   508.7] PUCCH: rnti=0x4602 format=1 prb1=2 prb2=na symb=[0, 14) cs=0 occ=0 ack=0 metric=3773.8 sinr=21.5dB t=38.8us
2026-04-24T09:14:42.750342 [SCHED   ] [I] [  508.16] Slot decisions pci=1 t=22us (1 PDSCH, 0 PUSCHs, 0 PUCCHs): DL: ue=0 c-rnti=0x4602 h_id=1 ss_id=2 rb=[0..2) k1=11 newtx=false rv=2 tbs=54
2026-04-24T09:14:42.750378 [PHY     ] [I] [   508.8] PUCCH: rnti=0x4602 format=1 prb1=4 prb2=na symb=[0, 14) cs=0 occ=0 sr=no metric=0.3 sinr=-20.0dB t=28.1us
2026-04-24T09:14:42.750379 [PHY     ] [I] [  508.16] PDCCH: rnti=0x4602 ss_id=2 format=1_1 cce=10 al=2 t=14.3us
2026-04-24T09:14:42.750403 [PHY     ] [I] [  508.16] PDSCH: rnti=0x4602 h_id=1 k1=11 prb=[0, 2) symb=[2, 8) mod=64QAM rv=2 tbs=54 t=21.1us
2026-04-24T09:14:42.750525 [PHY     ] [I] [   508.9] PUCCH: rnti=0x4602 format=2 prb=[7, 8) prb2=na symb=[4, 6) csi1=1001 sinr=33.3dB t=23.1us
2026-04-24T09:14:42.754882 [PHY     ] [I] [  508.17] PUCCH: rnti=0x4602 format=1 prb1=2 prb2=na symb=[0, 14) cs=0 occ=0 ack=0 metric=3723.5 sinr=21.4dB t=26.3us
2026-04-24T09:14:42.757322 [SCHED   ] [I] [  509.10] Slot decisions pci=1 t=8us (1 PDSCH, 0 PUSCHs, 0 PUCCHs): DL: ue=0 c-rnti=0x4602 h_id=0 ss_id=2 rb=[0..2) k1=7 newtx=false rv=2 tbs=116
2026-04-24T09:14:42.757347 [PHY     ] [I] [  509.10] PDCCH: rnti=0x4602 ss_id=2 format=1_1 cce=10 al=2 t=11.0us
2026-04-24T09:14:42.757367 [PHY     ] [I] [  509.10] PDSCH: rnti=0x4602 h_id=0 k1=7 prb=[0, 2) symb=[2, 14) mod=64QAM rv=2 tbs=116 t=17.5us
2026-04-24T09:14:42.759805 [PHY     ] [I] [   509.7] PUCCH: rnti=0x4602 format=1 prb1=2 prb2=na symb=[0, 14) cs=0 occ=0 ack=1 metric=2797.3 sinr=20.2dB t=13.9us
2026-04-24T09:14:42.764800 [PHY     ] [I] [  509.17] PUCCH: rnti=0x4602 format=1 prb1=2 prb2=na symb=[0, 14) cs=0 occ=0 ack=1 metric=370.0 sinr=11.4dB t=12.0us
2026-04-24T09:14:42.770368 [PHY     ] [I] [   510.8] PUCCH: rnti=0x4602 format=1 prb1=4 prb2=na symb=[0, 14) cs=0 occ=0 sr=no metric=0.1 sinr=-27.7dB t=12.0us
2026-04-24T09:14:42.770531 [PHY     ] [I] [   510.9] PUCCH: rnti=0x4602 format=2 prb=[7, 8) prb2=na symb=[4, 6) csi1=1001 sinr=29.6dB t=12.5us
2026-04-24T09:14:42.790319 [PHY     ] [I] [   512.8] PUCCH: rnti=0x4602 format=1 prb1=4 prb2=na symb=[0, 14) cs=0 occ=0 sr=no metric=0.1 sinr=-26.1dB t=24.8us
2026-04-24T09:14:42.790542 [PHY     ] [I] [   512.9] PUCCH: rnti=0x4602 format=2 prb=[7, 8) prb2=na symb=[4, 6) csi1=1001 sinr=28.9dB t=9.2us
2026-04-24T09:14:42.810296 [PHY     ] [I] [   514.8] PUCCH: rnti=0x4602 format=1 prb1=4 prb2=na symb=[0, 14) cs=0 occ=0 sr=no metric=0.4 sinr=-14.6dB t=13.5us
2026-04-24T09:14:42.810564 [PHY     ] [I] [   514.9] PUCCH: rnti=0x4602 format=2 prb=[7, 8) prb2=na symb=[4, 6) csi1=1001 sinr=27.5dB t=20.3us
2026-04-24T09:14:42.829321 [SCHED   ] [I] [  516.14] Slot decisions pci=1 t=24us (1 PDSCH, 0 PUSCHs, 0 PUCCHs): DL: ue=0 c-rnti=0x4602 h_id=0 ss_id=2 rb=[0..2) k1=4 newtx=true rv=0 tbs=116 ri=1 dl_bo=0
2026-04-24T09:14:42.829333 [MAC     ] [I] [  516.14] DL PDU: ue=0 rnti=0x4602 size=116: TA_CMD: tag_id=0, ta_cmd=32
2026-04-24T09:14:42.829349 [PHY     ] [I] [  516.14] PDCCH: rnti=0x4602 ss_id=2 format=1_1 cce=14 al=2 t=12.4us
2026-04-24T09:14:42.829369 [PHY     ] [I] [  516.14] PDSCH: rnti=0x4602 h_id=0 k1=4 prb=[0, 2) symb=[2, 14) mod=64QAM rv=0 tbs=116 t=18.0us
2026-04-24T09:14:42.830297 [PHY     ] [I] [   516.8] PUCCH: rnti=0x4602 format=1 prb1=4 prb2=na symb=[0, 14) cs=0 occ=0 sr=no metric=0.1 sinr=-25.6dB t=14.4us
2026-04-24T09:14:42.830573 [PHY     ] [I] [   516.9] PUCCH: rnti=0x4602 format=2 prb=[7, 8) prb2=na symb=[4, 6) csi1=1001 sinr=27.4dB t=10.5us
2026-04-24T09:14:42.835334 [PHY     ] [I] [  516.18] PUCCH: rnti=0x4602 format=1 prb1=2 prb2=na symb=[0, 14) cs=0 occ=0 ack=0 metric=353.9 sinr=11.2dB t=12.1us
2026-04-24T09:14:42.837294 [SCHED   ] [I] [  517.10] Slot decisions pci=1 t=10us (1 PDSCH, 0 PUSCHs, 0 PUCCHs): DL: ue=0 c-rnti=0x4602 h_id=0 ss_id=2 rb=[0..2) k1=7 newtx=false rv=2 tbs=116
2026-04-24T09:14:42.837322 [PHY     ] [I] [  517.10] PDCCH: rnti=0x4602 ss_id=2 format=1_1 cce=10 al=2 t=11.6us
2026-04-24T09:14:42.837348 [PHY     ] [I] [  517.10] PDSCH: rnti=0x4602 h_id=0 k1=7 prb=[0, 2) symb=[2, 14) mod=64QAM rv=2 tbs=116 t=18.3us
2026-04-24T09:14:42.844828 [PHY     ] [I] [  517.17] PUCCH: rnti=0x4602 format=1 prb1=2 prb2=na symb=[0, 14) cs=0 occ=0 ack=1 metric=2240.1 sinr=19.3dB t=14.6us
2026-04-24T09:14:42.850323 [PHY     ] [I] [   518.8] PUCCH: rnti=0x4602 format=1 prb1=4 prb2=na symb=[0, 14) cs=0 occ=0 sr=no metric=0.7 sinr=-13.7dB t=22.0us
2026-04-24T09:14:42.850601 [PHY     ] [I] [   518.9] PUCCH: rnti=0x4602 format=2 prb=[7, 8) prb2=na symb=[4, 6) csi1=1000 sinr=31.0dB t=10.3us
2026-04-24T09:14:42.870343 [PHY     ] [I] [   520.8] PUCCH: rnti=0x4602 format=1 prb1=4 prb2=na symb=[0, 14) cs=0 occ=0 sr=no metric=0.0 sinr=-30.6dB t=17.3us
2026-04-24T09:14:42.870513 [PHY     ] [I] [   520.9] PUCCH: rnti=0x4602 format=2 prb=[7, 8) prb2=na symb=[4, 6) csi1=1000 sinr=33.1dB t=14.2us
2026-04-24T09:14:42.890326 [PHY     ] [I] [   522.8] PUCCH: rnti=0x4602 format=1 prb1=4 prb2=na symb=[0, 14) cs=0 occ=0 sr=no metric=0.1 sinr=-47.7dB t=18.2us
2026-04-24T09:14:42.890535 [PHY     ] [I] [   522.9] PUCCH: rnti=0x4602 format=2 prb=[7, 8) prb2=na symb=[4, 6) csi1=1000 sinr=34.3dB t=24.4us
2026-04-24T09:14:42.910348 [PHY     ] [I] [   524.8] PUCCH: rnti=0x4602 format=1 prb1=4 prb2=na symb=[0, 14) cs=0 occ=0 sr=no metric=0.0 sinr=-27.5dB t=26.6us
2026-04-24T09:14:42.910522 [PHY     ] [I] [   524.9] PUCCH: rnti=0x4602 format=2 prb=[7, 8) prb2=na symb=[4, 6) csi1=1000 sinr=30.2dB t=12.2us
2026-04-24T09:14:42.930344 [PHY     ] [I] [   526.8] PUCCH: rnti=0x4602 format=1 prb1=4 prb2=na symb=[0, 14) cs=0 occ=0 sr=no metric=0.1 sinr=-19.6dB t=15.1us
2026-04-24T09:14:42.930529 [PHY     ] [I] [   526.9] PUCCH: rnti=0x4602 format=2 prb=[7, 8) prb2=na symb=[4, 6) csi1=2222 sinr=-7.0dB t=10.6us
2026-04-24T09:14:42.950379 [PHY     ] [I] [   528.8] PUCCH: rnti=0x4602 format=1 prb1=4 prb2=na symb=[0, 14) cs=0 occ=0 sr=no metric=0.2 sinr=-22.1dB t=23.0us
2026-04-24T09:14:42.950551 [PHY     ] [I] [   528.9] PUCCH: rnti=0x4602 format=2 prb=[7, 8) prb2=na symb=[4, 6) csi1=2222 sinr=-8.9dB t=8.8us
2026-04-24T09:14:42.970300 [PHY     ] [I] [   530.8] PUCCH: rnti=0x4602 format=1 prb1=4 prb2=na symb=[0, 14) cs=0 occ=0 sr=no metric=0.3 sinr=-18.9dB t=22.7us
2026-04-24T09:14:42.970556 [PHY     ] [I] [   530.9] PUCCH: rnti=0x4602 format=2 prb=[7, 8) prb2=na symb=[4, 6) csi1=2222 sinr=-5.5dB t=21.4us
2026-04-24T09:14:42.990320 [PHY     ] [I] [   532.8] PUCCH: rnti=0x4602 format=1 prb1=4 prb2=na symb=[0, 14) cs=0 occ=0 sr=no metric=0.5 sinr=-15.3dB t=23.0us
2026-04-24T09:14:42.990557 [PHY     ] [I] [   532.9] PUCCH: rnti=0x4602 format=2 prb=[7, 8) prb2=na symb=[4, 6) csi1=2222 sinr=-10.0dB t=13.9us
2026-04-24T09:14:43.010330 [PHY     ] [I] [   534.8] PUCCH: rnti=0x4602 format=1 prb1=4 prb2=na symb=[0, 14) cs=0 occ=0 sr=no metric=0.4 sinr=-22.0dB t=16.4us
2026-04-24T09:14:43.010559 [PHY     ] [I] [   534.9] PUCCH: rnti=0x4602 format=2 prb=[7, 8) prb2=na symb=[4, 6) csi1=2222 sinr=-1.7dB t=15.1us
2026-04-24T09:14:43.030324 [PHY     ] [I] [   536.8] PUCCH: rnti=0x4602 format=1 prb1=4 prb2=na symb=[0, 14) cs=0 occ=0 sr=no metric=0.2 sinr=-15.9dB t=13.8us
2026-04-24T09:14:43.030591 [PHY     ] [I] [   536.9] PUCCH: rnti=0x4602 format=2 prb=[7, 8) prb2=na symb=[4, 6) csi1=2222 sinr=-7.2dB t=14.6us
2026-04-24T09:14:43.050350 [PHY     ] [I] [   538.8] PUCCH: rnti=0x4602 format=1 prb1=4 prb2=na symb=[0, 14) cs=0 occ=0 sr=no metric=0.3 sinr=-24.5dB t=26.1us
2026-04-24T09:14:43.050539 [PHY     ] [I] [   538.9] PUCCH: rnti=0x4602 format=2 prb=[7, 8) prb2=na symb=[4, 6) csi1=2222 sinr=-4.4dB t=23.4us
2026-04-24T09:14:43.070331 [PHY     ] [I] [   540.8] PUCCH: rnti=0x4602 format=1 prb1=4 prb2=na symb=[0, 14) cs=0 occ=0 sr=no metric=0.1 sinr=-18.6dB t=17.1us
2026-04-24T09:14:43.070585 [PHY     ] [I] [   540.9] PUCCH: rnti=0x4602 format=2 prb=[7, 8) prb2=na symb=[4, 6) csi1=2222 sinr=-5.4dB t=16.6us
2026-04-24T09:14:43.090358 [PHY     ] [I] [   542.8] PUCCH: rnti=0x4602 format=1 prb1=4 prb2=na symb=[0, 14) cs=0 occ=0 sr=no metric=0.3 sinr=-15.6dB t=26.2us
2026-04-24T09:14:43.090530 [PHY     ] [I] [   542.9] PUCCH: rnti=0x4602 format=2 prb=[7, 8) prb2=na symb=[4, 6) csi1=2222 sinr=-16.5dB t=13.4us
2026-04-24T09:14:43.110366 [PHY     ] [I] [   544.8] PUCCH: rnti=0x4602 format=1 prb1=4 prb2=na symb=[0, 14) cs=0 occ=0 sr=no metric=0.6 sinr=-12.2dB t=14.0us
2026-04-24T09:14:43.110522 [PHY     ] [I] [   544.9] PUCCH: rnti=0x4602 format=2 prb=[7, 8) prb2=na symb=[4, 6) csi1=2222 sinr=-2.7dB t=9.1us
2026-04-24T09:14:43.130298 [PHY     ] [I] [   546.8] PUCCH: rnti=0x4602 format=1 prb1=4 prb2=na symb=[0, 14) cs=0 occ=0 sr=no metric=0.1 sinr=-32.7dB t=14.6us
2026-04-24T09:14:43.130555 [PHY     ] [I] [   546.9] PUCCH: rnti=0x4602 format=2 prb=[7, 8) prb2=na symb=[4, 6) csi1=2222 sinr=-5.4dB t=8.4us
2026-04-24T09:14:43.150302 [PHY     ] [I] [   548.8] PUCCH: rnti=0x4602 format=1 prb1=4 prb2=na symb=[0, 14) cs=0 occ=0 sr=no metric=0.3 sinr=-14.9dB t=17.6us
2026-04-24T09:14:43.150554 [PHY     ] [I] [   548.9] PUCCH: rnti=0x4602 format=2 prb=[7, 8) prb2=na symb=[4, 6) csi1=2222 sinr=-8.3dB t=8.8us
2026-04-24T09:14:43.170294 [PHY     ] [I] [   550.8] PUCCH: rnti=0x4602 format=1 prb1=4 prb2=na symb=[0, 14) cs=0 occ=0 sr=no metric=0.2 sinr=-25.4dB t=12.5us
2026-04-24T09:14:43.170553 [PHY     ] [I] [   550.9] PUCCH: rnti=0x4602 format=2 prb=[7, 8) prb2=na symb=[4, 6) csi1=2222 sinr=-3.5dB t=15.6us
2026-04-24T09:14:43.190311 [PHY     ] [I] [   552.8] PUCCH: rnti=0x4602 format=1 prb1=4 prb2=na symb=[0, 14) cs=0 occ=0 sr=no metric=0.1 sinr=-22.6dB t=13.0us
2026-04-24T09:14:43.190590 [PHY     ] [I] [   552.9] PUCCH: rnti=0x4602 format=2 prb=[7, 8) prb2=na symb=[4, 6) csi1=2222 sinr=-5.0dB t=11.4us
2026-04-24T09:14:43.210362 [PHY     ] [I] [   554.8] PUCCH: rnti=0x4602 format=1 prb1=4 prb2=na symb=[0, 14) cs=0 occ=0 sr=no metric=0.5 sinr=-17.9dB t=14.5us
2026-04-24T09:14:43.210563 [PHY     ] [I] [   554.9] PUCCH: rnti=0x4602 format=2 prb=[7, 8) prb2=na symb=[4, 6) csi1=2222 sinr=-10.9dB t=7.7us
2026-04-24T09:14:43.230327 [PHY     ] [I] [   556.8] PUCCH: rnti=0x4602 format=1 prb1=4 prb2=na symb=[0, 14) cs=0 occ=0 sr=no metric=0.1 sinr=-26.3dB t=13.3us
2026-04-24T09:14:43.230524 [PHY     ] [I] [   556.9] PUCCH: rnti=0x4602 format=2 prb=[7, 8) prb2=na symb=[4, 6) csi1=2222 sinr=-3.5dB t=9.7us
2026-04-24T09:14:43.250341 [PHY     ] [I] [   558.8] PUCCH: rnti=0x4602 format=1 prb1=4 prb2=na symb=[0, 14) cs=0 occ=0 sr=no metric=0.3 sinr=-16.0dB t=17.9us
2026-04-24T09:14:43.250555 [PHY     ] [I] [   558.9] PUCCH: rnti=0x4602 format=2 prb=[7, 8) prb2=na symb=[4, 6) csi1=2222 sinr=2.1dB t=9.3us
2026-04-24T09:14:43.270345 [PHY     ] [I] [   560.8] PUCCH: rnti=0x4602 format=1 prb1=4 prb2=na symb=[0, 14) cs=0 occ=0 sr=no metric=0.9 sinr=-14.0dB t=13.5us
2026-04-24T09:14:43.270549 [PHY     ] [I] [   560.9] PUCCH: rnti=0x4602 format=2 prb=[7, 8) prb2=na symb=[4, 6) csi1=2222 sinr=-6.6dB t=9.3us
2026-04-24T09:14:43.290410 [PHY     ] [I] [   562.8] PUCCH: rnti=0x4602 format=1 prb1=4 prb2=na symb=[0, 14) cs=0 occ=0 sr=no metric=0.0 sinr=-24.5dB t=13.1us
2026-04-24T09:14:43.290567 [PHY     ] [I] [   562.9] PUCCH: rnti=0x4602 format=2 prb=[7, 8) prb2=na symb=[4, 6) csi1=2222 sinr=-1.3dB t=12.8us
2026-04-24T09:14:43.310293 [PHY     ] [I] [   564.8] PUCCH: rnti=0x4602 format=1 prb1=4 prb2=na symb=[0, 14) cs=0 occ=0 sr=no metric=0.1 sinr=-29.0dB t=12.8us
2026-04-24T09:14:43.310567 [PHY     ] [I] [   564.9] PUCCH: rnti=0x4602 format=2 prb=[7, 8) prb2=na symb=[4, 6) csi1=2222 sinr=-2.7dB t=8.3us
2026-04-24T09:14:43.330342 [PHY     ] [I] [   566.8] PUCCH: rnti=0x4602 format=1 prb1=4 prb2=na symb=[0, 14) cs=0 occ=0 sr=no metric=0.3 sinr=-25.4dB t=31.8us
2026-04-24T09:14:43.330584 [PHY     ] [I] [   566.9] PUCCH: rnti=0x4602 format=2 prb=[7, 8) prb2=na symb=[4, 6) csi1=2222 sinr=-3.6dB t=26.2us
2026-04-24T09:14:43.350342 [PHY     ] [I] [   568.8] PUCCH: rnti=0x4602 format=1 prb1=4 prb2=na symb=[0, 14) cs=0 occ=0 sr=no metric=0.1 sinr=-28.5dB t=15.6us
2026-04-24T09:14:43.350568 [PHY     ] [I] [   568.9] PUCCH: rnti=0x4602 format=2 prb=[7, 8) prb2=na symb=[4, 6) csi1=2222 sinr=-8.8dB t=20.7us
2026-04-24T09:14:43.370322 [PHY     ] [I] [   570.8] PUCCH: rnti=0x4602 format=1 prb1=4 prb2=na symb=[0, 14) cs=0 occ=0 sr=no metric=0.4 sinr=-17.6dB t=16.2us
2026-04-24T09:14:43.370598 [PHY     ] [I] [   570.9] PUCCH: rnti=0x4602 format=2 prb=[7, 8) prb2=na symb=[4, 6) csi1=2222 sinr=-9.3dB t=11.3us
2026-04-24T09:14:43.390317 [PHY     ] [I] [   572.8] PUCCH: rnti=0x4602 format=1 prb1=4 prb2=na symb=[0, 14) cs=0 occ=0 sr=no metric=0.6 sinr=-17.6dB t=12.7us
2026-04-24T09:14:43.390576 [PHY     ] [I] [   572.9] PUCCH: rnti=0x4602 format=2 prb=[7, 8) prb2=na symb=[4, 6) csi1=2222 sinr=-5.5dB t=11.6us
2026-04-24T09:14:43.410338 [PHY     ] [I] [   574.8] PUCCH: rnti=0x4602 format=1 prb1=4 prb2=na symb=[0, 14) cs=0 occ=0 sr=no metric=0.0 sinr=-28.7dB t=17.2us
2026-04-24T09:14:43.410553 [PHY     ] [I] [   574.9] PUCCH: rnti=0x4602 format=2 prb=[7, 8) prb2=na symb=[4, 6) csi1=2222 sinr=-7.8dB t=9.5us
2026-04-24T09:14:43.430357 [PHY     ] [I] [   576.8] PUCCH: rnti=0x4602 format=1 prb1=4 prb2=na symb=[0, 14) cs=0 occ=0 sr=no metric=0.0 sinr=-25.2dB t=19.1us
2026-04-24T09:14:43.430535 [PHY     ] [I] [   576.9] PUCCH: rnti=0x4602 format=2 prb=[7, 8) prb2=na symb=[4, 6) csi1=2222 sinr=2.3dB t=9.0us
2026-04-24T09:14:43.437338 [SCHED   ] [I] [  577.10] Slot decisions pci=1 t=19us (1 PDSCH, 0 PUSCHs, 0 PUCCHs): DL: ue=0 c-rnti=0x4602 h_id=0 ss_id=2 rb=[0..2) k1=7 newtx=true rv=0 tbs=96 ri=1 dl_bo=0
2026-04-24T09:14:43.437352 [MAC     ] [I] [  577.10] DL PDU: ue=0 rnti=0x4602 size=96: TA_CMD: tag_id=0, ta_cmd=33
2026-04-24T09:14:43.437370 [PHY     ] [I] [  577.10] PDCCH: rnti=0x4602 ss_id=2 format=1_1 cce=10 al=2 t=12.1us
2026-04-24T09:14:43.437387 [PHY     ] [I] [  577.10] PDSCH: rnti=0x4602 h_id=0 k1=7 prb=[0, 2) symb=[2, 14) mod=64QAM rv=0 tbs=96 t=17.6us
2026-04-24T09:14:43.444805 [PHY     ] [I] [  577.17] PUCCH: rnti=0x4602 format=1 prb1=2 prb2=na symb=[0, 14) cs=0 occ=0 ack=2 metric=0.2 sinr=-20.8dB t=12.6us
2026-04-24T09:14:43.447331 [SCHED   ] [I] [  578.10] Slot decisions pci=1 t=8us (1 PDSCH, 0 PUSCHs, 0 PUCCHs): DL: ue=0 c-rnti=0x4602 h_id=0 ss_id=2 rb=[0..2) k1=7 newtx=false rv=2 tbs=96
2026-04-24T09:14:43.447357 [PHY     ] [I] [  578.10] PDCCH: rnti=0x4602 ss_id=2 format=1_1 cce=10 al=2 t=12.3us
2026-04-24T09:14:43.447389 [PHY     ] [I] [  578.10] PDSCH: rnti=0x4602 h_id=0 k1=7 prb=[0, 2) symb=[2, 14) mod=64QAM rv=2 tbs=96 t=23.5us
2026-04-24T09:14:43.450407 [PHY     ] [I] [   578.8] PUCCH: rnti=0x4602 format=1 prb1=4 prb2=na symb=[0, 14) cs=0 occ=0 sr=no metric=0.2 sinr=-19.6dB t=24.4us
2026-04-24T09:14:43.450577 [PHY     ] [I] [   578.9] PUCCH: rnti=0x4602 format=2 prb=[7, 8) prb2=na symb=[4, 6) csi1=2222 sinr=-2.4dB t=8.6us
2026-04-24T09:14:43.454797 [PHY     ] [I] [  578.17] PUCCH: rnti=0x4602 format=1 prb1=2 prb2=na symb=[0, 14) cs=0 occ=0 ack=2 metric=0.1 sinr=-26.1dB t=14.1us
2026-04-24T09:14:43.457368 [SCHED   ] [I] [  579.10] Slot decisions pci=1 t=10us (1 PDSCH, 0 PUSCHs, 0 PUCCHs): DL: ue=0 c-rnti=0x4602 h_id=0 ss_id=2 rb=[0..2) k1=7 newtx=false rv=3 tbs=96
2026-04-24T09:14:43.457391 [PHY     ] [I] [  579.10] PDCCH: rnti=0x4602 ss_id=2 format=1_1 cce=10 al=2 t=11.1us
2026-04-24T09:14:43.457409 [PHY     ] [I] [  579.10] PDSCH: rnti=0x4602 h_id=0 k1=7 prb=[0, 2) symb=[2, 14) mod=64QAM rv=3 tbs=96 t=15.3us
2026-04-24T09:14:43.464805 [PHY     ] [I] [  579.17] PUCCH: rnti=0x4602 format=1 prb1=2 prb2=na symb=[0, 14) cs=0 occ=0 ack=2 metric=0.2 sinr=-28.3dB t=13.9us
2026-04-24T09:14:43.467257 [SCHED   ] [I] [  580.10] Slot decisions pci=1 t=6us (1 PDSCH, 0 PUSCHs, 0 PUCCHs): DL: ue=0 c-rnti=0x4602 h_id=0 ss_id=2 rb=[0..2) k1=7 newtx=false rv=1 tbs=96
2026-04-24T09:14:43.467279 [PHY     ] [I] [  580.10] PDCCH: rnti=0x4602 ss_id=2 format=1_1 cce=10 al=2 t=10.1us
2026-04-24T09:14:43.467298 [PHY     ] [I] [  580.10] PDSCH: rnti=0x4602 h_id=0 k1=7 prb=[0, 2) symb=[2, 14) mod=64QAM rv=1 tbs=96 t=17.7us
2026-04-24T09:14:43.470324 [PHY     ] [I] [   580.8] PUCCH: rnti=0x4602 format=1 prb1=4 prb2=na symb=[0, 14) cs=0 occ=0 sr=no metric=0.3 sinr=-14.8dB t=13.0us
2026-04-24T09:14:43.470563 [PHY     ] [I] [   580.9] PUCCH: rnti=0x4602 format=2 prb=[7, 8) prb2=na symb=[4, 6) csi1=2222 sinr=-3.0dB t=12.8us
2026-04-24T09:14:43.474806 [PHY     ] [I] [  580.17] PUCCH: rnti=0x4602 format=1 prb1=2 prb2=na symb=[0, 14) cs=0 occ=0 ack=2 metric=0.3 sinr=-19.5dB t=14.6us
2026-04-24T09:14:43.477245 [SCHED   ] [I] [  581.10] Slot decisions pci=1 t=6us (1 PDSCH, 0 PUSCHs, 0 PUCCHs): DL: ue=0 c-rnti=0x4602 h_id=0 ss_id=2 rb=[0..2) k1=7 newtx=false rv=0 tbs=96
2026-04-24T09:14:43.477264 [PHY     ] [I] [  581.10] PDCCH: rnti=0x4602 ss_id=2 format=1_1 cce=10 al=2 t=9.3us
2026-04-24T09:14:43.477279 [PHY     ] [I] [  581.10] PDSCH: rnti=0x4602 h_id=0 k1=7 prb=[0, 2) symb=[2, 14) mod=64QAM rv=0 tbs=96 t=12.8us
2026-04-24T09:14:43.484798 [PHY     ] [I] [  581.17] PUCCH: rnti=0x4602 format=1 prb1=2 prb2=na symb=[0, 14) cs=0 occ=0 ack=2 metric=0.3 sinr=-19.1dB t=13.2us
2026-04-24T09:14:43.485327 [SCHED   ] [I] [   582.6] rnti=0x4602 h_id=0: Discarding DL HARQ process TB with tbs=96. Cause: Maximum number of reTxs 4 exceeded
2026-04-24T09:14:43.490284 [PHY     ] [I] [   582.8] PUCCH: rnti=0x4602 format=1 prb1=4 prb2=na symb=[0, 14) cs=0 occ=0 sr=no metric=0.3 sinr=-23.6dB t=12.2us
2026-04-24T09:14:43.490547 [PHY     ] [I] [   582.9] PUCCH: rnti=0x4602 format=2 prb=[7, 8) prb2=na symb=[4, 6) csi1=2222 sinr=-3.3dB t=9.7us
2026-04-24T09:14:43.510343 [PHY     ] [I] [   584.8] PUCCH: rnti=0x4602 format=1 prb1=4 prb2=na symb=[0, 14) cs=0 occ=0 sr=no metric=0.0 sinr=-43.1dB t=14.0us
2026-04-24T09:14:43.510592 [PHY     ] [I] [   584.9] PUCCH: rnti=0x4602 format=2 prb=[7, 8) prb2=na symb=[4, 6) csi1=2222 sinr=-3.7dB t=6.9us
2026-04-24T09:14:43.530316 [PHY     ] [I] [   586.8] PUCCH: rnti=0x4602 format=1 prb1=4 prb2=na symb=[0, 14) cs=0 occ=0 sr=no metric=0.1 sinr=-34.9dB t=13.1us
2026-04-24T09:14:43.530591 [PHY     ] [I] [   586.9] PUCCH: rnti=0x4602 format=2 prb=[7, 8) prb2=na symb=[4, 6) csi1=2222 sinr=-5.7dB t=9.3us
2026-04-24T09:14:43.550331 [PHY     ] [I] [   588.8] PUCCH: rnti=0x4602 format=1 prb1=4 prb2=na symb=[0, 14) cs=0 occ=0 sr=no metric=0.3 sinr=-20.2dB t=13.7us
2026-04-24T09:14:43.550552 [PHY     ] [I] [   588.9] PUCCH: rnti=0x4602 format=2 prb=[7, 8) prb2=na symb=[4, 6) csi1=2222 sinr=-1.4dB t=7.9us
2026-04-24T09:14:43.570340 [PHY     ] [I] [   590.8] PUCCH: rnti=0x4602 format=1 prb1=4 prb2=na symb=[0, 14) cs=0 occ=0 sr=no metric=0.2 sinr=-26.6dB t=17.6us
2026-04-24T09:14:43.570553 [PHY     ] [I] [   590.9] PUCCH: rnti=0x4602 format=2 prb=[7, 8) prb2=na symb=[4, 6) csi1=2222 sinr=-4.4dB t=20.8us
2026-04-24T09:14:43.590355 [PHY     ] [I] [   592.8] PUCCH: rnti=0x4602 format=1 prb1=4 prb2=na symb=[0, 14) cs=0 occ=0 sr=no metric=0.1 sinr=-20.6dB t=15.9us
2026-04-24T09:14:43.590553 [PHY     ] [I] [   592.9] PUCCH: rnti=0x4602 format=2 prb=[7, 8) prb2=na symb=[4, 6) csi1=2222 sinr=-9.5dB t=18.8us
2026-04-24T09:14:43.610356 [PHY     ] [I] [   594.8] PUCCH: rnti=0x4602 format=1 prb1=4 prb2=na symb=[0, 14) cs=0 occ=0 sr=no metric=0.1 sinr=-22.0dB t=16.2us
2026-04-24T09:14:43.610567 [PHY     ] [I] [   594.9] PUCCH: rnti=0x4602 format=2 prb=[7, 8) prb2=na symb=[4, 6) csi1=2222 sinr=-7.7dB t=18.9us
2026-04-24T09:14:43.630399 [PHY     ] [I] [   596.8] PUCCH: rnti=0x4602 format=1 prb1=4 prb2=na symb=[0, 14) cs=0 occ=0 sr=no metric=0.2 sinr=-19.2dB t=14.4us
2026-04-24T09:14:43.630571 [PHY     ] [I] [   596.9] PUCCH: rnti=0x4602 format=2 prb=[7, 8) prb2=na symb=[4, 6) csi1=2222 sinr=-7.0dB t=18.5us
2026-04-24T09:14:43.650306 [PHY     ] [I] [   598.8] PUCCH: rnti=0x4602 format=1 prb1=4 prb2=na symb=[0, 14) cs=0 occ=0 sr=no metric=0.1 sinr=-24.4dB t=16.0us
2026-04-24T09:14:43.650572 [PHY     ] [I] [   598.9] PUCCH: rnti=0x4602 format=2 prb=[7, 8) prb2=na symb=[4, 6) csi1=2222 sinr=-3.7dB t=14.6us
2026-04-24T09:14:43.670369 [PHY     ] [I] [   600.8] PUCCH: rnti=0x4602 format=1 prb1=4 prb2=na symb=[0, 14) cs=0 occ=0 sr=no metric=0.1 sinr=-35.4dB t=42.7us
2026-04-24T09:14:43.670591 [PHY     ] [I] [   600.9] PUCCH: rnti=0x4602 format=2 prb=[7, 8) prb2=na symb=[4, 6) csi1=2222 sinr=-3.5dB t=24.2us
2026-04-24T09:14:43.690345 [PHY     ] [I] [   602.8] PUCCH: rnti=0x4602 format=1 prb1=4 prb2=na symb=[0, 14) cs=0 occ=0 sr=no metric=0.5 sinr=-15.1dB t=19.8us
2026-04-24T09:14:43.690606 [PHY     ] [I] [   602.9] PUCCH: rnti=0x4602 format=2 prb=[7, 8) prb2=na symb=[4, 6) csi1=2222 sinr=-1.1dB t=23.1us
2026-04-24T09:14:43.710385 [PHY     ] [I] [   604.8] PUCCH: rnti=0x4602 format=1 prb1=4 prb2=na symb=[0, 14) cs=0 occ=0 sr=no metric=1.0 sinr=-13.2dB t=30.1us
2026-04-24T09:14:43.710629 [PHY     ] [I] [   604.9] PUCCH: rnti=0x4602 format=2 prb=[7, 8) prb2=na symb=[4, 6) csi1=2222 sinr=-2.4dB t=26.8us
2026-04-24T09:14:43.730345 [PHY     ] [I] [   606.8] PUCCH: rnti=0x4602 format=1 prb1=4 prb2=na symb=[0, 14) cs=0 occ=0 sr=no metric=0.3 sinr=-18.9dB t=17.5us
2026-04-24T09:14:43.730543 [PHY     ] [I] [   606.9] PUCCH: rnti=0x4602 format=2 prb=[7, 8) prb2=na symb=[4, 6) csi1=2222 sinr=-4.5dB t=18.4us
2026-04-24T09:14:43.750381 [PHY     ] [I] [   608.8] PUCCH: rnti=0x4602 format=1 prb1=4 prb2=na symb=[0, 14) cs=0 occ=0 sr=no metric=0.3 sinr=-18.9dB t=19.6us
2026-04-24T09:14:43.750590 [PHY     ] [I] [   608.9] PUCCH: rnti=0x4602 format=2 prb=[7, 8) prb2=na symb=[4, 6) csi1=2222 sinr=-0.1dB t=21.7us
2026-04-24T09:14:43.770401 [PHY     ] [I] [   610.8] PUCCH: rnti=0x4602 format=1 prb1=4 prb2=na symb=[0, 14) cs=0 occ=0 sr=no metric=0.3 sinr=-23.7dB t=37.2us
2026-04-24T09:14:43.770560 [PHY     ] [I] [   610.9] PUCCH: rnti=0x4602 format=2 prb=[7, 8) prb2=na symb=[4, 6) csi1=2222 sinr=-2.3dB t=26.5us
2026-04-24T09:14:43.790419 [PHY     ] [I] [   612.8] PUCCH: rnti=0x4602 format=1 prb1=4 prb2=na symb=[0, 14) cs=0 occ=0 sr=no metric=0.1 sinr=-26.1dB t=31.7us
2026-04-24T09:14:43.790588 [PHY     ] [I] [   612.9] PUCCH: rnti=0x4602 format=2 prb=[7, 8) prb2=na symb=[4, 6) csi1=2222 sinr=-8.2dB t=27.9us
2026-04-24T09:14:43.810331 [PHY     ] [I] [   614.8] PUCCH: rnti=0x4602 format=1 prb1=4 prb2=na symb=[0, 14) cs=0 occ=0 sr=no metric=0.1 sinr=-21.3dB t=30.1us
2026-04-24T09:14:43.810573 [PHY     ] [I] [   614.9] PUCCH: rnti=0x4602 format=2 prb=[7, 8) prb2=na symb=[4, 6) csi1=2222 sinr=-3.9dB t=14.9us
2026-04-24T09:14:43.830324 [PHY     ] [I] [   616.8] PUCCH: rnti=0x4602 format=1 prb1=4 prb2=na symb=[0, 14) cs=0 occ=0 sr=no metric=0.4 sinr=-13.9dB t=15.6us
2026-04-24T09:14:43.830567 [PHY     ] [I] [   616.9] PUCCH: rnti=0x4602 format=2 prb=[7, 8) prb2=na symb=[4, 6) csi1=2222 sinr=-6.3dB t=14.5us
2026-04-24T09:14:43.850341 [PHY     ] [I] [   618.8] PUCCH: rnti=0x4602 format=1 prb1=4 prb2=na symb=[0, 14) cs=0 occ=0 sr=no metric=0.2 sinr=-26.7dB t=26.1us
2026-04-24T09:14:43.850607 [PHY     ] [I] [   618.9] PUCCH: rnti=0x4602 format=2 prb=[7, 8) prb2=na symb=[4, 6) csi1=2222 sinr=-3.1dB t=7.2us
2026-04-24T09:14:43.870337 [PHY     ] [I] [   620.8] PUCCH: rnti=0x4602 format=1 prb1=4 prb2=na symb=[0, 14) cs=0 occ=0 sr=no metric=0.5 sinr=-18.4dB t=13.5us
2026-04-24T09:14:43.870595 [PHY     ] [I] [   620.9] PUCCH: rnti=0x4602 format=2 prb=[7, 8) prb2=na symb=[4, 6) csi1=2222 sinr=-2.8dB t=10.2us
2026-04-24T09:14:43.890341 [PHY     ] [I] [   622.8] PUCCH: rnti=0x4602 format=1 prb1=4 prb2=na symb=[0, 14) cs=0 occ=0 sr=no metric=0.3 sinr=-17.9dB t=12.9us
2026-04-24T09:14:43.890530 [PHY     ] [I] [   622.9] PUCCH: rnti=0x4602 format=2 prb=[7, 8) prb2=na symb=[4, 6) csi1=2222 sinr=-6.7dB t=6.9us
2026-04-24T09:14:43.910369 [PHY     ] [I] [   624.8] PUCCH: rnti=0x4602 format=1 prb1=4 prb2=na symb=[0, 14) cs=0 occ=0 sr=no metric=0.7 sinr=-13.6dB t=14.0us
2026-04-24T09:14:43.910539 [PHY     ] [I] [   624.9] PUCCH: rnti=0x4602 format=2 prb=[7, 8) prb2=na symb=[4, 6) csi1=2222 sinr=-8.9dB t=8.7us
2026-04-24T09:14:43.930418 [PHY     ] [I] [   626.8] PUCCH: rnti=0x4602 format=1 prb1=4 prb2=na symb=[0, 14) cs=0 occ=0 sr=no metric=0.2 sinr=-17.3dB t=30.1us
2026-04-24T09:14:43.930547 [PHY     ] [I] [   626.9] PUCCH: rnti=0x4602 format=2 prb=[7, 8) prb2=na symb=[4, 6) csi1=2222 sinr=-6.1dB t=17.8us
2026-04-24T09:14:43.950382 [PHY     ] [I] [   628.8] PUCCH: rnti=0x4602 format=1 prb1=4 prb2=na symb=[0, 14) cs=0 occ=0 sr=no metric=0.4 sinr=-16.1dB t=18.9us
2026-04-24T09:14:43.950564 [PHY     ] [I] [   628.9] PUCCH: rnti=0x4602 format=2 prb=[7, 8) prb2=na symb=[4, 6) csi1=2222 sinr=-3.6dB t=19.0us
2026-04-24T09:14:43.970403 [PHY     ] [I] [   630.8] PUCCH: rnti=0x4602 format=1 prb1=4 prb2=na symb=[0, 14) cs=0 occ=0 sr=no metric=0.2 sinr=-17.0dB t=28.1us
2026-04-24T09:14:43.970568 [PHY     ] [I] [   630.9] PUCCH: rnti=0x4602 format=2 prb=[7, 8) prb2=na symb=[4, 6) csi1=2222 sinr=-9.4dB t=9.1us
2026-04-24T09:14:43.990344 [PHY     ] [I] [   632.8] PUCCH: rnti=0x4602 format=1 prb1=4 prb2=na symb=[0, 14) cs=0 occ=0 sr=no metric=0.1 sinr=-26.5dB t=14.2us
2026-04-24T09:14:43.990593 [PHY     ] [I] [   632.9] PUCCH: rnti=0x4602 format=2 prb=[7, 8) prb2=na symb=[4, 6) csi1=2222 sinr=-2.1dB t=7.6us
2026-04-24T09:14:44.010322 [PHY     ] [I] [   634.8] PUCCH: rnti=0x4602 format=1 prb1=4 prb2=na symb=[0, 14) cs=0 occ=0 sr=no metric=0.1 sinr=-18.3dB t=13.1us
2026-04-24T09:14:44.010595 [PHY     ] [I] [   634.9] PUCCH: rnti=0x4602 format=2 prb=[7, 8) prb2=na symb=[4, 6) csi1=2222 sinr=-4.4dB t=21.2us
2026-04-24T09:14:44.030339 [PHY     ] [I] [   636.8] PUCCH: rnti=0x4602 format=1 prb1=4 prb2=na symb=[0, 14) cs=0 occ=0 sr=no metric=0.2 sinr=-18.6dB t=16.7us
2026-04-24T09:14:44.030593 [PHY     ] [I] [   636.9] PUCCH: rnti=0x4602 format=2 prb=[7, 8) prb2=na symb=[4, 6) csi1=2222 sinr=-5.9dB t=12.7us
2026-04-24T09:14:44.050365 [PHY     ] [I] [   638.8] PUCCH: rnti=0x4602 format=1 prb1=4 prb2=na symb=[0, 14) cs=0 occ=0 sr=no metric=0.4 sinr=-14.7dB t=14.4us
2026-04-24T09:14:44.050626 [PHY     ] [I] [   638.9] PUCCH: rnti=0x4602 format=2 prb=[7, 8) prb2=na symb=[4, 6) csi1=2222 sinr=1.0dB t=15.6us
2026-04-24T09:14:44.070352 [PHY     ] [I] [   640.8] PUCCH: rnti=0x4602 format=1 prb1=4 prb2=na symb=[0, 14) cs=0 occ=0 sr=no metric=0.2 sinr=-19.4dB t=13.2us
2026-04-24T09:14:44.070554 [PHY     ] [I] [   640.9] PUCCH: rnti=0x4602 format=2 prb=[7, 8) prb2=na symb=[4, 6) csi1=2222 sinr=-1.9dB t=9.0us
2026-04-24T09:14:44.090366 [PHY     ] [I] [   642.8] PUCCH: rnti=0x4602 format=1 prb1=4 prb2=na symb=[0, 14) cs=0 occ=0 sr=no metric=0.6 sinr=-15.5dB t=12.5us
2026-04-24T09:14:44.090568 [PHY     ] [I] [   642.9] PUCCH: rnti=0x4602 format=2 prb=[7, 8) prb2=na symb=[4, 6) csi1=2222 sinr=-2.7dB t=9.4us
2026-04-24T09:14:44.110382 [PHY     ] [I] [   644.8] PUCCH: rnti=0x4602 format=1 prb1=4 prb2=na symb=[0, 14) cs=0 occ=0 sr=no metric=0.3 sinr=-25.7dB t=24.1us
2026-04-24T09:14:44.110556 [PHY     ] [I] [   644.9] PUCCH: rnti=0x4602 format=2 prb=[7, 8) prb2=na symb=[4, 6) csi1=2222 sinr=-7.4dB t=11.2us
2026-04-24T09:14:44.130420 [PHY     ] [I] [   646.8] PUCCH: rnti=0x4602 format=1 prb1=4 prb2=na symb=[0, 14) cs=0 occ=0 sr=no metric=0.5 sinr=-14.7dB t=20.0us
2026-04-24T09:14:44.130579 [PHY     ] [I] [   646.9] PUCCH: rnti=0x4602 format=2 prb=[7, 8) prb2=na symb=[4, 6) csi1=2222 sinr=-10.9dB t=9.3us
2026-04-24T09:14:44.150328 [PHY     ] [I] [   648.8] PUCCH: rnti=0x4602 format=1 prb1=4 prb2=na symb=[0, 14) cs=0 occ=0 sr=no metric=0.1 sinr=-36.7dB t=13.7us
2026-04-24T09:14:44.150585 [PHY     ] [I] [   648.9] PUCCH: rnti=0x4602 format=2 prb=[7, 8) prb2=na symb=[4, 6) csi1=2222 sinr=-3.0dB t=12.3us
2026-04-24T09:14:44.170347 [PHY     ] [I] [   650.8] PUCCH: rnti=0x4602 format=1 prb1=4 prb2=na symb=[0, 14) cs=0 occ=0 sr=no metric=0.0 sinr=-28.0dB t=13.4us
2026-04-24T09:14:44.170599 [PHY     ] [I] [   650.9] PUCCH: rnti=0x4602 format=2 prb=[7, 8) prb2=na symb=[4, 6) csi1=2222 sinr=-7.3dB t=8.0us
2026-04-24T09:14:44.190368 [PHY     ] [I] [   652.8] PUCCH: rnti=0x4602 format=1 prb1=4 prb2=na symb=[0, 14) cs=0 occ=0 sr=no metric=0.5 sinr=-17.4dB t=34.8us
2026-04-24T09:14:44.190618 [PHY     ] [I] [   652.9] PUCCH: rnti=0x4602 format=2 prb=[7, 8) prb2=na symb=[4, 6) csi1=2222 sinr=-4.3dB t=29.8us
2026-04-24T09:14:44.210374 [PHY     ] [I] [   654.8] PUCCH: rnti=0x4602 format=1 prb1=4 prb2=na symb=[0, 14) cs=0 occ=0 sr=no metric=0.3 sinr=-14.5dB t=34.6us
2026-04-24T09:14:44.210635 [PHY     ] [I] [   654.9] PUCCH: rnti=0x4602 format=2 prb=[7, 8) prb2=na symb=[4, 6) csi1=2222 sinr=-5.0dB t=37.1us
2026-04-24T09:14:44.230399 [PHY     ] [I] [   656.8] PUCCH: rnti=0x4602 format=1 prb1=4 prb2=na symb=[0, 14) cs=0 occ=0 sr=no metric=0.3 sinr=-19.6dB t=30.9us
2026-04-24T09:14:44.230591 [PHY     ] [I] [   656.9] PUCCH: rnti=0x4602 format=2 prb=[7, 8) prb2=na symb=[4, 6) csi1=2222 sinr=-9.3dB t=26.3us
2026-04-24T09:14:44.250359 [PHY     ] [I] [   658.8] PUCCH: rnti=0x4602 format=1 prb1=4 prb2=na symb=[0, 14) cs=0 occ=0 sr=no metric=0.5 sinr=-28.6dB t=13.2us
2026-04-24T09:14:44.250592 [PHY     ] [I] [   658.9] PUCCH: rnti=0x4602 format=2 prb=[7, 8) prb2=na symb=[4, 6) csi1=2222 sinr=-5.4dB t=18.1us
2026-04-24T09:14:44.270389 [PHY     ] [I] [   660.8] PUCCH: rnti=0x4602 format=1 prb1=4 prb2=na symb=[0, 14) cs=0 occ=0 sr=no metric=0.3 sinr=-17.7dB t=19.7us
2026-04-24T09:14:44.270560 [PHY     ] [I] [   660.9] PUCCH: rnti=0x4602 format=2 prb=[7, 8) prb2=na symb=[4, 6) csi1=2222 sinr=-4.7dB t=16.6us
2026-04-24T09:14:44.290400 [PHY     ] [I] [   662.8] PUCCH: rnti=0x4602 format=1 prb1=4 prb2=na symb=[0, 14) cs=0 occ=0 sr=no metric=0.3 sinr=-20.0dB t=27.3us
2026-04-24T09:14:44.290572 [PHY     ] [I] [   662.9] PUCCH: rnti=0x4602 format=2 prb=[7, 8) prb2=na symb=[4, 6) csi1=2222 sinr=-6.9dB t=9.3us
2026-04-24T09:14:44.310444 [PHY     ] [I] [   664.8] PUCCH: rnti=0x4602 format=1 prb1=4 prb2=na symb=[0, 14) cs=0 occ=0 sr=no metric=0.1 sinr=-26.7dB t=16.8us
2026-04-24T09:14:44.310593 [PHY     ] [I] [   664.9] PUCCH: rnti=0x4602 format=2 prb=[7, 8) prb2=na symb=[4, 6) csi1=2222 sinr=-2.2dB t=12.5us
2026-04-24T09:14:44.330360 [PHY     ] [I] [   666.8] PUCCH: rnti=0x4602 format=1 prb1=4 prb2=na symb=[0, 14) cs=0 occ=0 sr=no metric=0.3 sinr=-16.2dB t=18.6us
2026-04-24T09:14:44.330582 [PHY     ] [I] [   666.9] PUCCH: rnti=0x4602 format=2 prb=[7, 8) prb2=na symb=[4, 6) csi1=2222 sinr=-5.0dB t=9.0us
2026-04-24T09:14:44.350364 [PHY     ] [I] [   668.8] PUCCH: rnti=0x4602 format=1 prb1=4 prb2=na symb=[0, 14) cs=0 occ=0 sr=no metric=0.1 sinr=-19.1dB t=12.9us
2026-04-24T09:14:44.350586 [PHY     ] [I] [   668.9] PUCCH: rnti=0x4602 format=2 prb=[7, 8) prb2=na symb=[4, 6) csi1=2222 sinr=-1.7dB t=13.3us
2026-04-24T09:14:44.370364 [PHY     ] [I] [   670.8] PUCCH: rnti=0x4602 format=1 prb1=4 prb2=na symb=[0, 14) cs=0 occ=0 sr=no metric=0.6 sinr=-16.4dB t=12.4us
2026-04-24T09:14:44.370622 [PHY     ] [I] [   670.9] PUCCH: rnti=0x4602 format=2 prb=[7, 8) prb2=na symb=[4, 6) csi1=2222 sinr=-5.7dB t=8.0us
2026-04-24T09:14:44.390375 [PHY     ] [I] [   672.8] PUCCH: rnti=0x4602 format=1 prb1=4 prb2=na symb=[0, 14) cs=0 occ=0 sr=no metric=0.4 sinr=-28.2dB t=13.6us
2026-04-24T09:14:44.390632 [PHY     ] [I] [   672.9] PUCCH: rnti=0x4602 format=2 prb=[7, 8) prb2=na symb=[4, 6) csi1=2222 sinr=-7.3dB t=10.0us
2026-04-24T09:14:44.410370 [PHY     ] [I] [   674.8] PUCCH: rnti=0x4602 format=1 prb1=4 prb2=na symb=[0, 14) cs=0 occ=0 sr=no metric=0.3 sinr=-17.8dB t=16.7us
2026-04-24T09:14:44.410544 [PHY     ] [I] [   674.9] PUCCH: rnti=0x4602 format=2 prb=[7, 8) prb2=na symb=[4, 6) csi1=2222 sinr=-0.2dB t=11.7us
2026-04-24T09:14:44.430379 [PHY     ] [I] [   676.8] PUCCH: rnti=0x4602 format=1 prb1=4 prb2=na symb=[0, 14) cs=0 occ=0 sr=no metric=0.1 sinr=-25.0dB t=14.0us
2026-04-24T09:14:44.430549 [PHY     ] [I] [   676.9] PUCCH: rnti=0x4602 format=2 prb=[7, 8) prb2=na symb=[4, 6) csi1=2222 sinr=-13.9dB t=8.9us
2026-04-24T09:14:44.450400 [PHY     ] [I] [   678.8] PUCCH: rnti=0x4602 format=1 prb1=4 prb2=na symb=[0, 14) cs=0 occ=0 sr=no metric=0.3 sinr=-17.7dB t=15.0us
2026-04-24T09:14:44.450573 [PHY     ] [I] [   678.9] PUCCH: rnti=0x4602 format=2 prb=[7, 8) prb2=na symb=[4, 6) csi1=2222 sinr=-9.1dB t=10.5us
2026-04-24T09:14:44.470452 [PHY     ] [I] [   680.8] PUCCH: rnti=0x4602 format=1 prb1=4 prb2=na symb=[0, 14) cs=0 occ=0 sr=no metric=0.2 sinr=-16.0dB t=30.5us
2026-04-24T09:14:44.470593 [PHY     ] [I] [   680.9] PUCCH: rnti=0x4602 format=2 prb=[7, 8) prb2=na symb=[4, 6) csi1=2222 sinr=-4.1dB t=25.8us
2026-04-24T09:14:44.490369 [PHY     ] [I] [   682.8] PUCCH: rnti=0x4602 format=1 prb1=4 prb2=na symb=[0, 14) cs=0 occ=0 sr=no metric=0.2 sinr=-15.0dB t=29.0us
2026-04-24T09:14:44.490608 [PHY     ] [I] [   682.9] PUCCH: rnti=0x4602 format=2 prb=[7, 8) prb2=na symb=[4, 6) csi1=2222 sinr=-3.7dB t=20.5us
2026-04-24T09:14:44.510363 [PHY     ] [I] [   684.8] PUCCH: rnti=0x4602 format=1 prb1=4 prb2=na symb=[0, 14) cs=0 occ=0 sr=no metric=0.1 sinr=-23.1dB t=15.1us
2026-04-24T09:14:44.510588 [PHY     ] [I] [   684.9] PUCCH: rnti=0x4602 format=2 prb=[7, 8) prb2=na symb=[4, 6) csi1=2222 sinr=-0.0dB t=11.3us
2026-04-24T09:14:44.530355 [PHY     ] [I] [   686.8] PUCCH: rnti=0x4602 format=1 prb1=4 prb2=na symb=[0, 14) cs=0 occ=0 sr=no metric=0.2 sinr=-18.2dB t=20.5us
2026-04-24T09:14:44.530606 [PHY     ] [I] [   686.9] PUCCH: rnti=0x4602 format=2 prb=[7, 8) prb2=na symb=[4, 6) csi1=2222 sinr=-8.5dB t=14.8us
2026-04-24T09:14:44.550391 [PHY     ] [I] [   688.8] PUCCH: rnti=0x4602 format=1 prb1=4 prb2=na symb=[0, 14) cs=0 occ=0 sr=yes metric=1.0 sinr=-13.7dB t=21.7us
2026-04-24T09:14:44.550612 [PHY     ] [I] [   688.9] PUCCH: rnti=0x4602 format=2 prb=[7, 8) prb2=na symb=[4, 6) csi1=2222 sinr=-1.1dB t=7.8us
2026-04-24T09:14:44.553922 [PHY     ] [I] [   689.3] PDCCH: rnti=0x4602 ss_id=2 format=0_1 cce=0 al=2 t=11.1us
2026-04-24T09:14:44.555835 [SCHED   ] [I] [   689.7] Slot decisions pci=1 t=1us (0 PDSCHs, 1 PUSCH, 0 PUCCHs): UL: ue=0 rnti=0x4602 h_id=0 ss_id=2 rb=[0..5) newtx=true rv=0 tbs=608 k2=4
2026-04-24T09:14:44.559952 [PHY     ] [I] [   689.7] PUSCH: rnti=0x4602 h_id=0 prb=[0, 5) symb=[0, 14) mod=256QAM rv=0 tbs=608 crc=KO iter=6.0 sinr=-22.7dB t=125.7us uci_t=0.0us ret_t=4.9us
2026-04-24T09:14:44.563843 [PHY     ] [I] [   690.3] PDCCH: rnti=0x4602 ss_id=2 format=0_1 cce=0 al=2 t=12.4us
2026-04-24T09:14:44.565867 [SCHED   ] [I] [   690.7] Slot decisions pci=1 t=1us (0 PDSCHs, 1 PUSCH, 0 PUCCHs): UL: ue=0 rnti=0x4602 h_id=0 ss_id=2 rb=[0..5) newtx=false rv=0 tbs=608 k2=4
2026-04-24T09:14:44.569974 [PHY     ] [I] [   690.7] PUSCH: rnti=0x4602 h_id=0 prb=[0, 5) symb=[0, 14) mod=256QAM rv=0 tbs=608 crc=KO iter=6.0 sinr=-16.7dB t=117.4us uci_t=0.0us ret_t=3.8us
2026-04-24T09:14:44.570380 [PHY     ] [I] [   690.8] PUCCH: rnti=0x4602 format=1 prb1=4 prb2=na symb=[0, 14) cs=0 occ=0 sr=no metric=0.3 sinr=-19.3dB t=15.4us
2026-04-24T09:14:44.570546 [PHY     ] [I] [   690.9] PUCCH: rnti=0x4602 format=2 prb=[7, 8) prb2=na symb=[4, 6) csi1=2222 sinr=-4.0dB t=7.9us
2026-04-24T09:14:44.573836 [PHY     ] [I] [   691.3] PDCCH: rnti=0x4602 ss_id=2 format=0_1 cce=0 al=2 t=12.5us
2026-04-24T09:14:44.575859 [SCHED   ] [I] [   691.7] Slot decisions pci=1 t=1us (0 PDSCHs, 1 PUSCH, 0 PUCCHs): UL: ue=0 rnti=0x4602 h_id=0 ss_id=2 rb=[0..5) newtx=false rv=0 tbs=608 k2=4
2026-04-24T09:14:44.579949 [PHY     ] [I] [   691.7] PUSCH: rnti=0x4602 h_id=0 prb=[0, 5) symb=[0, 14) mod=256QAM rv=0 tbs=608 crc=KO iter=6.0 sinr=-22.7dB t=98.1us uci_t=0.0us ret_t=1.6us
2026-04-24T09:14:44.583821 [PHY     ] [I] [   692.3] PDCCH: rnti=0x4602 ss_id=2 format=0_1 cce=0 al=2 t=8.1us
2026-04-24T09:14:44.585852 [SCHED   ] [I] [   692.7] Slot decisions pci=1 t=1us (0 PDSCHs, 1 PUSCH, 0 PUCCHs): UL: ue=0 rnti=0x4602 h_id=0 ss_id=2 rb=[0..5) newtx=false rv=0 tbs=608 k2=4
2026-04-24T09:14:44.589960 [PHY     ] [I] [   692.7] PUSCH: rnti=0x4602 h_id=0 prb=[0, 5) symb=[0, 14) mod=256QAM rv=0 tbs=608 crc=KO iter=6.0 sinr=-27.8dB t=112.4us uci_t=0.0us ret_t=2.8us
2026-04-24T09:14:44.590410 [PHY     ] [I] [   692.8] PUCCH: rnti=0x4602 format=1 prb1=4 prb2=na symb=[0, 14) cs=0 occ=0 sr=no metric=0.4 sinr=-12.8dB t=25.1us
2026-04-24T09:14:44.590549 [PHY     ] [I] [   692.9] PUCCH: rnti=0x4602 format=2 prb=[7, 8) prb2=na symb=[4, 6) csi1=2222 sinr=-5.8dB t=7.7us
2026-04-24T09:14:44.593822 [PHY     ] [I] [   693.3] PDCCH: rnti=0x4602 ss_id=2 format=0_1 cce=0 al=2 t=8.8us
2026-04-24T09:14:44.595861 [SCHED   ] [I] [   693.7] Slot decisions pci=1 t=1us (0 PDSCHs, 1 PUSCH, 0 PUCCHs): UL: ue=0 rnti=0x4602 h_id=0 ss_id=2 rb=[0..5) newtx=false rv=0 tbs=608 k2=4
2026-04-24T09:14:44.599964 [PHY     ] [I] [   693.7] PUSCH: rnti=0x4602 h_id=0 prb=[0, 5) symb=[0, 14) mod=256QAM rv=0 tbs=608 crc=KO iter=6.0 sinr=-18.5dB t=108.6us uci_t=0.0us ret_t=2.7us
2026-04-24T09:14:44.600379 [SCHED   ] [I] [  693.16] rnti=0x4602 h_id=0: Discarding UL HARQ process TB with tbs=608. Cause: Maximum number of reTxs 4 exceeded
2026-04-24T09:14:44.610392 [PHY     ] [I] [   694.8] PUCCH: rnti=0x4602 format=1 prb1=4 prb2=na symb=[0, 14) cs=0 occ=0 sr=no metric=0.3 sinr=-21.3dB t=14.7us
2026-04-24T09:14:44.610565 [PHY     ] [I] [   694.9] PUCCH: rnti=0x4602 format=2 prb=[7, 8) prb2=na symb=[4, 6) csi1=2222 sinr=-2.6dB t=12.7us
2026-04-24T09:14:44.630392 [PHY     ] [I] [   696.8] PUCCH: rnti=0x4602 format=1 prb1=4 prb2=na symb=[0, 14) cs=0 occ=0 sr=no metric=0.2 sinr=-29.6dB t=16.0us
2026-04-24T09:14:44.630586 [PHY     ] [I] [   696.9] PUCCH: rnti=0x4602 format=2 prb=[7, 8) prb2=na symb=[4, 6) csi1=2222 sinr=4.1dB t=6.8us
2026-04-24T09:14:44.650458 [PHY     ] [I] [   698.8] PUCCH: rnti=0x4602 format=1 prb1=4 prb2=na symb=[0, 14) cs=0 occ=0 sr=no metric=0.1 sinr=-33.4dB t=16.1us
2026-04-24T09:14:44.650607 [PHY     ] [I] [   698.9] PUCCH: rnti=0x4602 format=2 prb=[7, 8) prb2=na symb=[4, 6) csi1=2222 sinr=-3.1dB t=10.3us
2026-04-24T09:14:44.670361 [PHY     ] [I] [   700.8] PUCCH: rnti=0x4602 format=1 prb1=4 prb2=na symb=[0, 14) cs=0 occ=0 sr=no metric=0.8 sinr=-9.7dB t=13.0us
2026-04-24T09:14:44.670614 [PHY     ] [I] [   700.9] PUCCH: rnti=0x4602 format=2 prb=[7, 8) prb2=na symb=[4, 6) csi1=2222 sinr=1.6dB t=7.2us
2026-04-24T09:14:44.690363 [PHY     ] [I] [   702.8] PUCCH: rnti=0x4602 format=1 prb1=4 prb2=na symb=[0, 14) cs=0 occ=0 sr=no metric=0.9 sinr=-13.1dB t=13.4us
2026-04-24T09:14:44.690618 [PHY     ] [I] [   702.9] PUCCH: rnti=0x4602 format=2 prb=[7, 8) prb2=na symb=[4, 6) csi1=2222 sinr=-4.1dB t=9.3us
2026-04-24T09:14:44.692393 [SCHED   ] [I] [   703.0] Slot decisions pci=1 t=24us (1 PDSCH, 0 PUSCHs, 0 PUCCHs): DL: ue=0 c-rnti=0x4602 h_id=0 ss_id=2 rb=[20..22) k1=7 newtx=true rv=0 tbs=88 ri=1 dl_bo=0
2026-04-24T09:14:44.692412 [MAC     ] [I] [   703.0] DL PDU: ue=0 rnti=0x4602 size=88: TA_CMD: tag_id=0, ta_cmd=32
2026-04-24T09:14:44.692441 [PHY     ] [I] [   703.0] PDCCH: rnti=0x4602 ss_id=2 format=1_1 cce=14 al=2 t=14.1us
2026-04-24T09:14:44.692465 [PHY     ] [I] [   703.0] PDSCH: rnti=0x4602 h_id=0 k1=7 prb=[20, 22) symb=[2, 14) mod=64QAM rv=0 tbs=88 t=21.4us
2026-04-24T09:14:44.699950 [PHY     ] [I] [   703.7] PUCCH: rnti=0x4602 format=1 prb1=2 prb2=na symb=[0, 14) cs=0 occ=0 ack=2 metric=0.2 sinr=-22.1dB t=33.1us
2026-04-24T09:14:44.702396 [SCHED   ] [I] [   704.0] Slot decisions pci=1 t=19us (1 PDSCH, 0 PUSCHs, 0 PUCCHs): DL: ue=0 c-rnti=0x4602 h_id=0 ss_id=2 rb=[20..22) k1=7 newtx=false rv=2 tbs=88
2026-04-24T09:14:44.702451 [PHY     ] [I] [   704.0] PDCCH: rnti=0x4602 ss_id=2 format=1_1 cce=14 al=2 t=22.8us
2026-04-24T09:14:44.702471 [PHY     ] [I] [   704.0] PDSCH: rnti=0x4602 h_id=0 k1=7 prb=[20, 22) symb=[2, 14) mod=64QAM rv=2 tbs=88 t=35.5us
2026-04-24T09:14:44.709944 [PHY     ] [I] [   704.7] PUCCH: rnti=0x4602 format=1 prb1=2 prb2=na symb=[0, 14) cs=0 occ=0 ack=2 metric=0.0 sinr=-23.0dB t=29.9us
2026-04-24T09:14:44.710393 [PHY     ] [I] [   704.8] PUCCH: rnti=0x4602 format=1 prb1=4 prb2=na symb=[0, 14) cs=0 occ=0 sr=no metric=0.2 sinr=-21.6dB t=18.7us
2026-04-24T09:14:44.710636 [PHY     ] [I] [   704.9] PUCCH: rnti=0x4602 format=2 prb=[7, 8) prb2=na symb=[4, 6) csi1=2222 sinr=-16.3dB t=26.2us
2026-04-24T09:14:44.712371 [SCHED   ] [I] [   705.0] Slot decisions pci=1 t=9us (1 PDSCH, 0 PUSCHs, 0 PUCCHs): DL: ue=0 c-rnti=0x4602 h_id=0 ss_id=2 rb=[20..22) k1=7 newtx=false rv=3 tbs=88
2026-04-24T09:14:44.712409 [PHY     ] [I] [   705.0] PDCCH: rnti=0x4602 ss_id=2 format=1_1 cce=14 al=2 t=10.9us
2026-04-24T09:14:44.712432 [PHY     ] [I] [   705.0] PDSCH: rnti=0x4602 h_id=0 k1=7 prb=[20, 22) symb=[2, 14) mod=64QAM rv=3 tbs=88 t=19.0us
2026-04-24T09:14:44.719842 [PHY     ] [I] [   705.7] PUCCH: rnti=0x4602 format=1 prb1=2 prb2=na symb=[0, 14) cs=0 occ=0 ack=2 metric=0.3 sinr=-14.3dB t=23.1us
2026-04-24T09:14:44.722385 [SCHED   ] [I] [   706.0] Slot decisions pci=1 t=8us (1 PDSCH, 0 PUSCHs, 0 PUCCHs): DL: ue=0 c-rnti=0x4602 h_id=0 ss_id=2 rb=[20..22) k1=7 newtx=false rv=1 tbs=88
2026-04-24T09:14:44.722421 [PHY     ] [I] [   706.0] PDCCH: rnti=0x4602 ss_id=2 format=1_1 cce=14 al=2 t=11.5us
2026-04-24T09:14:44.722445 [PHY     ] [I] [   706.0] PDSCH: rnti=0x4602 h_id=0 k1=7 prb=[20, 22) symb=[2, 14) mod=64QAM rv=1 tbs=88 t=22.3us
2026-04-24T09:14:44.729875 [PHY     ] [I] [   706.7] PUCCH: rnti=0x4602 format=1 prb1=2 prb2=na symb=[0, 14) cs=0 occ=0 ack=2 metric=0.3 sinr=-18.2dB t=14.2us
2026-04-24T09:14:44.730362 [PHY     ] [I] [   706.8] PUCCH: rnti=0x4602 format=1 prb1=4 prb2=na symb=[0, 14) cs=0 occ=0 sr=no metric=0.2 sinr=-17.5dB t=14.6us
2026-04-24T09:14:44.730647 [PHY     ] [I] [   706.9] PUCCH: rnti=0x4602 format=2 prb=[7, 8) prb2=na symb=[4, 6) csi1=2222 sinr=-9.7dB t=19.3us
2026-04-24T09:14:44.732387 [SCHED   ] [I] [   707.0] Slot decisions pci=1 t=10us (1 PDSCH, 0 PUSCHs, 0 PUCCHs): DL: ue=0 c-rnti=0x4602 h_id=0 ss_id=2 rb=[20..22) k1=7 newtx=false rv=0 tbs=88
2026-04-24T09:14:44.732424 [PHY     ] [I] [   707.0] PDCCH: rnti=0x4602 ss_id=2 format=1_1 cce=14 al=2 t=10.9us
2026-04-24T09:14:44.732445 [PHY     ] [I] [   707.0] PDSCH: rnti=0x4602 h_id=0 k1=7 prb=[20, 22) symb=[2, 14) mod=64QAM rv=0 tbs=88 t=19.2us
2026-04-24T09:14:44.739860 [PHY     ] [I] [   707.7] PUCCH: rnti=0x4602 format=1 prb1=2 prb2=na symb=[0, 14) cs=0 occ=0 ack=2 metric=0.2 sinr=-17.3dB t=16.0us
2026-04-24T09:14:44.740339 [SCHED   ] [I] [  707.16] rnti=0x4602 h_id=0: Discarding DL HARQ process TB with tbs=88. Cause: Maximum number of reTxs 4 exceeded
2026-04-24T09:14:44.750378 [PHY     ] [I] [   708.8] PUCCH: rnti=0x4602 format=1 prb1=4 prb2=na symb=[0, 14) cs=0 occ=0 sr=no metric=0.3 sinr=-20.6dB t=14.7us
2026-04-24T09:14:44.750565 [PHY     ] [I] [   708.9] PUCCH: rnti=0x4602 format=2 prb=[7, 8) prb2=na symb=[4, 6) csi1=2222 sinr=0.3dB t=17.8us
2026-04-24T09:14:44.770414 [PHY     ] [I] [   710.8] PUCCH: rnti=0x4602 format=1 prb1=4 prb2=na symb=[0, 14) cs=0 occ=0 sr=no metric=0.2 sinr=-20.0dB t=18.8us
2026-04-24T09:14:44.770571 [PHY     ] [I] [   710.9] PUCCH: rnti=0x4602 format=2 prb=[7, 8) prb2=na symb=[4, 6) csi1=2222 sinr=-2.8dB t=9.8us
2026-04-24T09:14:44.773382 [SCHED   ] [I] [   711.2] Slot decisions pci=1 t=15us (1 PDSCH, 0 PUSCHs, 0 PUCCHs): DL: ue=0 c-rnti=0x4602 h_id=0 ss_id=2 rb=[0..2) k1=5 newtx=true rv=0 tbs=80 ri=1 dl_bo=0
2026-04-24T09:14:44.773392 [MAC     ] [I] [   711.2] DL PDU: ue=0 rnti=0x4602 size=80: TA_CMD: tag_id=0, ta_cmd=26
2026-04-24T09:14:44.773405 [PHY     ] [I] [   711.2] PDCCH: rnti=0x4602 ss_id=2 format=1_1 cce=14 al=2 t=9.9us
2026-04-24T09:14:44.773420 [PHY     ] [I] [   711.2] PDSCH: rnti=0x4602 h_id=0 k1=5 prb=[0, 2) symb=[2, 14) mod=16QAM rv=0 tbs=80 t=13.5us
2026-04-24T09:14:44.779859 [PHY     ] [I] [   711.7] PUCCH: rnti=0x4602 format=1 prb1=2 prb2=na symb=[0, 14) cs=0 occ=0 ack=2 metric=0.0 sinr=-27.0dB t=14.6us
2026-04-24T09:14:44.782345 [SCHED   ] [I] [   712.0] Slot decisions pci=1 t=12us (1 PDSCH, 0 PUSCHs, 0 PUCCHs): DL: ue=0 c-rnti=0x4602 h_id=0 ss_id=2 rb=[20..22) k1=7 newtx=false rv=2 tbs=80
2026-04-24T09:14:44.782389 [PHY     ] [I] [   712.0] PDCCH: rnti=0x4602 ss_id=2 format=1_1 cce=14 al=2 t=12.6us
2026-04-24T09:14:44.782415 [PHY     ] [I] [   712.0] PDSCH: rnti=0x4602 h_id=0 k1=7 prb=[20, 22) symb=[2, 14) mod=16QAM rv=2 tbs=80 t=26.6us
2026-04-24T09:14:44.789902 [PHY     ] [I] [   712.7] PUCCH: rnti=0x4602 format=1 prb1=2 prb2=na symb=[0, 14) cs=0 occ=0 ack=2 metric=0.2 sinr=-19.3dB t=17.1us
2026-04-24T09:14:44.790395 [PHY     ] [I] [   712.8] PUCCH: rnti=0x4602 format=1 prb1=4 prb2=na symb=[0, 14) cs=0 occ=0 sr=no metric=0.1 sinr=-27.3dB t=17.5us
2026-04-24T09:14:44.790584 [PHY     ] [I] [   712.9] PUCCH: rnti=0x4602 format=2 prb=[7, 8) prb2=na symb=[4, 6) csi1=2222 sinr=-8.2dB t=23.6us
2026-04-24T09:14:44.792328 [SCHED   ] [I] [   713.0] Slot decisions pci=1 t=12us (1 PDSCH, 0 PUSCHs, 0 PUCCHs): DL: ue=0 c-rnti=0x4602 h_id=0 ss_id=2 rb=[20..22) k1=7 newtx=false rv=3 tbs=80
2026-04-24T09:14:44.792363 [PHY     ] [I] [   713.0] PDCCH: rnti=0x4602 ss_id=2 format=1_1 cce=14 al=2 t=13.6us
2026-04-24T09:14:44.792374 [PHY     ] [I] [   713.0] PDSCH: rnti=0x4602 h_id=0 k1=7 prb=[20, 22) symb=[2, 14) mod=16QAM rv=3 tbs=80 t=22.3us
2026-04-24T09:14:44.799896 [PHY     ] [I] [   713.7] PUCCH: rnti=0x4602 format=1 prb1=2 prb2=na symb=[0, 14) cs=0 occ=0 ack=2 metric=0.6 sinr=-13.8dB t=22.9us
2026-04-24T09:14:44.802346 [SCHED   ] [I] [   714.0] Slot decisions pci=1 t=13us (1 PDSCH, 0 PUSCHs, 0 PUCCHs): DL: ue=0 c-rnti=0x4602 h_id=0 ss_id=2 rb=[20..22) k1=7 newtx=false rv=1 tbs=80
2026-04-24T09:14:44.802390 [PHY     ] [I] [   714.0] PDCCH: rnti=0x4602 ss_id=2 format=1_1 cce=14 al=2 t=12.0us
2026-04-24T09:14:44.802412 [PHY     ] [I] [   714.0] PDSCH: rnti=0x4602 h_id=0 k1=7 prb=[20, 22) symb=[2, 14) mod=16QAM rv=1 tbs=80 t=24.5us
2026-04-24T09:14:44.809937 [PHY     ] [I] [   714.7] PUCCH: rnti=0x4602 format=1 prb1=2 prb2=na symb=[0, 14) cs=0 occ=0 ack=2 metric=0.1 sinr=-26.6dB t=26.7us
2026-04-24T09:14:44.810441 [PHY     ] [I] [   714.8] PUCCH: rnti=0x4602 format=1 prb1=4 prb2=na symb=[0, 14) cs=0 occ=0 sr=no metric=0.1 sinr=-27.2dB t=17.1us
2026-04-24T09:14:44.810601 [PHY     ] [I] [   714.9] PUCCH: rnti=0x4602 format=2 prb=[7, 8) prb2=na symb=[4, 6) csi1=2222 sinr=-9.9dB t=22.2us
2026-04-24T09:14:44.812342 [SCHED   ] [I] [   715.0] Slot decisions pci=1 t=11us (1 PDSCH, 0 PUSCHs, 0 PUCCHs): DL: ue=0 c-rnti=0x4602 h_id=0 ss_id=2 rb=[20..22) k1=7 newtx=false rv=0 tbs=80
2026-04-24T09:14:44.812381 [PHY     ] [I] [   715.0] PDCCH: rnti=0x4602 ss_id=2 format=1_1 cce=14 al=2 t=12.4us
2026-04-24T09:14:44.812398 [PHY     ] [I] [   715.0] PDSCH: rnti=0x4602 h_id=0 k1=7 prb=[20, 22) symb=[2, 14) mod=16QAM rv=0 tbs=80 t=26.5us
2026-04-24T09:14:44.819894 [PHY     ] [I] [   715.7] PUCCH: rnti=0x4602 format=1 prb1=2 prb2=na symb=[0, 14) cs=0 occ=0 ack=2 metric=0.1 sinr=-25.1dB t=23.3us
2026-04-24T09:14:44.820301 [SCHED   ] [I] [  715.16] rnti=0x4602 h_id=0: Discarding DL HARQ process TB with tbs=80. Cause: Maximum number of reTxs 4 exceeded
2026-04-24T09:14:44.830361 [PHY     ] [I] [   716.8] PUCCH: rnti=0x4602 format=1 prb1=4 prb2=na symb=[0, 14) cs=0 occ=0 sr=no metric=0.1 sinr=-20.3dB t=28.9us
2026-04-24T09:14:44.830623 [PHY     ] [I] [   716.9] PUCCH: rnti=0x4602 format=2 prb=[7, 8) prb2=na symb=[4, 6) csi1=2222 sinr=-7.9dB t=34.0us
2026-04-24T09:14:44.850389 [PHY     ] [I] [   718.8] PUCCH: rnti=0x4602 format=1 prb1=4 prb2=na symb=[0, 14) cs=0 occ=0 sr=no metric=0.4 sinr=-20.8dB t=31.3us
2026-04-24T09:14:44.850643 [PHY     ] [I] [   718.9] PUCCH: rnti=0x4602 format=2 prb=[7, 8) prb2=na symb=[4, 6) csi1=2222 sinr=-5.2dB t=31.5us
2026-04-24T09:14:44.870395 [PHY     ] [I] [   720.8] PUCCH: rnti=0x4602 format=1 prb1=4 prb2=na symb=[0, 14) cs=0 occ=0 sr=no metric=0.1 sinr=-19.2dB t=41.6us
2026-04-24T09:14:44.870630 [PHY     ] [I] [   720.9] PUCCH: rnti=0x4602 format=2 prb=[7, 8) prb2=na symb=[4, 6) csi1=2222 sinr=-12.9dB t=18.7us
2026-04-24T09:14:44.890387 [PHY     ] [I] [   722.8] PUCCH: rnti=0x4602 format=1 prb1=4 prb2=na symb=[0, 14) cs=0 occ=0 sr=no metric=0.2 sinr=-23.3dB t=25.7us
2026-04-24T09:14:44.890664 [PHY     ] [I] [   722.9] PUCCH: rnti=0x4602 format=2 prb=[7, 8) prb2=na symb=[4, 6) csi1=2222 sinr=-1.2dB t=26.2us
2026-04-24T09:14:44.910392 [PHY     ] [I] [   724.8] PUCCH: rnti=0x4602 format=1 prb1=4 prb2=na symb=[0, 14) cs=0 occ=0 sr=no metric=0.2 sinr=-18.8dB t=22.1us
2026-04-24T09:14:44.910575 [PHY     ] [I] [   724.9] PUCCH: rnti=0x4602 format=2 prb=[7, 8) prb2=na symb=[4, 6) csi1=2222 sinr=-2.9dB t=18.8us
2026-04-24T09:14:44.910581 [MAC     ] [I] [  724.16] ue=0: RLF detected. Cause: 100 consecutive undecoded CSIs
2026-04-24T09:14:44.910584 [DU-MNG  ] [W] ue=0 rnti=0x4602: RLF detected with cause "MAC max KOs reached". Timer of 4000 msec to release UE started...
2026-04-24T09:14:44.930405 [PHY     ] [I] [   726.8] PUCCH: rnti=0x4602 format=1 prb1=4 prb2=na symb=[0, 14) cs=0 occ=0 sr=no metric=0.3 sinr=-25.0dB t=29.2us
2026-04-24T09:14:44.930590 [PHY     ] [I] [   726.9] PUCCH: rnti=0x4602 format=2 prb=[7, 8) prb2=na symb=[4, 6) csi1=2222 sinr=-6.0dB t=19.0us
2026-04-24T09:14:44.950399 [PHY     ] [I] [   728.8] PUCCH: rnti=0x4602 format=1 prb1=4 prb2=na symb=[0, 14) cs=0 occ=0 sr=no metric=0.3 sinr=-25.5dB t=16.3us
2026-04-24T09:14:44.950574 [PHY     ] [I] [   728.9] PUCCH: rnti=0x4602 format=2 prb=[7, 8) prb2=na symb=[4, 6) csi1=2222 sinr=-2.1dB t=13.0us
2026-04-24T09:14:44.970425 [PHY     ] [I] [   730.8] PUCCH: rnti=0x4602 format=1 prb1=4 prb2=na symb=[0, 14) cs=0 occ=0 sr=no metric=0.2 sinr=-16.6dB t=24.0us
2026-04-24T09:14:44.970603 [PHY     ] [I] [   730.9] PUCCH: rnti=0x4602 format=2 prb=[7, 8) prb2=na symb=[4, 6) csi1=2222 sinr=-12.0dB t=15.9us
2026-04-24T09:14:44.990433 [PHY     ] [I] [   732.8] PUCCH: rnti=0x4602 format=1 prb1=4 prb2=na symb=[0, 14) cs=0 occ=0 sr=no metric=0.1 sinr=-39.7dB t=17.1us
2026-04-24T09:14:44.990607 [PHY     ] [I] [   732.9] PUCCH: rnti=0x4602 format=2 prb=[7, 8) prb2=na symb=[4, 6) csi1=2222 sinr=2.1dB t=13.4us
2026-04-24T09:14:45.010341 [PHY     ] [I] [   734.8] PUCCH: rnti=0x4602 format=1 prb1=4 prb2=na symb=[0, 14) cs=0 occ=0 sr=no metric=0.2 sinr=-24.4dB t=13.7us
2026-04-24T09:14:45.010608 [PHY     ] [I] [   734.9] PUCCH: rnti=0x4602 format=2 prb=[7, 8) prb2=na symb=[4, 6) csi1=2222 sinr=-10.3dB t=7.9us
2026-04-24T09:14:45.030353 [PHY     ] [I] [   736.8] PUCCH: rnti=0x4602 format=1 prb1=4 prb2=na symb=[0, 14) cs=0 occ=0 sr=no metric=0.1 sinr=-24.3dB t=14.3us
2026-04-24T09:14:45.030611 [PHY     ] [I] [   736.9] PUCCH: rnti=0x4602 format=2 prb=[7, 8) prb2=na symb=[4, 6) csi1=2222 sinr=-3.7dB t=9.8us
2026-04-24T09:14:45.050367 [PHY     ] [I] [   738.8] PUCCH: rnti=0x4602 format=1 prb1=4 prb2=na symb=[0, 14) cs=0 occ=0 sr=no metric=0.3 sinr=-22.2dB t=15.7us
2026-04-24T09:14:45.050646 [PHY     ] [I] [   738.9] PUCCH: rnti=0x4602 format=2 prb=[7, 8) prb2=na symb=[4, 6) csi1=2222 sinr=-10.2dB t=12.0us
2026-04-24T09:14:45.070381 [PHY     ] [I] [   740.8] PUCCH: rnti=0x4602 format=1 prb1=4 prb2=na symb=[0, 14) cs=0 occ=0 sr=no metric=0.8 sinr=-15.4dB t=13.4us
2026-04-24T09:14:45.070640 [PHY     ] [I] [   740.9] PUCCH: rnti=0x4602 format=2 prb=[7, 8) prb2=na symb=[4, 6) csi1=2222 sinr=0.3dB t=11.5us
2026-04-24T09:14:45.090406 [PHY     ] [I] [   742.8] PUCCH: rnti=0x4602 format=1 prb1=4 prb2=na symb=[0, 14) cs=0 occ=0 sr=no metric=0.7 sinr=-14.4dB t=12.2us
2026-04-24T09:14:45.090561 [PHY     ] [I] [   742.9] PUCCH: rnti=0x4602 format=2 prb=[7, 8) prb2=na symb=[4, 6) csi1=2222 sinr=-5.8dB t=8.5us
2026-04-24T09:14:45.097405 [SCHED   ] [I] [  743.10] Slot decisions pci=1 t=21us (1 PDSCH, 0 PUSCHs, 0 PUCCHs): DL: ue=0 c-rnti=0x4602 h_id=0 ss_id=2 rb=[0..2) k1=7 newtx=true rv=0 tbs=76 ri=1 dl_bo=0
2026-04-24T09:14:45.097422 [MAC     ] [I] [  743.10] DL PDU: ue=0 rnti=0x4602 size=76: TA_CMD: tag_id=0, ta_cmd=34
2026-04-24T09:14:45.097440 [PHY     ] [I] [  743.10] PDCCH: rnti=0x4602 ss_id=2 format=1_1 cce=10 al=2 t=13.3us
2026-04-24T09:14:45.097460 [PHY     ] [I] [  743.10] PDSCH: rnti=0x4602 h_id=0 k1=7 prb=[0, 2) symb=[2, 14) mod=16QAM rv=0 tbs=76 t=22.0us
2026-04-24T09:14:45.104915 [PHY     ] [I] [  743.17] PUCCH: rnti=0x4602 format=1 prb1=2 prb2=na symb=[0, 14) cs=0 occ=0 ack=2 metric=0.2 sinr=-21.2dB t=14.1us
2026-04-24T09:14:45.107373 [SCHED   ] [I] [  744.10] Slot decisions pci=1 t=9us (1 PDSCH, 0 PUSCHs, 0 PUCCHs): DL: ue=0 c-rnti=0x4602 h_id=0 ss_id=2 rb=[0..2) k1=7 newtx=false rv=2 tbs=76
2026-04-24T09:14:45.107399 [PHY     ] [I] [  744.10] PDCCH: rnti=0x4602 ss_id=2 format=1_1 cce=10 al=2 t=11.8us
2026-04-24T09:14:45.107416 [PHY     ] [I] [  744.10] PDSCH: rnti=0x4602 h_id=0 k1=7 prb=[0, 2) symb=[2, 14) mod=16QAM rv=2 tbs=76 t=23.0us
2026-04-24T09:14:45.110415 [PHY     ] [I] [   744.8] PUCCH: rnti=0x4602 format=1 prb1=4 prb2=na symb=[0, 14) cs=0 occ=0 sr=no metric=0.0 sinr=-33.1dB t=13.1us
2026-04-24T09:14:45.110564 [PHY     ] [I] [   744.9] PUCCH: rnti=0x4602 format=2 prb=[7, 8) prb2=na symb=[4, 6) csi1=2222 sinr=-6.5dB t=7.3us
2026-04-24T09:14:45.114929 [PHY     ] [I] [  744.17] PUCCH: rnti=0x4602 format=1 prb1=2 prb2=na symb=[0, 14) cs=0 occ=0 ack=2 metric=0.2 sinr=-17.0dB t=14.6us
2026-04-24T09:14:45.117377 [SCHED   ] [I] [  745.10] Slot decisions pci=1 t=6us (1 PDSCH, 0 PUSCHs, 0 PUCCHs): DL: ue=0 c-rnti=0x4602 h_id=0 ss_id=2 rb=[0..2) k1=7 newtx=false rv=3 tbs=76
2026-04-24T09:14:45.117398 [PHY     ] [I] [  745.10] PDCCH: rnti=0x4602 ss_id=2 format=1_1 cce=10 al=2 t=10.5us
2026-04-24T09:14:45.117418 [PHY     ] [I] [  745.10] PDSCH: rnti=0x4602 h_id=0 k1=7 prb=[0, 2) symb=[2, 14) mod=16QAM rv=3 tbs=76 t=18.0us
2026-04-24T09:14:45.124916 [PHY     ] [I] [  745.17] PUCCH: rnti=0x4602 format=1 prb1=2 prb2=na symb=[0, 14) cs=0 occ=0 ack=2 metric=0.5 sinr=-16.5dB t=12.5us
2026-04-24T09:14:45.127382 [SCHED   ] [I] [  746.10] Slot decisions pci=1 t=7us (1 PDSCH, 0 PUSCHs, 0 PUCCHs): DL: ue=0 c-rnti=0x4602 h_id=0 ss_id=2 rb=[0..2) k1=7 newtx=false rv=1 tbs=76
2026-04-24T09:14:45.127410 [PHY     ] [I] [  746.10] PDCCH: rnti=0x4602 ss_id=2 format=1_1 cce=10 al=2 t=12.5us
2026-04-24T09:14:45.127433 [PHY     ] [I] [  746.10] PDSCH: rnti=0x4602 h_id=0 k1=7 prb=[0, 2) symb=[2, 14) mod=16QAM rv=1 tbs=76 t=21.8us
2026-04-24T09:14:45.130391 [PHY     ] [I] [   746.8] PUCCH: rnti=0x4602 format=1 prb1=4 prb2=na symb=[0, 14) cs=0 occ=0 sr=no metric=0.8 sinr=-15.3dB t=12.6us
2026-04-24T09:14:45.130584 [PHY     ] [I] [   746.9] PUCCH: rnti=0x4602 format=2 prb=[7, 8) prb2=na symb=[4, 6) csi1=2222 sinr=1.8dB t=7.9us
2026-04-24T09:14:45.134964 [PHY     ] [I] [  746.17] PUCCH: rnti=0x4602 format=1 prb1=2 prb2=na symb=[0, 14) cs=0 occ=0 ack=2 metric=0.2 sinr=-29.4dB t=13.4us
2026-04-24T09:14:45.137384 [SCHED   ] [I] [  747.10] Slot decisions pci=1 t=7us (1 PDSCH, 0 PUSCHs, 0 PUCCHs): DL: ue=0 c-rnti=0x4602 h_id=0 ss_id=2 rb=[0..2) k1=7 newtx=false rv=0 tbs=76
2026-04-24T09:14:45.137405 [PHY     ] [I] [  747.10] PDCCH: rnti=0x4602 ss_id=2 format=1_1 cce=10 al=2 t=10.3us
2026-04-24T09:14:45.137421 [PHY     ] [I] [  747.10] PDSCH: rnti=0x4602 h_id=0 k1=7 prb=[0, 2) symb=[2, 14) mod=16QAM rv=0 tbs=76 t=14.8us
2026-04-24T09:14:45.137837 [SCHED   ] [I] [  747.11] Slot decisions pci=1 t=10us (1 PDSCH, 0 PUSCHs, 0 PUCCHs): DL: ue=0 c-rnti=0x4602 h_id=1 ss_id=2 rb=[0..2) k1=6 newtx=true rv=0 tbs=69 ri=1 dl_bo=0
2026-04-24T09:14:45.137844 [MAC     ] [I] [  747.11] DL PDU: ue=0 rnti=0x4602 size=69: TA_CMD: tag_id=0, ta_cmd=34
2026-04-24T09:14:45.137856 [PHY     ] [I] [  747.11] PDCCH: rnti=0x4602 ss_id=2 format=1_1 cce=2 al=2 t=9.2us
2026-04-24T09:14:45.137869 [PHY     ] [I] [  747.11] PDSCH: rnti=0x4602 h_id=1 k1=6 prb=[0, 2) symb=[2, 14) mod=16QAM rv=0 tbs=69 t=12.1us
2026-04-24T09:14:45.144873 [PHY     ] [I] [  747.17] PUCCH: rnti=0x4602 format=1 prb1=2 prb2=na symb=[0, 14) cs=0 occ=0 ack=22 metric=0.2 sinr=-19.3dB t=25.4us
2026-04-24T09:14:45.145350 [SCHED   ] [I] [   748.6] rnti=0x4602 h_id=0: Discarding DL HARQ process TB with tbs=76. Cause: Maximum number of reTxs 4 exceeded
2026-04-24T09:14:45.147388 [SCHED   ] [I] [  748.10] Slot decisions pci=1 t=7us (1 PDSCH, 0 PUSCHs, 0 PUCCHs): DL: ue=0 c-rnti=0x4602 h_id=1 ss_id=2 rb=[0..2) k1=7 newtx=false rv=2 tbs=69
2026-04-24T09:14:45.147410 [PHY     ] [I] [  748.10] PDCCH: rnti=0x4602 ss_id=2 format=1_1 cce=10 al=2 t=9.2us
2026-04-24T09:14:45.147417 [PHY     ] [I] [  748.10] PDSCH: rnti=0x4602 h_id=1 k1=7 prb=[0, 2) symb=[2, 14) mod=16QAM rv=2 tbs=69 t=15.6us
2026-04-24T09:14:45.150426 [PHY     ] [I] [   748.8] PUCCH: rnti=0x4602 format=1 prb1=4 prb2=na symb=[0, 14) cs=0 occ=0 sr=no metric=0.4 sinr=-18.2dB t=13.1us
2026-04-24T09:14:45.150598 [PHY     ] [I] [   748.9] PUCCH: rnti=0x4602 format=2 prb=[7, 8) prb2=na symb=[4, 6) csi1=2222 sinr=-5.4dB t=9.5us
2026-04-24T09:14:45.154880 [PHY     ] [I] [  748.17] PUCCH: rnti=0x4602 format=1 prb1=2 prb2=na symb=[0, 14) cs=0 occ=0 ack=2 metric=0.1 sinr=-33.4dB t=13.1us
2026-04-24T09:14:45.157390 [SCHED   ] [I] [  749.10] Slot decisions pci=1 t=6us (1 PDSCH, 0 PUSCHs, 0 PUCCHs): DL: ue=0 c-rnti=0x4602 h_id=1 ss_id=2 rb=[0..2) k1=7 newtx=false rv=3 tbs=69
2026-04-24T09:14:45.157411 [PHY     ] [I] [  749.10] PDCCH: rnti=0x4602 ss_id=2 format=1_1 cce=10 al=2 t=9.4us
2026-04-24T09:14:45.157418 [PHY     ] [I] [  749.10] PDSCH: rnti=0x4602 h_id=1 k1=7 prb=[0, 2) symb=[2, 14) mod=16QAM rv=3 tbs=69 t=16.0us
2026-04-24T09:14:45.164852 [PHY     ] [I] [  749.17] PUCCH: rnti=0x4602 format=1 prb1=2 prb2=na symb=[0, 14) cs=0 occ=0 ack=2 metric=0.0 sinr=-25.1dB t=13.8us
2026-04-24T09:14:45.167353 [SCHED   ] [I] [  750.10] Slot decisions pci=1 t=6us (1 PDSCH, 0 PUSCHs, 0 PUCCHs): DL: ue=0 c-rnti=0x4602 h_id=1 ss_id=2 rb=[0..2) k1=7 newtx=false rv=1 tbs=69
2026-04-24T09:14:45.167376 [PHY     ] [I] [  750.10] PDCCH: rnti=0x4602 ss_id=2 format=1_1 cce=10 al=2 t=11.4us
2026-04-24T09:14:45.167394 [PHY     ] [I] [  750.10] PDSCH: rnti=0x4602 h_id=1 k1=7 prb=[0, 2) symb=[2, 14) mod=16QAM rv=1 tbs=69 t=15.9us
2026-04-24T09:14:45.170339 [PHY     ] [I] [   750.8] PUCCH: rnti=0x4602 format=1 prb1=4 prb2=na symb=[0, 14) cs=0 occ=0 sr=no metric=0.7 sinr=-15.4dB t=15.0us
2026-04-24T09:14:45.170617 [PHY     ] [I] [   750.9] PUCCH: rnti=0x4602 format=2 prb=[7, 8) prb2=na symb=[4, 6) csi1=2222 sinr=-5.9dB t=10.6us
2026-04-24T09:14:45.174854 [PHY     ] [I] [  750.17] PUCCH: rnti=0x4602 format=1 prb1=2 prb2=na symb=[0, 14) cs=0 occ=0 ack=2 metric=0.2 sinr=-22.9dB t=14.6us
2026-04-24T09:14:45.177352 [SCHED   ] [I] [  751.10] Slot decisions pci=1 t=6us (1 PDSCH, 0 PUSCHs, 0 PUCCHs): DL: ue=0 c-rnti=0x4602 h_id=1 ss_id=2 rb=[0..2) k1=7 newtx=false rv=0 tbs=69
2026-04-24T09:14:45.177378 [PHY     ] [I] [  751.10] PDCCH: rnti=0x4602 ss_id=2 format=1_1 cce=10 al=2 t=12.7us
2026-04-24T09:14:45.177397 [PHY     ] [I] [  751.10] PDSCH: rnti=0x4602 h_id=1 k1=7 prb=[0, 2) symb=[2, 14) mod=16QAM rv=0 tbs=69 t=17.6us
2026-04-24T09:14:45.184882 [PHY     ] [I] [  751.17] PUCCH: rnti=0x4602 format=1 prb1=2 prb2=na symb=[0, 14) cs=0 occ=0 ack=2 metric=0.1 sinr=-26.5dB t=12.9us
2026-04-24T09:14:45.185360 [SCHED   ] [I] [   752.6] rnti=0x4602 h_id=1: Discarding DL HARQ process TB with tbs=69. Cause: Maximum number of reTxs 4 exceeded
2026-04-24T09:14:45.190348 [PHY     ] [I] [   752.8] PUCCH: rnti=0x4602 format=1 prb1=4 prb2=na symb=[0, 14) cs=0 occ=0 sr=no metric=0.9 sinr=-12.9dB t=12.7us
2026-04-24T09:14:45.190626 [PHY     ] [I] [   752.9] PUCCH: rnti=0x4602 format=2 prb=[7, 8) prb2=na symb=[4, 6) csi1=2222 sinr=-6.3dB t=12.0us
2026-04-24T09:14:45.210365 [PHY     ] [I] [   754.8] PUCCH: rnti=0x4602 format=1 prb1=4 prb2=na symb=[0, 14) cs=0 occ=0 sr=no metric=0.6 sinr=-19.9dB t=19.5us
2026-04-24T09:14:45.210654 [PHY     ] [I] [   754.9] PUCCH: rnti=0x4602 format=2 prb=[7, 8) prb2=na symb=[4, 6) csi1=2222 sinr=-3.0dB t=20.7us
2026-04-24T09:14:45.230394 [PHY     ] [I] [   756.8] PUCCH: rnti=0x4602 format=1 prb1=4 prb2=na symb=[0, 14) cs=0 occ=0 sr=no metric=0.8 sinr=-13.8dB t=16.4us
2026-04-24T09:14:45.230645 [PHY     ] [I] [   756.9] PUCCH: rnti=0x4602 format=2 prb=[7, 8) prb2=na symb=[4, 6) csi1=2222 sinr=-6.2dB t=10.1us
2026-04-24T09:14:45.250410 [PHY     ] [I] [   758.8] PUCCH: rnti=0x4602 format=1 prb1=4 prb2=na symb=[0, 14) cs=0 occ=0 sr=no metric=0.4 sinr=-19.4dB t=19.9us
2026-04-24T09:14:45.250590 [PHY     ] [I] [   758.9] PUCCH: rnti=0x4602 format=2 prb=[7, 8) prb2=na symb=[4, 6) csi1=2222 sinr=-3.9dB t=17.9us
2026-04-24T09:14:45.270391 [PHY     ] [I] [   760.8] PUCCH: rnti=0x4602 format=1 prb1=4 prb2=na symb=[0, 14) cs=0 occ=0 sr=no metric=0.3 sinr=-14.7dB t=14.8us
2026-04-24T09:14:45.270581 [PHY     ] [I] [   760.9] PUCCH: rnti=0x4602 format=2 prb=[7, 8) prb2=na symb=[4, 6) csi1=2222 sinr=-10.7dB t=12.3us
2026-04-24T09:14:45.290398 [PHY     ] [I] [   762.8] PUCCH: rnti=0x4602 format=1 prb1=4 prb2=na symb=[0, 14) cs=0 occ=0 sr=no metric=0.6 sinr=-15.4dB t=14.3us
2026-04-24T09:14:45.290612 [PHY     ] [I] [   762.9] PUCCH: rnti=0x4602 format=2 prb=[7, 8) prb2=na symb=[4, 6) csi1=2222 sinr=-1.9dB t=16.6us
2026-04-24T09:14:45.310449 [PHY     ] [I] [   764.8] PUCCH: rnti=0x4602 format=1 prb1=4 prb2=na symb=[0, 14) cs=0 occ=0 sr=no metric=0.4 sinr=-17.6dB t=12.9us
2026-04-24T09:14:45.310599 [PHY     ] [I] [   764.9] PUCCH: rnti=0x4602 format=2 prb=[7, 8) prb2=na symb=[4, 6) csi1=2222 sinr=-5.2dB t=8.4us
2026-04-24T09:14:45.330475 [PHY     ] [I] [   766.8] PUCCH: rnti=0x4602 format=1 prb1=4 prb2=na symb=[0, 14) cs=0 occ=0 sr=no metric=0.2 sinr=-22.1dB t=14.5us
2026-04-24T09:14:45.330628 [PHY     ] [I] [   766.9] PUCCH: rnti=0x4602 format=2 prb=[7, 8) prb2=na symb=[4, 6) csi1=2222 sinr=-6.3dB t=12.0us
2026-04-24T09:14:45.350374 [PHY     ] [I] [   768.8] PUCCH: rnti=0x4602 format=1 prb1=4 prb2=na symb=[0, 14) cs=0 occ=0 sr=no metric=0.3 sinr=-19.0dB t=20.0us
2026-04-24T09:14:45.350633 [PHY     ] [I] [   768.9] PUCCH: rnti=0x4602 format=2 prb=[7, 8) prb2=na symb=[4, 6) csi1=2222 sinr=-2.2dB t=22.9us
2026-04-24T09:14:45.370393 [PHY     ] [I] [   770.8] PUCCH: rnti=0x4602 format=1 prb1=4 prb2=na symb=[0, 14) cs=0 occ=0 sr=no metric=0.2 sinr=-23.2dB t=25.8us
2026-04-24T09:14:45.370625 [PHY     ] [I] [   770.9] PUCCH: rnti=0x4602 format=2 prb=[7, 8) prb2=na symb=[4, 6) csi1=2222 sinr=-3.6dB t=9.4us
2026-04-24T09:14:45.390387 [PHY     ] [I] [   772.8] PUCCH: rnti=0x4602 format=1 prb1=4 prb2=na symb=[0, 14) cs=0 occ=0 sr=no metric=0.5 sinr=-18.4dB t=13.1us
2026-04-24T09:14:45.390649 [PHY     ] [I] [   772.9] PUCCH: rnti=0x4602 format=2 prb=[7, 8) prb2=na symb=[4, 6) csi1=2222 sinr=-5.6dB t=17.2us
2026-04-24T09:14:45.410415 [PHY     ] [I] [   774.8] PUCCH: rnti=0x4602 format=1 prb1=4 prb2=na symb=[0, 14) cs=0 occ=0 sr=no metric=0.5 sinr=-21.6dB t=14.0us
2026-04-24T09:14:45.410675 [PHY     ] [I] [   774.9] PUCCH: rnti=0x4602 format=2 prb=[7, 8) prb2=na symb=[4, 6) csi1=2222 sinr=-4.9dB t=11.8us
2026-04-24T09:14:45.430403 [PHY     ] [I] [   776.8] PUCCH: rnti=0x4602 format=1 prb1=4 prb2=na symb=[0, 14) cs=0 occ=0 sr=no metric=0.1 sinr=-30.2dB t=20.7us
2026-04-24T09:14:45.430573 [PHY     ] [I] [   776.9] PUCCH: rnti=0x4602 format=2 prb=[7, 8) prb2=na symb=[4, 6) csi1=2222 sinr=-1.5dB t=8.1us
2026-04-24T09:14:45.450405 [PHY     ] [I] [   778.8] PUCCH: rnti=0x4602 format=1 prb1=4 prb2=na symb=[0, 14) cs=0 occ=0 sr=no metric=0.0 sinr=-40.7dB t=12.9us
2026-04-24T09:14:45.450574 [PHY     ] [I] [   778.9] PUCCH: rnti=0x4602 format=2 prb=[7, 8) prb2=na symb=[4, 6) csi1=2222 sinr=-2.2dB t=7.8us
2026-04-24T09:14:45.470411 [PHY     ] [I] [   780.8] PUCCH: rnti=0x4602 format=1 prb1=4 prb2=na symb=[0, 14) cs=0 occ=0 sr=no metric=0.6 sinr=-17.9dB t=12.4us
2026-04-24T09:14:45.470624 [PHY     ] [I] [   780.9] PUCCH: rnti=0x4602 format=2 prb=[7, 8) prb2=na symb=[4, 6) csi1=2222 sinr=-7.6dB t=9.2us
2026-04-24T09:14:45.490482 [PHY     ] [I] [   782.8] PUCCH: rnti=0x4602 format=1 prb1=4 prb2=na symb=[0, 14) cs=0 occ=0 sr=no metric=0.2 sinr=-21.6dB t=20.4us
2026-04-24T09:14:45.490614 [PHY     ] [I] [   782.9] PUCCH: rnti=0x4602 format=2 prb=[7, 8) prb2=na symb=[4, 6) csi1=2222 sinr=-0.8dB t=7.4us
2026-04-24T09:14:45.510397 [PHY     ] [I] [   784.8] PUCCH: rnti=0x4602 format=1 prb1=4 prb2=na symb=[0, 14) cs=0 occ=0 sr=no metric=0.2 sinr=-22.7dB t=20.1us
2026-04-24T09:14:45.510618 [PHY     ] [I] [   784.9] PUCCH: rnti=0x4602 format=2 prb=[7, 8) prb2=na symb=[4, 6) csi1=2222 sinr=-21.9dB t=7.4us
2026-04-24T09:14:45.530357 [PHY     ] [I] [   786.8] PUCCH: rnti=0x4602 format=1 prb1=4 prb2=na symb=[0, 14) cs=0 occ=0 sr=no metric=0.0 sinr=-29.5dB t=12.4us
2026-04-24T09:14:45.530628 [PHY     ] [I] [   786.9] PUCCH: rnti=0x4602 format=2 prb=[7, 8) prb2=na symb=[4, 6) csi1=2222 sinr=-4.3dB t=6.6us
2026-04-24T09:14:45.550365 [PHY     ] [I] [   788.8] PUCCH: rnti=0x4602 format=1 prb1=4 prb2=na symb=[0, 14) cs=0 occ=0 sr=no metric=0.4 sinr=-14.4dB t=14.1us
2026-04-24T09:14:45.550644 [PHY     ] [I] [   788.9] PUCCH: rnti=0x4602 format=2 prb=[7, 8) prb2=na symb=[4, 6) csi1=2222 sinr=-7.8dB t=11.4us
2026-04-24T09:14:45.570411 [PHY     ] [I] [   790.8] PUCCH: rnti=0x4602 format=1 prb1=4 prb2=na symb=[0, 14) cs=0 occ=0 sr=no metric=0.1 sinr=-18.8dB t=12.3us
2026-04-24T09:14:45.570669 [PHY     ] [I] [   790.9] PUCCH: rnti=0x4602 format=2 prb=[7, 8) prb2=na symb=[4, 6) csi1=2222 sinr=-6.8dB t=10.0us
2026-04-24T09:14:45.590434 [PHY     ] [I] [   792.8] PUCCH: rnti=0x4602 format=1 prb1=4 prb2=na symb=[0, 14) cs=0 occ=0 sr=no metric=0.1 sinr=-22.4dB t=18.9us
2026-04-24T09:14:45.590595 [PHY     ] [I] [   792.9] PUCCH: rnti=0x4602 format=2 prb=[7, 8) prb2=na symb=[4, 6) csi1=2222 sinr=-2.8dB t=22.9us
2026-04-24T09:14:45.610428 [PHY     ] [I] [   794.8] PUCCH: rnti=0x4602 format=1 prb1=4 prb2=na symb=[0, 14) cs=0 occ=0 sr=no metric=0.1 sinr=-21.4dB t=16.7us
2026-04-24T09:14:45.610633 [PHY     ] [I] [   794.9] PUCCH: rnti=0x4602 format=2 prb=[7, 8) prb2=na symb=[4, 6) csi1=2222 sinr=-8.3dB t=16.0us
2026-04-24T09:14:45.630411 [PHY     ] [I] [   796.8] PUCCH: rnti=0x4602 format=1 prb1=4 prb2=na symb=[0, 14) cs=0 occ=0 sr=no metric=0.3 sinr=-17.7dB t=16.2us
2026-04-24T09:14:45.630594 [PHY     ] [I] [   796.9] PUCCH: rnti=0x4602 format=2 prb=[7, 8) prb2=na symb=[4, 6) csi1=2222 sinr=0.2dB t=8.6us
2026-04-24T09:14:45.650435 [PHY     ] [I] [   798.8] PUCCH: rnti=0x4602 format=1 prb1=4 prb2=na symb=[0, 14) cs=0 occ=0 sr=no metric=0.2 sinr=-16.3dB t=16.9us
2026-04-24T09:14:45.650607 [PHY     ] [I] [   798.9] PUCCH: rnti=0x4602 format=2 prb=[7, 8) prb2=na symb=[4, 6) csi1=2222 sinr=-8.8dB t=11.6us
2026-04-24T09:14:45.664419 [SCHED   ] [I] [   800.4] Slot decisions pci=1 t=28us (1 PDSCH, 0 PUSCHs, 0 PUCCHs): DL: ue=0 c-rnti=0x4602 h_id=1 ss_id=2 rb=[0..2) k1=4 newtx=true rv=0 tbs=54 ri=1 dl_bo=0
2026-04-24T09:14:45.664435 [MAC     ] [I] [   800.4] DL PDU: ue=0 rnti=0x4602 size=54: TA_CMD: tag_id=0, ta_cmd=34
2026-04-24T09:14:45.664449 [PHY     ] [I] [   800.4] PDCCH: rnti=0x4602 ss_id=2 format=1_1 cce=0 al=2 t=10.4us
2026-04-24T09:14:45.664472 [PHY     ] [I] [   800.4] PDSCH: rnti=0x4602 h_id=1 k1=4 prb=[0, 2) symb=[2, 14) mod=16QAM rv=0 tbs=54 t=26.9us
2026-04-24T09:14:45.670460 [PHY     ] [I] [   800.8] PUCCH: rnti=0x4602 format=1 prb1=4 prb2=na symb=[0, 14) cs=0 occ=0 ack=2 metric=0.4 sinr=-18.7dB t=15.5us
2026-04-24T09:14:45.670461 [PHY     ] [I] [   800.8] PUCCH: rnti=0x4602 format=1 prb1=2 prb2=na symb=[0, 14) cs=0 occ=0 ack=2 metric=0.1 sinr=-19.8dB t=15.7us
2026-04-24T09:14:45.670626 [PHY     ] [I] [   800.9] PUCCH: rnti=0x4602 format=2 prb=[7, 8) prb2=na symb=[4, 6) csi1=2222 sinr=-10.9dB t=8.4us
2026-04-24T09:14:45.672363 [SCHED   ] [I] [   801.0] Slot decisions pci=1 t=11us (1 PDSCH, 0 PUSCHs, 0 PUCCHs): DL: ue=0 c-rnti=0x4602 h_id=1 ss_id=2 rb=[20..22) k1=7 newtx=false rv=2 tbs=54
2026-04-24T09:14:45.672397 [PHY     ] [I] [   801.0] PDCCH: rnti=0x4602 ss_id=2 format=1_1 cce=14 al=2 t=11.3us
2026-04-24T09:14:45.672409 [PHY     ] [I] [   801.0] PDSCH: rnti=0x4602 h_id=1 k1=7 prb=[20, 22) symb=[2, 14) mod=16QAM rv=2 tbs=54 t=19.9us
2026-04-24T09:14:45.679929 [PHY     ] [I] [   801.7] PUCCH: rnti=0x4602 format=1 prb1=2 prb2=na symb=[0, 14) cs=0 occ=0 ack=2 metric=0.2 sinr=-18.2dB t=13.1us
2026-04-24T09:14:45.682393 [SCHED   ] [I] [   802.0] Slot decisions pci=1 t=8us (1 PDSCH, 0 PUSCHs, 0 PUCCHs): DL: ue=0 c-rnti=0x4602 h_id=1 ss_id=2 rb=[20..22) k1=7 newtx=false rv=3 tbs=54
2026-04-24T09:14:45.682429 [PHY     ] [I] [   802.0] PDCCH: rnti=0x4602 ss_id=2 format=1_1 cce=14 al=2 t=11.1us
2026-04-24T09:14:45.682451 [PHY     ] [I] [   802.0] PDSCH: rnti=0x4602 h_id=1 k1=7 prb=[20, 22) symb=[2, 14) mod=16QAM rv=3 tbs=54 t=17.8us
2026-04-24T09:14:45.689908 [PHY     ] [I] [   802.7] PUCCH: rnti=0x4602 format=1 prb1=2 prb2=na symb=[0, 14) cs=0 occ=0 ack=2 metric=0.7 sinr=-15.3dB t=13.5us
2026-04-24T09:14:45.690357 [PHY     ] [I] [   802.8] PUCCH: rnti=0x4602 format=1 prb1=4 prb2=na symb=[0, 14) cs=0 occ=0 sr=no metric=0.4 sinr=-20.3dB t=11.7us
2026-04-24T09:14:45.690635 [PHY     ] [I] [   802.9] PUCCH: rnti=0x4602 format=2 prb=[7, 8) prb2=na symb=[4, 6) csi1=2222 sinr=-2.7dB t=12.1us
2026-04-24T09:14:45.692371 [SCHED   ] [I] [   803.0] Slot decisions pci=1 t=6us (1 PDSCH, 0 PUSCHs, 0 PUCCHs): DL: ue=0 c-rnti=0x4602 h_id=1 ss_id=2 rb=[20..22) k1=7 newtx=false rv=1 tbs=54
2026-04-24T09:14:45.692398 [PHY     ] [I] [   803.0] PDCCH: rnti=0x4602 ss_id=2 format=1_1 cce=14 al=2 t=8.5us
2026-04-24T09:14:45.692416 [PHY     ] [I] [   803.0] PDSCH: rnti=0x4602 h_id=1 k1=7 prb=[20, 22) symb=[2, 14) mod=16QAM rv=1 tbs=54 t=16.4us
2026-04-24T09:14:45.699931 [PHY     ] [I] [   803.7] PUCCH: rnti=0x4602 format=1 prb1=2 prb2=na symb=[0, 14) cs=0 occ=0 ack=2 metric=0.1 sinr=-21.1dB t=14.0us
2026-04-24T09:14:45.702383 [SCHED   ] [I] [   804.0] Slot decisions pci=1 t=6us (1 PDSCH, 0 PUSCHs, 0 PUCCHs): DL: ue=0 c-rnti=0x4602 h_id=1 ss_id=2 rb=[20..22) k1=7 newtx=false rv=0 tbs=54
2026-04-24T09:14:45.702417 [PHY     ] [I] [   804.0] PDCCH: rnti=0x4602 ss_id=2 format=1_1 cce=14 al=2 t=11.7us
2026-04-24T09:14:45.702421 [PHY     ] [I] [   804.0] PDSCH: rnti=0x4602 h_id=1 k1=7 prb=[20, 22) symb=[2, 14) mod=16QAM rv=0 tbs=54 t=15.0us
2026-04-24T09:14:45.709952 [PHY     ] [I] [   804.7] PUCCH: rnti=0x4602 format=1 prb1=2 prb2=na symb=[0, 14) cs=0 occ=0 ack=2 metric=0.1 sinr=-20.5dB t=21.8us
2026-04-24T09:14:45.710341 [SCHED   ] [I] [  804.16] rnti=0x4602 h_id=1: Discarding DL HARQ process TB with tbs=54. Cause: Maximum number of reTxs 4 exceeded
2026-04-24T09:14:45.710367 [PHY     ] [I] [   804.8] PUCCH: rnti=0x4602 format=1 prb1=4 prb2=na symb=[0, 14) cs=0 occ=0 sr=no metric=0.2 sinr=-18.1dB t=12.6us
2026-04-24T09:14:45.710647 [PHY     ] [I] [   804.9] PUCCH: rnti=0x4602 format=2 prb=[7, 8) prb2=na symb=[4, 6) csi1=2222 sinr=-1.3dB t=14.4us
2026-04-24T09:14:45.730417 [PHY     ] [I] [   806.8] PUCCH: rnti=0x4602 format=1 prb1=4 prb2=na symb=[0, 14) cs=0 occ=0 sr=no metric=0.0 sinr=-34.0dB t=13.3us
2026-04-24T09:14:45.730644 [PHY     ] [I] [   806.9] PUCCH: rnti=0x4602 format=2 prb=[7, 8) prb2=na symb=[4, 6) csi1=2222 sinr=-4.1dB t=14.0us
2026-04-24T09:14:45.750428 [PHY     ] [I] [   808.8] PUCCH: rnti=0x4602 format=1 prb1=4 prb2=na symb=[0, 14) cs=0 occ=0 sr=no metric=0.3 sinr=-15.1dB t=13.5us
2026-04-24T09:14:45.750636 [PHY     ] [I] [   808.9] PUCCH: rnti=0x4602 format=2 prb=[7, 8) prb2=na symb=[4, 6) csi1=2222 sinr=-7.1dB t=9.0us
2026-04-24T09:14:45.770420 [PHY     ] [I] [   810.8] PUCCH: rnti=0x4602 format=1 prb1=4 prb2=na symb=[0, 14) cs=0 occ=0 sr=no metric=0.3 sinr=-17.8dB t=13.9us
2026-04-24T09:14:45.770591 [PHY     ] [I] [   810.9] PUCCH: rnti=0x4602 format=2 prb=[7, 8) prb2=na symb=[4, 6) csi1=2222 sinr=0.1dB t=10.0us
2026-04-24T09:14:45.787396 [SCHED   ] [I] [  812.10] Slot decisions pci=1 t=11us (1 PDSCH, 0 PUSCHs, 0 PUCCHs): DL: ue=0 c-rnti=0x4602 h_id=1 ss_id=2 rb=[0..2) k1=7 newtx=true rv=0 tbs=60 ri=1 dl_bo=0
2026-04-24T09:14:45.787404 [MAC     ] [I] [  812.10] DL PDU: ue=0 rnti=0x4602 size=60: TA_CMD: tag_id=0, ta_cmd=27
2026-04-24T09:14:45.787419 [PHY     ] [I] [  812.10] PDCCH: rnti=0x4602 ss_id=2 format=1_1 cce=10 al=2 t=11.1us
2026-04-24T09:14:45.787421 [PHY     ] [I] [  812.10] PDSCH: rnti=0x4602 h_id=1 k1=7 prb=[0, 2) symb=[2, 14) mod=16QAM rv=0 tbs=60 t=13.9us
2026-04-24T09:14:45.790405 [PHY     ] [I] [   812.8] PUCCH: rnti=0x4602 format=1 prb1=4 prb2=na symb=[0, 14) cs=0 occ=0 sr=no metric=0.0 sinr=-36.7dB t=14.1us
2026-04-24T09:14:45.790606 [PHY     ] [I] [   812.9] PUCCH: rnti=0x4602 format=2 prb=[7, 8) prb2=na symb=[4, 6) csi1=2222 sinr=0.1dB t=8.7us
2026-04-24T09:14:45.794936 [PHY     ] [I] [  812.17] PUCCH: rnti=0x4602 format=1 prb1=2 prb2=na symb=[0, 14) cs=0 occ=0 ack=2 metric=0.3 sinr=-16.6dB t=14.1us
2026-04-24T09:14:45.797402 [SCHED   ] [I] [  813.10] Slot decisions pci=1 t=7us (1 PDSCH, 0 PUSCHs, 0 PUCCHs): DL: ue=0 c-rnti=0x4602 h_id=1 ss_id=2 rb=[0..2) k1=7 newtx=false rv=2 tbs=60
2026-04-24T09:14:45.797425 [PHY     ] [I] [  813.10] PDCCH: rnti=0x4602 ss_id=2 format=1_1 cce=10 al=2 t=10.3us
2026-04-24T09:14:45.797463 [PHY     ] [I] [  813.10] PDSCH: rnti=0x4602 h_id=1 k1=7 prb=[0, 2) symb=[2, 14) mod=16QAM rv=2 tbs=60 t=21.1us
2026-04-24T09:14:45.804976 [PHY     ] [I] [  813.17] PUCCH: rnti=0x4602 format=1 prb1=2 prb2=na symb=[0, 14) cs=0 occ=0 ack=1 metric=1.6 sinr=-13.5dB t=28.0us
2026-04-24T09:14:45.810451 [PHY     ] [I] [   814.8] PUCCH: rnti=0x4602 format=1 prb1=4 prb2=na symb=[0, 14) cs=0 occ=0 sr=no metric=0.2 sinr=-22.2dB t=16.8us
2026-04-24T09:14:45.810661 [PHY     ] [I] [   814.9] PUCCH: rnti=0x4602 format=2 prb=[7, 8) prb2=na symb=[4, 6) csi1=2222 sinr=-3.0dB t=23.4us
2026-04-24T09:14:45.827425 [SCHED   ] [I] [  816.10] Slot decisions pci=1 t=21us (1 PDSCH, 0 PUSCHs, 0 PUCCHs): DL: ue=0 c-rnti=0x4602 h_id=1 ss_id=2 rb=[0..2) k1=7 newtx=true rv=0 tbs=60 ri=1 dl_bo=0
2026-04-24T09:14:45.827443 [MAC     ] [I] [  816.10] DL PDU: ue=0 rnti=0x4602 size=60: TA_CMD: tag_id=0, ta_cmd=29
2026-04-24T09:14:45.827462 [PHY     ] [I] [  816.10] PDCCH: rnti=0x4602 ss_id=2 format=1_1 cce=10 al=2 t=13.1us
2026-04-24T09:14:45.827473 [PHY     ] [I] [  816.10] PDSCH: rnti=0x4602 h_id=1 k1=7 prb=[0, 2) symb=[2, 14) mod=16QAM rv=0 tbs=60 t=15.9us
2026-04-24T09:14:45.830485 [PHY     ] [I] [   816.8] PUCCH: rnti=0x4602 format=1 prb1=4 prb2=na symb=[0, 14) cs=0 occ=0 sr=no metric=0.3 sinr=-18.7dB t=22.4us
2026-04-24T09:14:45.830636 [PHY     ] [I] [   816.9] PUCCH: rnti=0x4602 format=2 prb=[7, 8) prb2=na symb=[4, 6) csi1=2222 sinr=-5.3dB t=20.0us
2026-04-24T09:14:45.834886 [PHY     ] [I] [  816.17] PUCCH: rnti=0x4602 format=1 prb1=2 prb2=na symb=[0, 14) cs=0 occ=0 ack=2 metric=0.2 sinr=-22.3dB t=15.1us
2026-04-24T09:14:45.837413 [SCHED   ] [I] [  817.10] Slot decisions pci=1 t=9us (1 PDSCH, 0 PUSCHs, 0 PUCCHs): DL: ue=0 c-rnti=0x4602 h_id=1 ss_id=2 rb=[0..2) k1=7 newtx=false rv=2 tbs=60
2026-04-24T09:14:45.837439 [PHY     ] [I] [  817.10] PDCCH: rnti=0x4602 ss_id=2 format=1_1 cce=10 al=2 t=12.5us
2026-04-24T09:14:45.837463 [PHY     ] [I] [  817.10] PDSCH: rnti=0x4602 h_id=1 k1=7 prb=[0, 2) symb=[2, 14) mod=16QAM rv=2 tbs=60 t=23.1us
2026-04-24T09:14:45.844882 [PHY     ] [I] [  817.17] PUCCH: rnti=0x4602 format=1 prb1=2 prb2=na symb=[0, 14) cs=0 occ=0 ack=2 metric=0.1 sinr=-22.6dB t=13.7us
2026-04-24T09:14:45.847341 [SCHED   ] [I] [  818.10] Slot decisions pci=1 t=7us (1 PDSCH, 0 PUSCHs, 0 PUCCHs): DL: ue=0 c-rnti=0x4602 h_id=1 ss_id=2 rb=[0..2) k1=7 newtx=false rv=3 tbs=60
2026-04-24T09:14:45.847364 [PHY     ] [I] [  818.10] PDCCH: rnti=0x4602 ss_id=2 format=1_1 cce=10 al=2 t=10.3us
2026-04-24T09:14:45.847382 [PHY     ] [I] [  818.10] PDSCH: rnti=0x4602 h_id=1 k1=7 prb=[0, 2) symb=[2, 14) mod=16QAM rv=3 tbs=60 t=15.9us
2026-04-24T09:14:45.850362 [PHY     ] [I] [   818.8] PUCCH: rnti=0x4602 format=1 prb1=4 prb2=na symb=[0, 14) cs=0 occ=0 sr=no metric=0.1 sinr=-27.0dB t=15.9us
2026-04-24T09:14:45.850636 [PHY     ] [I] [   818.9] PUCCH: rnti=0x4602 format=2 prb=[7, 8) prb2=na symb=[4, 6) csi1=2222 sinr=-3.7dB t=8.9us
2026-04-24T09:14:45.854876 [PHY     ] [I] [  818.17] PUCCH: rnti=0x4602 format=1 prb1=2 prb2=na symb=[0, 14) cs=0 occ=0 ack=2 metric=0.2 sinr=-22.1dB t=13.7us
2026-04-24T09:14:45.857327 [SCHED   ] [I] [  819.10] Slot decisions pci=1 t=6us (1 PDSCH, 0 PUSCHs, 0 PUCCHs): DL: ue=0 c-rnti=0x4602 h_id=1 ss_id=2 rb=[0..2) k1=7 newtx=false rv=1 tbs=60
2026-04-24T09:14:45.857346 [PHY     ] [I] [  819.10] PDCCH: rnti=0x4602 ss_id=2 format=1_1 cce=10 al=2 t=8.1us
2026-04-24T09:14:45.857364 [PHY     ] [I] [  819.10] PDSCH: rnti=0x4602 h_id=1 k1=7 prb=[0, 2) symb=[2, 14) mod=16QAM rv=1 tbs=60 t=17.1us
2026-04-24T09:14:45.864879 [PHY     ] [I] [  819.17] PUCCH: rnti=0x4602 format=1 prb1=2 prb2=na symb=[0, 14) cs=0 occ=0 ack=2 metric=0.2 sinr=-17.1dB t=15.6us
2026-04-24T09:14:45.867378 [SCHED   ] [I] [  820.10] Slot decisions pci=1 t=7us (1 PDSCH, 0 PUSCHs, 0 PUCCHs): DL: ue=0 c-rnti=0x4602 h_id=1 ss_id=2 rb=[0..2) k1=7 newtx=false rv=0 tbs=60
2026-04-24T09:14:45.867403 [PHY     ] [I] [  820.10] PDCCH: rnti=0x4602 ss_id=2 format=1_1 cce=10 al=2 t=11.0us
2026-04-24T09:14:45.867423 [PHY     ] [I] [  820.10] PDSCH: rnti=0x4602 h_id=1 k1=7 prb=[0, 2) symb=[2, 14) mod=16QAM rv=0 tbs=60 t=17.0us
2026-04-24T09:14:45.870400 [PHY     ] [I] [   820.8] PUCCH: rnti=0x4602 format=1 prb1=4 prb2=na symb=[0, 14) cs=0 occ=0 sr=no metric=0.5 sinr=-17.2dB t=14.0us
2026-04-24T09:14:45.870657 [PHY     ] [I] [   820.9] PUCCH: rnti=0x4602 format=2 prb=[7, 8) prb2=na symb=[4, 6) csi1=2222 sinr=-1.3dB t=13.8us
2026-04-24T09:14:45.874901 [PHY     ] [I] [  820.17] PUCCH: rnti=0x4602 format=1 prb1=2 prb2=na symb=[0, 14) cs=0 occ=0 ack=2 metric=0.2 sinr=-29.3dB t=13.2us
2026-04-24T09:14:45.875408 [SCHED   ] [I] [   821.6] rnti=0x4602 h_id=1: Discarding DL HARQ process TB with tbs=60. Cause: Maximum number of reTxs 4 exceeded
2026-04-24T09:14:45.890374 [PHY     ] [I] [   822.8] PUCCH: rnti=0x4602 format=1 prb1=4 prb2=na symb=[0, 14) cs=0 occ=0 sr=no metric=0.3 sinr=-19.0dB t=12.6us
2026-04-24T09:14:45.890653 [PHY     ] [I] [   822.9] PUCCH: rnti=0x4602 format=2 prb=[7, 8) prb2=na symb=[4, 6) csi1=2222 sinr=-2.3dB t=12.2us
2026-04-24T09:14:45.910391 [PHY     ] [I] [   824.8] PUCCH: rnti=0x4602 format=1 prb1=4 prb2=na symb=[0, 14) cs=0 occ=0 sr=no metric=0.4 sinr=-16.1dB t=16.7us
2026-04-24T09:14:45.910674 [PHY     ] [I] [   824.9] PUCCH: rnti=0x4602 format=2 prb=[7, 8) prb2=na symb=[4, 6) csi1=2222 sinr=-9.6dB t=16.3us
2026-04-24T09:14:45.930424 [PHY     ] [I] [   826.8] PUCCH: rnti=0x4602 format=1 prb1=4 prb2=na symb=[0, 14) cs=0 occ=0 sr=no metric=0.4 sinr=-15.7dB t=18.3us
2026-04-24T09:14:45.930604 [PHY     ] [I] [   826.9] PUCCH: rnti=0x4602 format=2 prb=[7, 8) prb2=na symb=[4, 6) csi1=2222 sinr=-6.3dB t=23.9us
2026-04-24T09:14:45.950422 [PHY     ] [I] [   828.8] PUCCH: rnti=0x4602 format=1 prb1=4 prb2=na symb=[0, 14) cs=0 occ=0 sr=no metric=0.5 sinr=-24.3dB t=15.8us
2026-04-24T09:14:45.950608 [PHY     ] [I] [   828.9] PUCCH: rnti=0x4602 format=2 prb=[7, 8) prb2=na symb=[4, 6) csi1=2222 sinr=-3.7dB t=22.6us
2026-04-24T09:14:45.970416 [PHY     ] [I] [   830.8] PUCCH: rnti=0x4602 format=1 prb1=4 prb2=na symb=[0, 14) cs=0 occ=0 sr=no metric=0.4 sinr=-18.9dB t=14.3us
2026-04-24T09:14:45.970637 [PHY     ] [I] [   830.9] PUCCH: rnti=0x4602 format=2 prb=[7, 8) prb2=na symb=[4, 6) csi1=2222 sinr=-3.2dB t=24.1us
2026-04-24T09:14:45.990487 [PHY     ] [I] [   832.8] PUCCH: rnti=0x4602 format=1 prb1=4 prb2=na symb=[0, 14) cs=0 occ=0 sr=no metric=0.2 sinr=-21.3dB t=32.5us
2026-04-24T09:14:45.990622 [PHY     ] [I] [   832.9] PUCCH: rnti=0x4602 format=2 prb=[7, 8) prb2=na symb=[4, 6) csi1=2222 sinr=-2.4dB t=21.7us
2026-04-24T09:14:46.010497 [PHY     ] [I] [   834.8] PUCCH: rnti=0x4602 format=1 prb1=4 prb2=na symb=[0, 14) cs=0 occ=0 sr=no metric=0.3 sinr=-17.3dB t=17.6us
2026-04-24T09:14:46.010651 [PHY     ] [I] [   834.9] PUCCH: rnti=0x4602 format=2 prb=[7, 8) prb2=na symb=[4, 6) csi1=2222 sinr=-1.6dB t=20.4us
2026-04-24T09:14:46.030471 [PHY     ] [I] [   836.8] PUCCH: rnti=0x4602 format=1 prb1=4 prb2=na symb=[0, 14) cs=0 occ=0 sr=no metric=0.3 sinr=-15.4dB t=51.3us
2026-04-24T09:14:46.030689 [PHY     ] [I] [   836.9] PUCCH: rnti=0x4602 format=2 prb=[7, 8) prb2=na symb=[4, 6) csi1=2222 sinr=-6.5dB t=46.4us
2026-04-24T09:14:46.050389 [PHY     ] [I] [   838.8] PUCCH: rnti=0x4602 format=1 prb1=4 prb2=na symb=[0, 14) cs=0 occ=0 sr=no metric=0.4 sinr=-13.5dB t=19.6us
2026-04-24T09:14:46.050683 [PHY     ] [I] [   838.9] PUCCH: rnti=0x4602 format=2 prb=[7, 8) prb2=na symb=[4, 6) csi1=2222 sinr=-1.2dB t=25.2us
2026-04-24T09:14:46.070399 [PHY     ] [I] [   840.8] PUCCH: rnti=0x4602 format=1 prb1=4 prb2=na symb=[0, 14) cs=0 occ=0 sr=no metric=0.4 sinr=-13.8dB t=13.0us
2026-04-24T09:14:46.070673 [PHY     ] [I] [   840.9] PUCCH: rnti=0x4602 format=2 prb=[7, 8) prb2=na symb=[4, 6) csi1=2222 sinr=-5.5dB t=18.5us
2026-04-24T09:14:46.090412 [PHY     ] [I] [   842.8] PUCCH: rnti=0x4602 format=1 prb1=4 prb2=na symb=[0, 14) cs=0 occ=0 sr=no metric=0.0 sinr=-59.7dB t=22.2us
2026-04-24T09:14:46.090669 [PHY     ] [I] [   842.9] PUCCH: rnti=0x4602 format=2 prb=[7, 8) prb2=na symb=[4, 6) csi1=0100 sinr=-4.7dB t=17.6us
2026-04-24T09:14:46.110410 [PHY     ] [I] [   844.8] PUCCH: rnti=0x4602 format=1 prb1=4 prb2=na symb=[0, 14) cs=0 occ=0 sr=no metric=0.6 sinr=-14.2dB t=13.7us
2026-04-24T09:14:46.110622 [PHY     ] [I] [   844.9] PUCCH: rnti=0x4602 format=2 prb=[7, 8) prb2=na symb=[4, 6) csi1=2222 sinr=-1.8dB t=13.8us
2026-04-24T09:14:46.130410 [PHY     ] [I] [   846.8] PUCCH: rnti=0x4602 format=1 prb1=4 prb2=na symb=[0, 14) cs=0 occ=0 sr=no metric=0.2 sinr=-20.7dB t=12.0us
2026-04-24T09:14:46.130606 [PHY     ] [I] [   846.9] PUCCH: rnti=0x4602 format=2 prb=[7, 8) prb2=na symb=[4, 6) csi1=2222 sinr=-3.9dB t=9.3us
2026-04-24T09:14:46.150470 [PHY     ] [I] [   848.8] PUCCH: rnti=0x4602 format=1 prb1=4 prb2=na symb=[0, 14) cs=0 occ=0 sr=no metric=0.1 sinr=-27.2dB t=28.9us
2026-04-24T09:14:46.150640 [PHY     ] [I] [   848.9] PUCCH: rnti=0x4602 format=2 prb=[7, 8) prb2=na symb=[4, 6) csi1=2222 sinr=-9.2dB t=15.5us
2026-04-24T09:14:46.170473 [PHY     ] [I] [   850.8] PUCCH: rnti=0x4602 format=1 prb1=4 prb2=na symb=[0, 14) cs=0 occ=0 sr=no metric=0.3 sinr=-22.0dB t=19.0us
2026-04-24T09:14:46.170657 [PHY     ] [I] [   850.9] PUCCH: rnti=0x4602 format=2 prb=[7, 8) prb2=na symb=[4, 6) csi1=2222 sinr=-10.5dB t=28.8us
2026-04-24T09:14:46.190381 [PHY     ] [I] [   852.8] PUCCH: rnti=0x4602 format=1 prb1=4 prb2=na symb=[0, 14) cs=0 occ=0 sr=no metric=0.1 sinr=-25.4dB t=15.2us
2026-04-24T09:14:46.190646 [PHY     ] [I] [   852.9] PUCCH: rnti=0x4602 format=2 prb=[7, 8) prb2=na symb=[4, 6) csi1=2222 sinr=-3.8dB t=13.7us
2026-04-24T09:14:46.210378 [PHY     ] [I] [   854.8] PUCCH: rnti=0x4602 format=1 prb1=4 prb2=na symb=[0, 14) cs=0 occ=0 sr=no metric=0.1 sinr=-31.6dB t=12.5us
2026-04-24T09:14:46.210658 [PHY     ] [I] [   854.9] PUCCH: rnti=0x4602 format=2 prb=[7, 8) prb2=na symb=[4, 6) csi1=2222 sinr=-5.0dB t=14.7us
2026-04-24T09:14:46.230382 [PHY     ] [I] [   856.8] PUCCH: rnti=0x4602 format=1 prb1=4 prb2=na symb=[0, 14) cs=0 occ=0 sr=no metric=0.4 sinr=-19.2dB t=12.0us
2026-04-24T09:14:46.230656 [PHY     ] [I] [   856.9] PUCCH: rnti=0x4602 format=2 prb=[7, 8) prb2=na symb=[4, 6) csi1=2222 sinr=2.4dB t=12.7us
2026-04-24T09:14:46.232421 [SCHED   ] [I] [   857.0] Slot decisions pci=1 t=18us (1 PDSCH, 0 PUSCHs, 0 PUCCHs): DL: ue=0 c-rnti=0x4602 h_id=1 ss_id=2 rb=[20..22) k1=7 newtx=true rv=0 tbs=7 ri=1 dl_bo=0
2026-04-24T09:14:46.232442 [MAC     ] [I] [   857.0] DL PDU: ue=0 rnti=0x4602 size=7: TA_CMD: tag_id=0, ta_cmd=30
2026-04-24T09:14:46.232470 [PHY     ] [I] [   857.0] PDCCH: rnti=0x4602 ss_id=2 format=1_1 cce=14 al=2 t=13.9us
2026-04-24T09:14:46.232487 [PHY     ] [I] [   857.0] PDSCH: rnti=0x4602 h_id=1 k1=7 prb=[20, 22) symb=[2, 14) mod=QPSK rv=0 tbs=7 t=20.4us
2026-04-24T09:14:46.239956 [PHY     ] [I] [   857.7] PUCCH: rnti=0x4602 format=1 prb1=2 prb2=na symb=[0, 14) cs=0 occ=0 ack=2 metric=0.3 sinr=-17.1dB t=14.1us
2026-04-24T09:14:46.242411 [SCHED   ] [I] [   858.0] Slot decisions pci=1 t=8us (1 PDSCH, 0 PUSCHs, 0 PUCCHs): DL: ue=0 c-rnti=0x4602 h_id=1 ss_id=2 rb=[20..22) k1=7 newtx=false rv=2 tbs=7
2026-04-24T09:14:46.242443 [PHY     ] [I] [   858.0] PDCCH: rnti=0x4602 ss_id=2 format=1_1 cce=14 al=2 t=13.8us
2026-04-24T09:14:46.242462 [PHY     ] [I] [   858.0] PDSCH: rnti=0x4602 h_id=1 k1=7 prb=[20, 22) symb=[2, 14) mod=QPSK rv=2 tbs=7 t=26.8us
2026-04-24T09:14:46.249891 [PHY     ] [I] [   858.7] PUCCH: rnti=0x4602 format=1 prb1=2 prb2=na symb=[0, 14) cs=0 occ=0 ack=2 metric=0.1 sinr=-28.8dB t=15.4us
2026-04-24T09:14:46.250438 [PHY     ] [I] [   858.8] PUCCH: rnti=0x4602 format=1 prb1=4 prb2=na symb=[0, 14) cs=0 occ=0 sr=no metric=0.3 sinr=-16.7dB t=26.4us
2026-04-24T09:14:46.250661 [PHY     ] [I] [   858.9] PUCCH: rnti=0x4602 format=2 prb=[7, 8) prb2=na symb=[4, 6) csi1=2222 sinr=-6.9dB t=9.7us
2026-04-24T09:14:46.252423 [SCHED   ] [I] [   859.0] Slot decisions pci=1 t=9us (1 PDSCH, 0 PUSCHs, 0 PUCCHs): DL: ue=0 c-rnti=0x4602 h_id=1 ss_id=2 rb=[20..22) k1=7 newtx=false rv=3 tbs=7
2026-04-24T09:14:46.252453 [PHY     ] [I] [   859.0] PDCCH: rnti=0x4602 ss_id=2 format=1_1 cce=14 al=2 t=11.3us
2026-04-24T09:14:46.252468 [PHY     ] [I] [   859.0] PDSCH: rnti=0x4602 h_id=1 k1=7 prb=[20, 22) symb=[2, 14) mod=QPSK rv=3 tbs=7 t=22.3us
2026-04-24T09:14:46.259901 [PHY     ] [I] [   859.7] PUCCH: rnti=0x4602 format=1 prb1=2 prb2=na symb=[0, 14) cs=0 occ=0 ack=2 metric=0.5 sinr=-15.2dB t=22.7us
2026-04-24T09:14:46.262434 [SCHED   ] [I] [   860.0] Slot decisions pci=1 t=9us (1 PDSCH, 0 PUSCHs, 0 PUCCHs): DL: ue=0 c-rnti=0x4602 h_id=1 ss_id=2 rb=[20..22) k1=7 newtx=false rv=1 tbs=7
2026-04-24T09:14:46.262464 [PHY     ] [I] [   860.0] PDCCH: rnti=0x4602 ss_id=2 format=1_1 cce=14 al=2 t=7.6us
2026-04-24T09:14:46.262487 [PHY     ] [I] [   860.0] PDSCH: rnti=0x4602 h_id=1 k1=7 prb=[20, 22) symb=[2, 14) mod=QPSK rv=1 tbs=7 t=21.4us
2026-04-24T09:14:46.269913 [PHY     ] [I] [   860.7] PUCCH: rnti=0x4602 format=1 prb1=2 prb2=na symb=[0, 14) cs=0 occ=0 ack=2 metric=0.2 sinr=-33.4dB t=12.8us
2026-04-24T09:14:46.270414 [PHY     ] [I] [   860.8] PUCCH: rnti=0x4602 format=1 prb1=4 prb2=na symb=[0, 14) cs=0 occ=0 sr=no metric=0.1 sinr=-33.9dB t=12.1us
2026-04-24T09:14:46.270594 [PHY     ] [I] [   860.9] PUCCH: rnti=0x4602 format=2 prb=[7, 8) prb2=na symb=[4, 6) csi1=2222 sinr=-2.6dB t=9.6us
2026-04-24T09:14:46.272342 [SCHED   ] [I] [   861.0] Slot decisions pci=1 t=8us (1 PDSCH, 0 PUSCHs, 0 PUCCHs): DL: ue=0 c-rnti=0x4602 h_id=1 ss_id=2 rb=[20..22) k1=7 newtx=false rv=0 tbs=7
2026-04-24T09:14:46.272367 [PHY     ] [I] [   861.0] PDCCH: rnti=0x4602 ss_id=2 format=1_1 cce=14 al=2 t=8.8us
2026-04-24T09:14:46.272378 [PHY     ] [I] [   861.0] PDSCH: rnti=0x4602 h_id=1 k1=7 prb=[20, 22) symb=[2, 14) mod=QPSK rv=0 tbs=7 t=17.4us
2026-04-24T09:14:46.279886 [PHY     ] [I] [   861.7] PUCCH: rnti=0x4602 format=1 prb1=2 prb2=na symb=[0, 14) cs=0 occ=0 ack=2 metric=0.1 sinr=-31.5dB t=13.4us
2026-04-24T09:14:46.280394 [SCHED   ] [I] [  861.16] rnti=0x4602 h_id=1: Discarding DL HARQ process TB with tbs=7. Cause: Maximum number of reTxs 4 exceeded
2026-04-24T09:14:46.290421 [PHY     ] [I] [   862.8] PUCCH: rnti=0x4602 format=1 prb1=4 prb2=na symb=[0, 14) cs=0 occ=0 sr=no metric=0.3 sinr=-17.8dB t=15.7us
2026-04-24T09:14:46.290613 [PHY     ] [I] [   862.9] PUCCH: rnti=0x4602 format=2 prb=[7, 8) prb2=na symb=[4, 6) csi1=2222 sinr=-9.0dB t=18.4us
2026-04-24T09:14:46.310484 [PHY     ] [I] [   864.8] PUCCH: rnti=0x4602 format=1 prb1=4 prb2=na symb=[0, 14) cs=0 occ=0 sr=no metric=0.2 sinr=-17.0dB t=31.1us
2026-04-24T09:14:46.310678 [PHY     ] [I] [   864.9] PUCCH: rnti=0x4602 format=2 prb=[7, 8) prb2=na symb=[4, 6) csi1=2222 sinr=2.3dB t=31.5us
2026-04-24T09:14:46.312387 [SCHED   ] [I] [   865.0] Slot decisions pci=1 t=31us (1 PDSCH, 0 PUSCHs, 0 PUCCHs): DL: ue=0 c-rnti=0x4602 h_id=1 ss_id=2 rb=[20..22) k1=7 newtx=true rv=0 tbs=7 ri=1 dl_bo=0
2026-04-24T09:14:46.312413 [MAC     ] [I] [   865.0] DL PDU: ue=0 rnti=0x4602 size=7: TA_CMD: tag_id=0, ta_cmd=34
2026-04-24T09:14:46.312436 [PHY     ] [I] [   865.0] PDCCH: rnti=0x4602 ss_id=2 format=1_1 cce=14 al=2 t=18.3us
2026-04-24T09:14:46.312460 [PHY     ] [I] [   865.0] PDSCH: rnti=0x4602 h_id=1 k1=7 prb=[20, 22) symb=[2, 14) mod=QPSK rv=0 tbs=7 t=39.8us
2026-04-24T09:14:46.319956 [PHY     ] [I] [   865.7] PUCCH: rnti=0x4602 format=1 prb1=2 prb2=na symb=[0, 14) cs=0 occ=0 ack=2 metric=0.4 sinr=-14.1dB t=38.3us
2026-04-24T09:14:46.322398 [SCHED   ] [I] [   866.0] Slot decisions pci=1 t=24us (1 PDSCH, 0 PUSCHs, 0 PUCCHs): DL: ue=0 c-rnti=0x4602 h_id=1 ss_id=2 rb=[20..22) k1=7 newtx=false rv=2 tbs=7
2026-04-24T09:14:46.322471 [PHY     ] [I] [   866.0] PDCCH: rnti=0x4602 ss_id=2 format=1_1 cce=14 al=2 t=28.3us
2026-04-24T09:14:46.322502 [PHY     ] [I] [   866.0] PDSCH: rnti=0x4602 h_id=1 k1=7 prb=[20, 22) symb=[2, 14) mod=QPSK rv=2 tbs=7 t=45.6us
2026-04-24T09:14:46.329926 [PHY     ] [I] [   866.7] PUCCH: rnti=0x4602 format=1 prb1=2 prb2=na symb=[0, 14) cs=0 occ=0 ack=2 metric=0.4 sinr=-16.3dB t=25.5us
2026-04-24T09:14:46.330451 [PHY     ] [I] [   866.8] PUCCH: rnti=0x4602 format=1 prb1=4 prb2=na symb=[0, 14) cs=0 occ=0 sr=no metric=0.1 sinr=-23.4dB t=30.2us
2026-04-24T09:14:46.330695 [PHY     ] [I] [   866.9] PUCCH: rnti=0x4602 format=2 prb=[7, 8) prb2=na symb=[4, 6) csi1=2222 sinr=-14.1dB t=26.5us
2026-04-24T09:14:46.332401 [SCHED   ] [I] [   867.0] Slot decisions pci=1 t=9us (1 PDSCH, 0 PUSCHs, 0 PUCCHs): DL: ue=0 c-rnti=0x4602 h_id=1 ss_id=2 rb=[20..22) k1=7 newtx=false rv=3 tbs=7
2026-04-24T09:14:46.332433 [PHY     ] [I] [   867.0] PDCCH: rnti=0x4602 ss_id=2 format=1_1 cce=14 al=2 t=12.0us
2026-04-24T09:14:46.332457 [PHY     ] [I] [   867.0] PDSCH: rnti=0x4602 h_id=1 k1=7 prb=[20, 22) symb=[2, 14) mod=QPSK rv=3 tbs=7 t=29.1us
2026-04-24T09:14:46.339912 [PHY     ] [I] [   867.7] PUCCH: rnti=0x4602 format=1 prb1=2 prb2=na symb=[0, 14) cs=0 occ=0 ack=2 metric=0.2 sinr=-17.4dB t=12.8us
2026-04-24T09:14:46.342395 [SCHED   ] [I] [   868.0] Slot decisions pci=1 t=6us (1 PDSCH, 0 PUSCHs, 0 PUCCHs): DL: ue=0 c-rnti=0x4602 h_id=1 ss_id=2 rb=[20..22) k1=7 newtx=false rv=1 tbs=7
2026-04-24T09:14:46.342422 [PHY     ] [I] [   868.0] PDCCH: rnti=0x4602 ss_id=2 format=1_1 cce=14 al=2 t=10.3us
2026-04-24T09:14:46.342429 [PHY     ] [I] [   868.0] PDSCH: rnti=0x4602 h_id=1 k1=7 prb=[20, 22) symb=[2, 14) mod=QPSK rv=1 tbs=7 t=15.1us
2026-04-24T09:14:46.349979 [PHY     ] [I] [   868.7] PUCCH: rnti=0x4602 format=1 prb1=2 prb2=na symb=[0, 14) cs=0 occ=0 ack=2 metric=0.3 sinr=-14.6dB t=26.7us
2026-04-24T09:14:46.350481 [PHY     ] [I] [   868.8] PUCCH: rnti=0x4602 format=1 prb1=4 prb2=na symb=[0, 14) cs=0 occ=0 sr=no metric=0.3 sinr=-14.2dB t=14.0us
2026-04-24T09:14:46.350632 [PHY     ] [I] [   868.9] PUCCH: rnti=0x4602 format=2 prb=[7, 8) prb2=na symb=[4, 6) csi1=2222 sinr=-2.0dB t=8.7us
2026-04-24T09:14:46.352379 [SCHED   ] [I] [   869.0] Slot decisions pci=1 t=10us (1 PDSCH, 0 PUSCHs, 0 PUCCHs): DL: ue=0 c-rnti=0x4602 h_id=1 ss_id=2 rb=[20..22) k1=7 newtx=false rv=0 tbs=7
2026-04-24T09:14:46.352415 [PHY     ] [I] [   869.0] PDCCH: rnti=0x4602 ss_id=2 format=1_1 cce=14 al=2 t=9.4us
2026-04-24T09:14:46.352425 [PHY     ] [I] [   869.0] PDSCH: rnti=0x4602 h_id=1 k1=7 prb=[20, 22) symb=[2, 14) mod=QPSK rv=0 tbs=7 t=18.5us
2026-04-24T09:14:46.359952 [PHY     ] [I] [   869.7] PUCCH: rnti=0x4602 format=1 prb1=2 prb2=na symb=[0, 14) cs=0 occ=0 ack=2 metric=0.5 sinr=-20.3dB t=13.1us
2026-04-24T09:14:46.360355 [SCHED   ] [I] [  869.16] rnti=0x4602 h_id=1: Discarding DL HARQ process TB with tbs=7. Cause: Maximum number of reTxs 4 exceeded
2026-04-24T09:14:46.370413 [PHY     ] [I] [   870.8] PUCCH: rnti=0x4602 format=1 prb1=4 prb2=na symb=[0, 14) cs=0 occ=0 sr=no metric=0.2 sinr=-20.1dB t=15.2us
2026-04-24T09:14:46.370672 [PHY     ] [I] [   870.9] PUCCH: rnti=0x4602 format=2 prb=[7, 8) prb2=na symb=[4, 6) csi1=2222 sinr=-4.7dB t=13.0us
2026-04-24T09:14:46.390420 [PHY     ] [I] [   872.8] PUCCH: rnti=0x4602 format=1 prb1=4 prb2=na symb=[0, 14) cs=0 occ=0 sr=no metric=0.5 sinr=-19.5dB t=30.2us
2026-04-24T09:14:46.390684 [PHY     ] [I] [   872.9] PUCCH: rnti=0x4602 format=2 prb=[7, 8) prb2=na symb=[4, 6) csi1=2222 sinr=-5.7dB t=22.6us
2026-04-24T09:14:46.410403 [PHY     ] [I] [   874.8] PUCCH: rnti=0x4602 format=1 prb1=4 prb2=na symb=[0, 14) cs=0 occ=0 sr=no metric=0.4 sinr=-16.0dB t=14.7us
2026-04-24T09:14:46.410666 [PHY     ] [I] [   874.9] PUCCH: rnti=0x4602 format=2 prb=[7, 8) prb2=na symb=[4, 6) csi1=2222 sinr=-6.7dB t=12.6us
2026-04-24T09:14:46.430408 [PHY     ] [I] [   876.8] PUCCH: rnti=0x4602 format=1 prb1=4 prb2=na symb=[0, 14) cs=0 occ=0 sr=no metric=0.3 sinr=-13.6dB t=16.1us
2026-04-24T09:14:46.430662 [PHY     ] [I] [   876.9] PUCCH: rnti=0x4602 format=2 prb=[7, 8) prb2=na symb=[4, 6) csi1=2222 sinr=-8.0dB t=14.5us
2026-04-24T09:14:46.450417 [PHY     ] [I] [   878.8] PUCCH: rnti=0x4602 format=1 prb1=4 prb2=na symb=[0, 14) cs=0 occ=0 sr=no metric=0.1 sinr=-28.0dB t=13.9us
2026-04-24T09:14:46.450619 [PHY     ] [I] [   878.9] PUCCH: rnti=0x4602 format=2 prb=[7, 8) prb2=na symb=[4, 6) csi1=2222 sinr=0.5dB t=16.0us
2026-04-24T09:14:46.470436 [PHY     ] [I] [   880.8] PUCCH: rnti=0x4602 format=1 prb1=4 prb2=na symb=[0, 14) cs=0 occ=0 sr=no metric=0.2 sinr=-21.7dB t=14.4us
2026-04-24T09:14:46.470606 [PHY     ] [I] [   880.9] PUCCH: rnti=0x4602 format=2 prb=[7, 8) prb2=na symb=[4, 6) csi1=2222 sinr=-2.2dB t=9.8us
2026-04-24T09:14:46.474417 [SCHED   ] [I] [   881.4] Slot decisions pci=1 t=27us (1 PDSCH, 0 PUSCHs, 0 PUCCHs): DL: ue=0 c-rnti=0x4602 h_id=1 ss_id=2 rb=[0..2) k1=4 newtx=true rv=0 tbs=7 ri=1 dl_bo=0
2026-04-24T09:14:46.474433 [MAC     ] [I] [   881.4] DL PDU: ue=0 rnti=0x4602 size=7: TA_CMD: tag_id=0, ta_cmd=26
2026-04-24T09:14:46.474448 [PHY     ] [I] [   881.4] PDCCH: rnti=0x4602 ss_id=2 format=1_1 cce=0 al=2 t=9.9us
2026-04-24T09:14:46.474474 [PHY     ] [I] [   881.4] PDSCH: rnti=0x4602 h_id=1 k1=4 prb=[0, 2) symb=[2, 14) mod=QPSK rv=0 tbs=7 t=26.5us
2026-04-24T09:14:46.480479 [PHY     ] [I] [   881.8] PUCCH: rnti=0x4602 format=1 prb1=2 prb2=na symb=[0, 14) cs=0 occ=0 ack=2 metric=0.6 sinr=-15.7dB t=22.4us
2026-04-24T09:14:46.482389 [SCHED   ] [I] [   882.0] Slot decisions pci=1 t=11us (1 PDSCH, 0 PUSCHs, 0 PUCCHs): DL: ue=0 c-rnti=0x4602 h_id=1 ss_id=2 rb=[20..22) k1=7 newtx=false rv=2 tbs=7
2026-04-24T09:14:46.482427 [PHY     ] [I] [   882.0] PDCCH: rnti=0x4602 ss_id=2 format=1_1 cce=14 al=2 t=11.4us
2026-04-24T09:14:46.482447 [PHY     ] [I] [   882.0] PDSCH: rnti=0x4602 h_id=1 k1=7 prb=[20, 22) symb=[2, 14) mod=QPSK rv=2 tbs=7 t=18.7us
2026-04-24T09:14:46.489925 [PHY     ] [I] [   882.7] PUCCH: rnti=0x4602 format=1 prb1=2 prb2=na symb=[0, 14) cs=0 occ=0 ack=2 metric=0.1 sinr=-21.6dB t=17.9us
2026-04-24T09:14:46.490428 [PHY     ] [I] [   882.8] PUCCH: rnti=0x4602 format=1 prb1=4 prb2=na symb=[0, 14) cs=0 occ=0 sr=no metric=0.3 sinr=-21.1dB t=12.1us
2026-04-24T09:14:46.490646 [PHY     ] [I] [   882.9] PUCCH: rnti=0x4602 format=2 prb=[7, 8) prb2=na symb=[4, 6) csi1=2222 sinr=-7.8dB t=9.2us
2026-04-24T09:14:46.492375 [SCHED   ] [I] [   883.0] Slot decisions pci=1 t=6us (1 PDSCH, 0 PUSCHs, 0 PUCCHs): DL: ue=0 c-rnti=0x4602 h_id=1 ss_id=2 rb=[20..22) k1=7 newtx=false rv=3 tbs=7
2026-04-24T09:14:46.492396 [PHY     ] [I] [   883.0] PDCCH: rnti=0x4602 ss_id=2 format=1_1 cce=14 al=2 t=10.2us
2026-04-24T09:14:46.492416 [PHY     ] [I] [   883.0] PDSCH: rnti=0x4602 h_id=1 k1=7 prb=[20, 22) symb=[2, 14) mod=QPSK rv=3 tbs=7 t=22.0us
2026-04-24T09:14:46.499919 [PHY     ] [I] [   883.7] PUCCH: rnti=0x4602 format=1 prb1=2 prb2=na symb=[0, 14) cs=0 occ=0 ack=2 metric=1.0 sinr=-13.6dB t=13.3us
2026-04-24T09:14:46.502378 [SCHED   ] [I] [   884.0] Slot decisions pci=1 t=7us (1 PDSCH, 0 PUSCHs, 0 PUCCHs): DL: ue=0 c-rnti=0x4602 h_id=1 ss_id=2 rb=[20..22) k1=7 newtx=false rv=1 tbs=7
2026-04-24T09:14:46.502402 [PHY     ] [I] [   884.0] PDCCH: rnti=0x4602 ss_id=2 format=1_1 cce=14 al=2 t=10.0us
2026-04-24T09:14:46.502414 [PHY     ] [I] [   884.0] PDSCH: rnti=0x4602 h_id=1 k1=7 prb=[20, 22) symb=[2, 14) mod=QPSK rv=1 tbs=7 t=14.2us
2026-04-24T09:14:46.509921 [PHY     ] [I] [   884.7] PUCCH: rnti=0x4602 format=1 prb1=2 prb2=na symb=[0, 14) cs=0 occ=0 ack=2 metric=0.0 sinr=-27.0dB t=13.0us
2026-04-24T09:14:46.510448 [PHY     ] [I] [   884.8] PUCCH: rnti=0x4602 format=1 prb1=4 prb2=na symb=[0, 14) cs=0 occ=0 sr=no metric=0.7 sinr=-15.6dB t=13.3us
2026-04-24T09:14:46.510654 [PHY     ] [I] [   884.9] PUCCH: rnti=0x4602 format=2 prb=[7, 8) prb2=na symb=[4, 6) csi1=2222 sinr=1.9dB t=14.4us
2026-04-24T09:14:46.512388 [SCHED   ] [I] [   885.0] Slot decisions pci=1 t=5us (1 PDSCH, 0 PUSCHs, 0 PUCCHs): DL: ue=0 c-rnti=0x4602 h_id=1 ss_id=2 rb=[20..22) k1=7 newtx=false rv=0 tbs=7
2026-04-24T09:14:46.512415 [PHY     ] [I] [   885.0] PDCCH: rnti=0x4602 ss_id=2 format=1_1 cce=14 al=2 t=9.0us
2026-04-24T09:14:46.512432 [PHY     ] [I] [   885.0] PDSCH: rnti=0x4602 h_id=1 k1=7 prb=[20, 22) symb=[2, 14) mod=QPSK rv=0 tbs=7 t=15.6us
2026-04-24T09:14:46.514871 [SCHED   ] [I] [   885.5] Slot decisions pci=1 t=9us (1 PDSCH, 0 PUSCHs, 0 PUCCHs): DL: ue=0 c-rnti=0x4602 h_id=0 ss_id=2 rb=[0..2) k1=4 newtx=true rv=0 tbs=7 ri=1 dl_bo=0
2026-04-24T09:14:46.514879 [MAC     ] [I] [   885.5] DL PDU: ue=0 rnti=0x4602 size=7: TA_CMD: tag_id=0, ta_cmd=34
2026-04-24T09:14:46.514891 [PHY     ] [I] [   885.5] PDCCH: rnti=0x4602 ss_id=2 format=1_1 cce=14 al=2 t=9.2us
2026-04-24T09:14:46.514910 [PHY     ] [I] [   885.5] PDSCH: rnti=0x4602 h_id=0 k1=4 prb=[0, 2) symb=[2, 14) mod=QPSK rv=0 tbs=7 t=16.5us
2026-04-24T09:14:46.519944 [PHY     ] [I] [   885.7] PUCCH: rnti=0x4602 format=1 prb1=2 prb2=na symb=[0, 14) cs=0 occ=0 ack=2 metric=0.5 sinr=-17.5dB t=14.0us
2026-04-24T09:14:46.520348 [SCHED   ] [I] [  885.16] rnti=0x4602 h_id=1: Discarding DL HARQ process TB with tbs=7. Cause: Maximum number of reTxs 4 exceeded
2026-04-24T09:14:46.520906 [PHY     ] [I] [   885.9] PUCCH: rnti=0x4602 format=1 prb1=2 prb2=na symb=[0, 14) cs=0 occ=0 ack=2 metric=0.4 sinr=-14.1dB t=18.1us
2026-04-24T09:14:46.522410 [SCHED   ] [I] [   886.0] Slot decisions pci=1 t=16us (1 PDSCH, 0 PUSCHs, 0 PUCCHs): DL: ue=0 c-rnti=0x4602 h_id=0 ss_id=2 rb=[20..22) k1=7 newtx=false rv=2 tbs=7
2026-04-24T09:14:46.522464 [PHY     ] [I] [   886.0] PDCCH: rnti=0x4602 ss_id=2 format=1_1 cce=14 al=2 t=15.7us
2026-04-24T09:14:46.522477 [PHY     ] [I] [   886.0] PDSCH: rnti=0x4602 h_id=0 k1=7 prb=[20, 22) symb=[2, 14) mod=QPSK rv=2 tbs=7 t=26.7us
2026-04-24T09:14:46.529930 [PHY     ] [I] [   886.7] PUCCH: rnti=0x4602 format=1 prb1=2 prb2=na symb=[0, 14) cs=0 occ=0 ack=2 metric=0.4 sinr=-21.3dB t=16.5us
2026-04-24T09:14:46.529956 [SCHED   ] [I] [  886.15] Slot decisions pci=1 t=19us (1 PDSCH, 0 PUSCHs, 0 PUCCHs): DL: ue=0 c-rnti=0x4602 h_id=0 ss_id=2 rb=[0..2) k1=4 newtx=false rv=3 tbs=7
2026-04-24T09:14:46.529988 [PHY     ] [I] [  886.15] PDCCH: rnti=0x4602 ss_id=2 format=1_1 cce=10 al=2 t=14.4us
2026-04-24T09:14:46.530014 [PHY     ] [I] [  886.15] PDSCH: rnti=0x4602 h_id=0 k1=4 prb=[0, 2) symb=[2, 14) mod=QPSK rv=3 tbs=7 t=24.5us
2026-04-24T09:14:46.530382 [PHY     ] [I] [   886.8] PUCCH: rnti=0x4602 format=1 prb1=4 prb2=na symb=[0, 14) cs=0 occ=0 sr=no metric=0.5 sinr=-14.6dB t=11.7us
2026-04-24T09:14:46.530705 [PHY     ] [I] [   886.9] PUCCH: rnti=0x4602 format=2 prb=[7, 8) prb2=na symb=[4, 6) csi1=2222 sinr=-18.0dB t=22.2us
2026-04-24T09:14:46.535977 [PHY     ] [I] [  886.19] PUCCH: rnti=0x4602 format=1 prb1=2 prb2=na symb=[0, 14) cs=0 occ=0 ack=2 metric=0.5 sinr=-15.6dB t=16.2us
2026-04-24T09:14:46.537355 [SCHED   ] [I] [  887.10] Slot decisions pci=1 t=10us (1 PDSCH, 0 PUSCHs, 0 PUCCHs): DL: ue=0 c-rnti=0x4602 h_id=0 ss_id=2 rb=[0..2) k1=7 newtx=false rv=1 tbs=7
2026-04-24T09:14:46.537382 [PHY     ] [I] [  887.10] PDCCH: rnti=0x4602 ss_id=2 format=1_1 cce=10 al=2 t=12.7us
2026-04-24T09:14:46.537405 [PHY     ] [I] [  887.10] PDSCH: rnti=0x4602 h_id=0 k1=7 prb=[0, 2) symb=[2, 14) mod=QPSK rv=1 tbs=7 t=28.0us
2026-04-24T09:14:46.544914 [PHY     ] [I] [  887.17] PUCCH: rnti=0x4602 format=1 prb1=2 prb2=na symb=[0, 14) cs=0 occ=0 ack=2 metric=0.6 sinr=-24.1dB t=24.2us
2026-04-24T09:14:46.547360 [SCHED   ] [I] [  888.10] Slot decisions pci=1 t=10us (1 PDSCH, 0 PUSCHs, 0 PUCCHs): DL: ue=0 c-rnti=0x4602 h_id=0 ss_id=2 rb=[0..2) k1=7 newtx=false rv=0 tbs=7
2026-04-24T09:14:46.547387 [PHY     ] [I] [  888.10] PDCCH: rnti=0x4602 ss_id=2 format=1_1 cce=10 al=2 t=12.5us
2026-04-24T09:14:46.547401 [PHY     ] [I] [  888.10] PDSCH: rnti=0x4602 h_id=0 k1=7 prb=[0, 2) symb=[2, 14) mod=QPSK rv=0 tbs=7 t=18.2us
2026-04-24T09:14:46.550412 [PHY     ] [I] [   888.8] PUCCH: rnti=0x4602 format=1 prb1=4 prb2=na symb=[0, 14) cs=0 occ=0 sr=no metric=0.2 sinr=-23.7dB t=14.2us
2026-04-24T09:14:46.550674 [PHY     ] [I] [   888.9] PUCCH: rnti=0x4602 format=2 prb=[7, 8) prb2=na symb=[4, 6) csi1=2222 sinr=-4.7dB t=20.0us
2026-04-24T09:14:46.554901 [PHY     ] [I] [  888.17] PUCCH: rnti=0x4602 format=1 prb1=2 prb2=na symb=[0, 14) cs=0 occ=0 ack=2 metric=0.5 sinr=-18.3dB t=13.5us
2026-04-24T09:14:46.555433 [SCHED   ] [I] [   889.6] rnti=0x4602 h_id=0: Discarding DL HARQ process TB with tbs=7. Cause: Maximum number of reTxs 4 exceeded
2026-04-24T09:14:46.570393 [PHY     ] [I] [   890.8] PUCCH: rnti=0x4602 format=1 prb1=4 prb2=na symb=[0, 14) cs=0 occ=0 sr=no metric=0.2 sinr=-17.8dB t=13.5us
2026-04-24T09:14:46.570674 [PHY     ] [I] [   890.9] PUCCH: rnti=0x4602 format=2 prb=[7, 8) prb2=na symb=[4, 6) csi1=2222 sinr=-0.5dB t=15.4us
2026-04-24T09:14:46.590404 [PHY     ] [I] [   892.8] PUCCH: rnti=0x4602 format=1 prb1=4 prb2=na symb=[0, 14) cs=0 occ=0 sr=no metric=0.2 sinr=-26.2dB t=12.8us
2026-04-24T09:14:46.590678 [PHY     ] [I] [   892.9] PUCCH: rnti=0x4602 format=2 prb=[7, 8) prb2=na symb=[4, 6) csi1=2222 sinr=-8.0dB t=9.1us
2026-04-24T09:14:46.610437 [PHY     ] [I] [   894.8] PUCCH: rnti=0x4602 format=1 prb1=4 prb2=na symb=[0, 14) cs=0 occ=0 sr=no metric=0.1 sinr=-21.8dB t=18.8us
2026-04-24T09:14:46.610613 [PHY     ] [I] [   894.9] PUCCH: rnti=0x4602 format=2 prb=[7, 8) prb2=na symb=[4, 6) csi1=2222 sinr=-10.7dB t=14.8us
2026-04-24T09:14:46.630440 [PHY     ] [I] [   896.8] PUCCH: rnti=0x4602 format=1 prb1=4 prb2=na symb=[0, 14) cs=0 occ=0 sr=no metric=0.4 sinr=-18.8dB t=16.4us
2026-04-24T09:14:46.630615 [PHY     ] [I] [   896.9] PUCCH: rnti=0x4602 format=2 prb=[7, 8) prb2=na symb=[4, 6) csi1=2222 sinr=0.2dB t=13.0us
2026-04-24T09:14:46.637435 [SCHED   ] [I] [  897.10] Slot decisions pci=1 t=19us (1 PDSCH, 0 PUSCHs, 0 PUCCHs): DL: ue=0 c-rnti=0x4602 h_id=0 ss_id=2 rb=[0..2) k1=7 newtx=true rv=0 tbs=7 ri=1 dl_bo=0
2026-04-24T09:14:46.637445 [MAC     ] [I] [  897.10] DL PDU: ue=0 rnti=0x4602 size=7: TA_CMD: tag_id=0, ta_cmd=32
2026-04-24T09:14:46.637458 [PHY     ] [I] [  897.10] PDCCH: rnti=0x4602 ss_id=2 format=1_1 cce=10 al=2 t=9.7us
2026-04-24T09:14:46.637475 [PHY     ] [I] [  897.10] PDSCH: rnti=0x4602 h_id=0 k1=7 prb=[0, 2) symb=[2, 14) mod=QPSK rv=0 tbs=7 t=15.0us
2026-04-24T09:14:46.644953 [PHY     ] [I] [  897.17] PUCCH: rnti=0x4602 format=1 prb1=2 prb2=na symb=[0, 14) cs=0 occ=0 ack=2 metric=0.1 sinr=-24.1dB t=14.8us
2026-04-24T09:14:46.647461 [SCHED   ] [I] [  898.10] Slot decisions pci=1 t=8us (1 PDSCH, 0 PUSCHs, 0 PUCCHs): DL: ue=0 c-rnti=0x4602 h_id=0 ss_id=2 rb=[0..2) k1=7 newtx=false rv=2 tbs=7
2026-04-24T09:14:46.647483 [PHY     ] [I] [  898.10] PDCCH: rnti=0x4602 ss_id=2 format=1_1 cce=10 al=2 t=9.2us
2026-04-24T09:14:46.647502 [PHY     ] [I] [  898.10] PDSCH: rnti=0x4602 h_id=0 k1=7 prb=[0, 2) symb=[2, 14) mod=QPSK rv=2 tbs=7 t=17.3us
2026-04-24T09:14:46.650472 [PHY     ] [I] [   898.8] PUCCH: rnti=0x4602 format=1 prb1=4 prb2=na symb=[0, 14) cs=0 occ=0 sr=no metric=0.3 sinr=-20.0dB t=13.5us
2026-04-24T09:14:46.650623 [PHY     ] [I] [   898.9] PUCCH: rnti=0x4602 format=2 prb=[7, 8) prb2=na symb=[4, 6) csi1=2222 sinr=-13.2dB t=12.4us
2026-04-24T09:14:46.654996 [PHY     ] [I] [  898.17] PUCCH: rnti=0x4602 format=1 prb1=2 prb2=na symb=[0, 14) cs=0 occ=0 ack=2 metric=0.1 sinr=-28.1dB t=11.9us
2026-04-24T09:14:46.657413 [SCHED   ] [I] [  899.10] Slot decisions pci=1 t=6us (1 PDSCH, 0 PUSCHs, 0 PUCCHs): DL: ue=0 c-rnti=0x4602 h_id=0 ss_id=2 rb=[0..2) k1=7 newtx=false rv=3 tbs=7
2026-04-24T09:14:46.657437 [PHY     ] [I] [  899.10] PDCCH: rnti=0x4602 ss_id=2 format=1_1 cce=10 al=2 t=11.9us
2026-04-24T09:14:46.657456 [PHY     ] [I] [  899.10] PDSCH: rnti=0x4602 h_id=0 k1=7 prb=[0, 2) symb=[2, 14) mod=QPSK rv=3 tbs=7 t=17.3us
2026-04-24T09:14:46.664978 [PHY     ] [I] [  899.17] PUCCH: rnti=0x4602 format=1 prb1=2 prb2=na symb=[0, 14) cs=0 occ=0 ack=2 metric=0.1 sinr=-20.5dB t=15.3us
2026-04-24T09:14:46.667418 [SCHED   ] [I] [  900.10] Slot decisions pci=1 t=6us (1 PDSCH, 0 PUSCHs, 0 PUCCHs): DL: ue=0 c-rnti=0x4602 h_id=0 ss_id=2 rb=[0..2) k1=7 newtx=false rv=1 tbs=7
2026-04-24T09:14:46.667438 [PHY     ] [I] [  900.10] PDCCH: rnti=0x4602 ss_id=2 format=1_1 cce=10 al=2 t=10.7us
2026-04-24T09:14:46.667453 [PHY     ] [I] [  900.10] PDSCH: rnti=0x4602 h_id=0 k1=7 prb=[0, 2) symb=[2, 14) mod=QPSK rv=1 tbs=7 t=13.4us
2026-04-24T09:14:46.670484 [PHY     ] [I] [   900.8] PUCCH: rnti=0x4602 format=1 prb1=4 prb2=na symb=[0, 14) cs=0 occ=0 sr=no metric=0.8 sinr=-13.4dB t=13.7us
2026-04-24T09:14:46.670638 [PHY     ] [I] [   900.9] PUCCH: rnti=0x4602 format=2 prb=[7, 8) prb2=na symb=[4, 6) csi1=2222 sinr=-3.1dB t=11.5us
2026-04-24T09:14:46.674907 [PHY     ] [I] [  900.17] PUCCH: rnti=0x4602 format=1 prb1=2 prb2=na symb=[0, 14) cs=0 occ=0 ack=2 metric=0.3 sinr=-19.8dB t=13.6us
2026-04-24T09:14:46.677435 [SCHED   ] [I] [  901.10] Slot decisions pci=1 t=11us (1 PDSCH, 0 PUSCHs, 0 PUCCHs): DL: ue=0 c-rnti=0x4602 h_id=0 ss_id=2 rb=[0..2) k1=7 newtx=false rv=0 tbs=7
2026-04-24T09:14:46.677462 [PHY     ] [I] [  901.10] PDCCH: rnti=0x4602 ss_id=2 format=1_1 cce=10 al=2 t=11.8us
2026-04-24T09:14:46.677480 [PHY     ] [I] [  901.10] PDSCH: rnti=0x4602 h_id=0 k1=7 prb=[0, 2) symb=[2, 14) mod=QPSK rv=0 tbs=7 t=20.7us
2026-04-24T09:14:46.684921 [PHY     ] [I] [  901.17] PUCCH: rnti=0x4602 format=1 prb1=2 prb2=na symb=[0, 14) cs=0 occ=0 ack=2 metric=0.2 sinr=-22.5dB t=19.4us
2026-04-24T09:14:46.685401 [SCHED   ] [I] [   902.6] rnti=0x4602 h_id=0: Discarding DL HARQ process TB with tbs=7. Cause: Maximum number of reTxs 4 exceeded
2026-04-24T09:14:46.690494 [PHY     ] [I] [   902.8] PUCCH: rnti=0x4602 format=1 prb1=4 prb2=na symb=[0, 14) cs=0 occ=0 sr=no metric=0.1 sinr=-24.0dB t=14.2us
2026-04-24T09:14:46.690678 [PHY     ] [I] [   902.9] PUCCH: rnti=0x4602 format=2 prb=[7, 8) prb2=na symb=[4, 6) csi1=2222 sinr=-0.5dB t=20.1us
2026-04-24T09:14:46.710397 [PHY     ] [I] [   904.8] PUCCH: rnti=0x4602 format=1 prb1=4 prb2=na symb=[0, 14) cs=0 occ=0 sr=no metric=0.1 sinr=-24.6dB t=22.9us
2026-04-24T09:14:46.710667 [PHY     ] [I] [   904.9] PUCCH: rnti=0x4602 format=2 prb=[7, 8) prb2=na symb=[4, 6) csi1=2222 sinr=-12.1dB t=12.3us
2026-04-24T09:14:46.730402 [PHY     ] [I] [   906.8] PUCCH: rnti=0x4602 format=1 prb1=4 prb2=na symb=[0, 14) cs=0 occ=0 sr=no metric=0.2 sinr=-19.0dB t=14.6us
2026-04-24T09:14:46.730657 [PHY     ] [I] [   906.9] PUCCH: rnti=0x4602 format=2 prb=[7, 8) prb2=na symb=[4, 6) csi1=2222 sinr=-1.8dB t=8.5us
2026-04-24T09:14:46.750400 [PHY     ] [I] [   908.8] PUCCH: rnti=0x4602 format=1 prb1=4 prb2=na symb=[0, 14) cs=0 occ=0 sr=no metric=0.3 sinr=-31.1dB t=11.9us
2026-04-24T09:14:46.750666 [PHY     ] [I] [   908.9] PUCCH: rnti=0x4602 format=2 prb=[7, 8) prb2=na symb=[4, 6) csi1=1101 sinr=-0.7dB t=19.8us
2026-04-24T09:14:46.770414 [PHY     ] [I] [   910.8] PUCCH: rnti=0x4602 format=1 prb1=4 prb2=na symb=[0, 14) cs=0 occ=0 sr=no metric=0.4 sinr=-15.8dB t=11.9us
2026-04-24T09:14:46.770675 [PHY     ] [I] [   910.9] PUCCH: rnti=0x4602 format=2 prb=[7, 8) prb2=na symb=[4, 6) csi1=2222 sinr=-2.6dB t=13.0us
2026-04-24T09:14:46.790463 [PHY     ] [I] [   912.8] PUCCH: rnti=0x4602 format=1 prb1=4 prb2=na symb=[0, 14) cs=0 occ=0 sr=no metric=0.1 sinr=-24.7dB t=17.4us
2026-04-24T09:14:46.790616 [PHY     ] [I] [   912.9] PUCCH: rnti=0x4602 format=2 prb=[7, 8) prb2=na symb=[4, 6) csi1=2222 sinr=-9.5dB t=13.0us
2026-04-24T09:14:46.810441 [PHY     ] [I] [   914.8] PUCCH: rnti=0x4602 format=1 prb1=4 prb2=na symb=[0, 14) cs=0 occ=0 sr=no metric=0.2 sinr=-20.3dB t=15.1us
2026-04-24T09:14:46.810641 [PHY     ] [I] [   914.9] PUCCH: rnti=0x4602 format=2 prb=[7, 8) prb2=na symb=[4, 6) csi1=2222 sinr=-5.6dB t=7.4us
2026-04-24T09:14:46.830457 [PHY     ] [I] [   916.8] PUCCH: rnti=0x4602 format=1 prb1=4 prb2=na symb=[0, 14) cs=0 occ=0 sr=no metric=0.4 sinr=-15.9dB t=12.7us
2026-04-24T09:14:46.830661 [PHY     ] [I] [   916.9] PUCCH: rnti=0x4602 format=2 prb=[7, 8) prb2=na symb=[4, 6) csi1=2222 sinr=-5.8dB t=9.5us
2026-04-24T09:14:46.850481 [PHY     ] [I] [   918.8] PUCCH: rnti=0x4602 format=1 prb1=4 prb2=na symb=[0, 14) cs=0 occ=0 sr=no metric=0.1 sinr=-26.2dB t=15.6us
2026-04-24T09:14:46.850654 [PHY     ] [I] [   918.9] PUCCH: rnti=0x4602 format=2 prb=[7, 8) prb2=na symb=[4, 6) csi1=2222 sinr=-0.8dB t=11.1us
2026-04-24T09:14:46.870393 [PHY     ] [I] [   920.8] PUCCH: rnti=0x4602 format=1 prb1=4 prb2=na symb=[0, 14) cs=0 occ=0 sr=no metric=0.4 sinr=-23.4dB t=13.4us
2026-04-24T09:14:46.870651 [PHY     ] [I] [   920.9] PUCCH: rnti=0x4602 format=2 prb=[7, 8) prb2=na symb=[4, 6) csi1=2222 sinr=-5.9dB t=8.1us
2026-04-24T09:14:46.890424 [PHY     ] [I] [   922.8] PUCCH: rnti=0x4602 format=1 prb1=4 prb2=na symb=[0, 14) cs=0 occ=0 sr=no metric=0.3 sinr=-18.4dB t=16.4us
2026-04-24T09:14:46.890670 [PHY     ] [I] [   922.9] PUCCH: rnti=0x4602 format=2 prb=[7, 8) prb2=na symb=[4, 6) csi1=2222 sinr=-12.2dB t=7.5us
2026-04-24T09:14:46.910425 [PHY     ] [I] [   924.8] PUCCH: rnti=0x4602 format=1 prb1=4 prb2=na symb=[0, 14) cs=0 occ=0 sr=no metric=0.0 sinr=-27.9dB t=17.6us
2026-04-24T09:14:46.910679 [PHY     ] [I] [   924.9] PUCCH: rnti=0x4602 format=2 prb=[7, 8) prb2=na symb=[4, 6) csi1=2222 sinr=-1.8dB t=9.6us
2026-04-24T09:14:46.930420 [PHY     ] [I] [   926.8] PUCCH: rnti=0x4602 format=1 prb1=4 prb2=na symb=[0, 14) cs=0 occ=0 sr=no metric=0.3 sinr=-20.3dB t=12.9us
2026-04-24T09:14:46.930698 [PHY     ] [I] [   926.9] PUCCH: rnti=0x4602 format=2 prb=[7, 8) prb2=na symb=[4, 6) csi1=2222 sinr=-5.0dB t=12.1us
2026-04-24T09:14:46.950425 [PHY     ] [I] [   928.8] PUCCH: rnti=0x4602 format=1 prb1=4 prb2=na symb=[0, 14) cs=0 occ=0 sr=no metric=0.1 sinr=-24.1dB t=13.0us
2026-04-24T09:14:46.950614 [PHY     ] [I] [   928.9] PUCCH: rnti=0x4602 format=2 prb=[7, 8) prb2=na symb=[4, 6) csi1=2222 sinr=-2.0dB t=9.1us
2026-04-24T09:14:46.970487 [PHY     ] [I] [   930.8] PUCCH: rnti=0x4602 format=1 prb1=4 prb2=na symb=[0, 14) cs=0 occ=0 sr=no metric=0.4 sinr=-16.0dB t=17.8us
2026-04-24T09:14:46.970683 [PHY     ] [I] [   930.9] PUCCH: rnti=0x4602 format=2 prb=[7, 8) prb2=na symb=[4, 6) csi1=2222 sinr=-8.8dB t=21.7us
2026-04-24T09:14:46.990468 [PHY     ] [I] [   932.8] PUCCH: rnti=0x4602 format=1 prb1=4 prb2=na symb=[0, 14) cs=0 occ=0 sr=no metric=0.5 sinr=-15.2dB t=29.9us
2026-04-24T09:14:46.990651 [PHY     ] [I] [   932.9] PUCCH: rnti=0x4602 format=2 prb=[7, 8) prb2=na symb=[4, 6) csi1=2222 sinr=-4.3dB t=22.7us
2026-04-24T09:14:47.010465 [PHY     ] [I] [   934.8] PUCCH: rnti=0x4602 format=1 prb1=4 prb2=na symb=[0, 14) cs=0 occ=0 sr=no metric=0.6 sinr=-22.4dB t=18.9us
2026-04-24T09:14:47.010639 [PHY     ] [I] [   934.9] PUCCH: rnti=0x4602 format=2 prb=[7, 8) prb2=na symb=[4, 6) csi1=2222 sinr=-4.7dB t=12.0us
2026-04-24T09:14:47.030506 [PHY     ] [I] [   936.8] PUCCH: rnti=0x4602 format=1 prb1=4 prb2=na symb=[0, 14) cs=0 occ=0 sr=no metric=0.4 sinr=-25.4dB t=24.8us
2026-04-24T09:14:47.030683 [PHY     ] [I] [   936.9] PUCCH: rnti=0x4602 format=2 prb=[7, 8) prb2=na symb=[4, 6) csi1=2222 sinr=-7.8dB t=14.3us
2026-04-24T09:14:47.050418 [PHY     ] [I] [   938.8] PUCCH: rnti=0x4602 format=1 prb1=4 prb2=na symb=[0, 14) cs=0 occ=0 sr=no metric=0.6 sinr=-17.8dB t=16.4us
2026-04-24T09:14:47.050670 [PHY     ] [I] [   938.9] PUCCH: rnti=0x4602 format=2 prb=[7, 8) prb2=na symb=[4, 6) csi1=2222 sinr=-2.4dB t=12.2us
2026-04-24T09:14:47.070451 [PHY     ] [I] [   940.8] PUCCH: rnti=0x4602 format=1 prb1=4 prb2=na symb=[0, 14) cs=0 occ=0 sr=no metric=0.5 sinr=-14.9dB t=23.0us
2026-04-24T09:14:47.070691 [PHY     ] [I] [   940.9] PUCCH: rnti=0x4602 format=2 prb=[7, 8) prb2=na symb=[4, 6) csi1=2222 sinr=-4.7dB t=24.2us
2026-04-24T09:14:47.090447 [PHY     ] [I] [   942.8] PUCCH: rnti=0x4602 format=1 prb1=4 prb2=na symb=[0, 14) cs=0 occ=0 sr=no metric=0.1 sinr=-27.3dB t=28.1us
2026-04-24T09:14:47.090700 [PHY     ] [I] [   942.9] PUCCH: rnti=0x4602 format=2 prb=[7, 8) prb2=na symb=[4, 6) csi1=2222 sinr=-5.7dB t=22.2us
2026-04-24T09:14:47.110451 [PHY     ] [I] [   944.8] PUCCH: rnti=0x4602 format=1 prb1=4 prb2=na symb=[0, 14) cs=0 occ=0 sr=no metric=0.7 sinr=-22.2dB t=24.6us
2026-04-24T09:14:47.110708 [PHY     ] [I] [   944.9] PUCCH: rnti=0x4602 format=2 prb=[7, 8) prb2=na symb=[4, 6) csi1=2222 sinr=-6.1dB t=25.1us
2026-04-24T09:14:47.130470 [PHY     ] [I] [   946.8] PUCCH: rnti=0x4602 format=1 prb1=4 prb2=na symb=[0, 14) cs=0 occ=0 sr=no metric=0.0 sinr=-27.6dB t=26.7us
2026-04-24T09:14:47.130657 [PHY     ] [I] [   946.9] PUCCH: rnti=0x4602 format=2 prb=[7, 8) prb2=na symb=[4, 6) csi1=2222 sinr=-9.3dB t=23.8us
2026-04-24T09:14:47.150482 [PHY     ] [I] [   948.8] PUCCH: rnti=0x4602 format=1 prb1=4 prb2=na symb=[0, 14) cs=0 occ=0 sr=no metric=0.6 sinr=-11.9dB t=18.7us
2026-04-24T09:14:47.150646 [PHY     ] [I] [   948.9] PUCCH: rnti=0x4602 format=2 prb=[7, 8) prb2=na symb=[4, 6) csi1=2222 sinr=-4.0dB t=24.2us
2026-04-24T09:14:47.170513 [PHY     ] [I] [   950.8] PUCCH: rnti=0x4602 format=1 prb1=4 prb2=na symb=[0, 14) cs=0 occ=0 sr=no metric=0.1 sinr=-28.8dB t=37.6us
2026-04-24T09:14:47.170688 [PHY     ] [I] [   950.9] PUCCH: rnti=0x4602 format=2 prb=[7, 8) prb2=na symb=[4, 6) csi1=2222 sinr=-5.5dB t=25.0us
2026-04-24T09:14:47.190496 [PHY     ] [I] [   952.8] PUCCH: rnti=0x4602 format=1 prb1=4 prb2=na symb=[0, 14) cs=0 occ=0 sr=no metric=0.6 sinr=-27.0dB t=39.1us
2026-04-24T09:14:47.190658 [PHY     ] [I] [   952.9] PUCCH: rnti=0x4602 format=2 prb=[7, 8) prb2=na symb=[4, 6) csi1=2222 sinr=-11.4dB t=23.0us
2026-04-24T09:14:47.210447 [PHY     ] [I] [   954.8] PUCCH: rnti=0x4602 format=1 prb1=4 prb2=na symb=[0, 14) cs=0 occ=0 sr=no metric=0.1 sinr=-20.8dB t=25.6us
2026-04-24T09:14:47.210681 [PHY     ] [I] [   954.9] PUCCH: rnti=0x4602 format=2 prb=[7, 8) prb2=na symb=[4, 6) csi1=2222 sinr=-4.7dB t=16.8us
2026-04-24T09:14:47.230420 [PHY     ] [I] [   956.8] PUCCH: rnti=0x4602 format=1 prb1=4 prb2=na symb=[0, 14) cs=0 occ=0 sr=no metric=0.3 sinr=-15.4dB t=20.4us
2026-04-24T09:14:47.230663 [PHY     ] [I] [   956.9] PUCCH: rnti=0x4602 format=2 prb=[7, 8) prb2=na symb=[4, 6) csi1=2222 sinr=1.3dB t=8.7us
2026-04-24T09:14:47.243958 [SCHED   ] [I] [   958.3] Slot decisions pci=1 t=30us (1 PDSCH, 0 PUSCHs, 0 PUCCHs): DL: ue=0 c-rnti=0x4602 h_id=0 ss_id=2 rb=[0..2) k1=4 newtx=true rv=0 tbs=123 ri=1 dl_bo=0
2026-04-24T09:14:47.243978 [MAC     ] [I] [   958.3] DL PDU: ue=0 rnti=0x4602 size=123: TA_CMD: tag_id=0, ta_cmd=26
2026-04-24T09:14:47.243998 [PHY     ] [I] [   958.3] PDCCH: rnti=0x4602 ss_id=2 format=1_1 cce=0 al=2 t=14.4us
2026-04-24T09:14:47.244031 [PHY     ] [I] [   958.3] PDSCH: rnti=0x4602 h_id=0 k1=4 prb=[0, 2) symb=[2, 14) mod=64QAM rv=0 tbs=123 t=26.6us
2026-04-24T09:14:47.250013 [PHY     ] [I] [   958.7] PUCCH: rnti=0x4602 format=1 prb1=2 prb2=na symb=[0, 14) cs=0 occ=0 ack=2 metric=0.5 sinr=-13.5dB t=23.9us
2026-04-24T09:14:47.250417 [PHY     ] [I] [   958.8] PUCCH: rnti=0x4602 format=1 prb1=4 prb2=na symb=[0, 14) cs=0 occ=0 sr=no metric=0.2 sinr=-25.6dB t=15.2us
2026-04-24T09:14:47.250701 [PHY     ] [I] [   958.9] PUCCH: rnti=0x4602 format=2 prb=[7, 8) prb2=na symb=[4, 6) csi1=2222 sinr=1.5dB t=17.5us
2026-04-24T09:14:47.252458 [SCHED   ] [I] [   959.0] Slot decisions pci=1 t=11us (1 PDSCH, 0 PUSCHs, 0 PUCCHs): DL: ue=0 c-rnti=0x4602 h_id=0 ss_id=2 rb=[20..22) k1=7 newtx=false rv=2 tbs=123
2026-04-24T09:14:47.252500 [PHY     ] [I] [   959.0] PDCCH: rnti=0x4602 ss_id=2 format=1_1 cce=14 al=2 t=11.6us
2026-04-24T09:14:47.252524 [PHY     ] [I] [   959.0] PDSCH: rnti=0x4602 h_id=0 k1=7 prb=[20, 22) symb=[2, 14) mod=64QAM rv=2 tbs=123 t=23.0us
2026-04-24T09:14:47.260003 [PHY     ] [I] [   959.7] PUCCH: rnti=0x4602 format=1 prb1=2 prb2=na symb=[0, 14) cs=0 occ=0 ack=2 metric=0.1 sinr=-37.2dB t=18.2us
2026-04-24T09:14:47.262447 [SCHED   ] [I] [   960.0] Slot decisions pci=1 t=10us (1 PDSCH, 0 PUSCHs, 0 PUCCHs): DL: ue=0 c-rnti=0x4602 h_id=0 ss_id=2 rb=[20..22) k1=7 newtx=false rv=3 tbs=123
2026-04-24T09:14:47.262486 [PHY     ] [I] [   960.0] PDCCH: rnti=0x4602 ss_id=2 format=1_1 cce=14 al=2 t=11.8us
2026-04-24T09:14:47.262499 [PHY     ] [I] [   960.0] PDSCH: rnti=0x4602 h_id=0 k1=7 prb=[20, 22) symb=[2, 14) mod=64QAM rv=3 tbs=123 t=20.6us
2026-04-24T09:14:47.269885 [PHY     ] [I] [   960.7] PUCCH: rnti=0x4602 format=1 prb1=2 prb2=na symb=[0, 14) cs=0 occ=0 ack=2 metric=0.3 sinr=-18.5dB t=16.3us
2026-04-24T09:14:47.270409 [PHY     ] [I] [   960.8] PUCCH: rnti=0x4602 format=1 prb1=4 prb2=na symb=[0, 14) cs=0 occ=0 sr=no metric=0.1 sinr=-34.5dB t=14.5us
2026-04-24T09:14:47.270693 [PHY     ] [I] [   960.9] PUCCH: rnti=0x4602 format=2 prb=[7, 8) prb2=na symb=[4, 6) csi1=2222 sinr=-0.5dB t=18.9us
2026-04-24T09:14:47.272446 [SCHED   ] [I] [   961.0] Slot decisions pci=1 t=6us (1 PDSCH, 0 PUSCHs, 0 PUCCHs): DL: ue=0 c-rnti=0x4602 h_id=0 ss_id=2 rb=[20..22) k1=7 newtx=false rv=1 tbs=123
2026-04-24T09:14:47.272486 [PHY     ] [I] [   961.0] PDCCH: rnti=0x4602 ss_id=2 format=1_1 cce=14 al=2 t=11.6us
2026-04-24T09:14:47.272500 [PHY     ] [I] [   961.0] PDSCH: rnti=0x4602 h_id=0 k1=7 prb=[20, 22) symb=[2, 14) mod=64QAM rv=1 tbs=123 t=18.0us
2026-04-24T09:14:47.279906 [PHY     ] [I] [   961.7] PUCCH: rnti=0x4602 format=1 prb1=2 prb2=na symb=[0, 14) cs=0 occ=0 ack=2 metric=0.1 sinr=-31.1dB t=14.0us
2026-04-24T09:14:47.282468 [SCHED   ] [I] [   962.0] Slot decisions pci=1 t=8us (1 PDSCH, 0 PUSCHs, 0 PUCCHs): DL: ue=0 c-rnti=0x4602 h_id=0 ss_id=2 rb=[20..22) k1=7 newtx=false rv=0 tbs=123
2026-04-24T09:14:47.282508 [PHY     ] [I] [   962.0] PDCCH: rnti=0x4602 ss_id=2 format=1_1 cce=14 al=2 t=12.1us
2026-04-24T09:14:47.282529 [PHY     ] [I] [   962.0] PDSCH: rnti=0x4602 h_id=0 k1=7 prb=[20, 22) symb=[2, 14) mod=64QAM rv=0 tbs=123 t=19.1us
2026-04-24T09:14:47.284440 [SCHED   ] [I] [   962.4] Slot decisions pci=1 t=21us (1 PDSCH, 0 PUSCHs, 0 PUCCHs): DL: ue=0 c-rnti=0x4602 h_id=1 ss_id=2 rb=[0..2) k1=4 newtx=true rv=0 tbs=123 ri=1 dl_bo=0
2026-04-24T09:14:47.284456 [MAC     ] [I] [   962.4] DL PDU: ue=0 rnti=0x4602 size=123: TA_CMD: tag_id=0, ta_cmd=26
2026-04-24T09:14:47.284471 [PHY     ] [I] [   962.4] PDCCH: rnti=0x4602 ss_id=2 format=1_1 cce=0 al=2 t=10.7us
2026-04-24T09:14:47.284489 [PHY     ] [I] [   962.4] PDSCH: rnti=0x4602 h_id=1 k1=4 prb=[0, 2) symb=[2, 14) mod=64QAM rv=0 tbs=123 t=14.6us
2026-04-24T09:14:47.289911 [PHY     ] [I] [   962.7] PUCCH: rnti=0x4602 format=1 prb1=2 prb2=na symb=[0, 14) cs=0 occ=0 ack=2 metric=0.4 sinr=-15.9dB t=14.3us
2026-04-24T09:14:47.290415 [SCHED   ] [I] [  962.16] rnti=0x4602 h_id=0: Discarding DL HARQ process TB with tbs=123. Cause: Maximum number of reTxs 4 exceeded
2026-04-24T09:14:47.290442 [PHY     ] [I] [   962.8] PUCCH: rnti=0x4602 format=1 prb1=2 prb2=na symb=[0, 14) cs=0 occ=0 ack=2 metric=0.4 sinr=-18.1dB t=15.5us
2026-04-24T09:14:47.290461 [PHY     ] [I] [   962.8] PUCCH: rnti=0x4602 format=1 prb1=4 prb2=na symb=[0, 14) cs=0 occ=0 ack=2 metric=0.3 sinr=-18.1dB t=23.7us
2026-04-24T09:14:47.290632 [PHY     ] [I] [   962.9] PUCCH: rnti=0x4602 format=2 prb=[7, 8) prb2=na symb=[4, 6) csi1=2222 sinr=-7.2dB t=14.2us
2026-04-24T09:14:47.292369 [SCHED   ] [I] [   963.0] Slot decisions pci=1 t=6us (1 PDSCH, 0 PUSCHs, 0 PUCCHs): DL: ue=0 c-rnti=0x4602 h_id=1 ss_id=2 rb=[20..22) k1=7 newtx=false rv=2 tbs=123
2026-04-24T09:14:47.292398 [PHY     ] [I] [   963.0] PDCCH: rnti=0x4602 ss_id=2 format=1_1 cce=14 al=2 t=10.4us
2026-04-24T09:14:47.292415 [PHY     ] [I] [   963.0] PDSCH: rnti=0x4602 h_id=1 k1=7 prb=[20, 22) symb=[2, 14) mod=64QAM rv=2 tbs=123 t=19.8us
2026-04-24T09:14:47.299928 [PHY     ] [I] [   963.7] PUCCH: rnti=0x4602 format=1 prb1=2 prb2=na symb=[0, 14) cs=0 occ=0 ack=2 metric=0.1 sinr=-18.8dB t=14.1us
2026-04-24T09:14:47.302380 [SCHED   ] [I] [   964.0] Slot decisions pci=1 t=7us (1 PDSCH, 0 PUSCHs, 0 PUCCHs): DL: ue=0 c-rnti=0x4602 h_id=1 ss_id=2 rb=[20..22) k1=7 newtx=false rv=3 tbs=123
2026-04-24T09:14:47.302403 [PHY     ] [I] [   964.0] PDCCH: rnti=0x4602 ss_id=2 format=1_1 cce=14 al=2 t=9.2us
2026-04-24T09:14:47.302418 [PHY     ] [I] [   964.0] PDSCH: rnti=0x4602 h_id=1 k1=7 prb=[20, 22) symb=[2, 14) mod=64QAM rv=3 tbs=123 t=15.7us
2026-04-24T09:14:47.309933 [PHY     ] [I] [   964.7] PUCCH: rnti=0x4602 format=1 prb1=2 prb2=na symb=[0, 14) cs=0 occ=0 ack=2 metric=0.7 sinr=-17.0dB t=13.1us
2026-04-24T09:14:47.310460 [PHY     ] [I] [   964.8] PUCCH: rnti=0x4602 format=1 prb1=4 prb2=na symb=[0, 14) cs=0 occ=0 sr=no metric=0.2 sinr=-18.5dB t=13.3us
2026-04-24T09:14:47.310629 [PHY     ] [I] [   964.9] PUCCH: rnti=0x4602 format=2 prb=[7, 8) prb2=na symb=[4, 6) csi1=2222 sinr=-9.1dB t=8.1us
2026-04-24T09:14:47.312362 [SCHED   ] [I] [   965.0] Slot decisions pci=1 t=5us (1 PDSCH, 0 PUSCHs, 0 PUCCHs): DL: ue=0 c-rnti=0x4602 h_id=1 ss_id=2 rb=[20..22) k1=7 newtx=false rv=1 tbs=123
2026-04-24T09:14:47.312389 [PHY     ] [I] [   965.0] PDCCH: rnti=0x4602 ss_id=2 format=1_1 cce=14 al=2 t=9.0us
2026-04-24T09:14:47.312399 [PHY     ] [I] [   965.0] PDSCH: rnti=0x4602 h_id=1 k1=7 prb=[20, 22) symb=[2, 14) mod=64QAM rv=1 tbs=123 t=16.7us
2026-04-24T09:14:47.319924 [PHY     ] [I] [   965.7] PUCCH: rnti=0x4602 format=1 prb1=2 prb2=na symb=[0, 14) cs=0 occ=0 ack=2 metric=0.3 sinr=-20.8dB t=14.6us
2026-04-24T09:14:47.322376 [SCHED   ] [I] [   966.0] Slot decisions pci=1 t=5us (1 PDSCH, 0 PUSCHs, 0 PUCCHs): DL: ue=0 c-rnti=0x4602 h_id=1 ss_id=2 rb=[20..22) k1=7 newtx=false rv=0 tbs=123
2026-04-24T09:14:47.322403 [PHY     ] [I] [   966.0] PDCCH: rnti=0x4602 ss_id=2 format=1_1 cce=14 al=2 t=8.0us
2026-04-24T09:14:47.322419 [PHY     ] [I] [   966.0] PDSCH: rnti=0x4602 h_id=1 k1=7 prb=[20, 22) symb=[2, 14) mod=64QAM rv=0 tbs=123 t=13.5us
2026-04-24T09:14:47.329950 [PHY     ] [I] [   966.7] PUCCH: rnti=0x4602 format=1 prb1=2 prb2=na symb=[0, 14) cs=0 occ=0 ack=2 metric=1.0 sinr=-14.6dB t=12.7us
2026-04-24T09:14:47.330422 [SCHED   ] [I] [  966.16] rnti=0x4602 h_id=1: Discarding DL HARQ process TB with tbs=123. Cause: Maximum number of reTxs 4 exceeded
2026-04-24T09:14:47.330443 [PHY     ] [I] [   966.8] PUCCH: rnti=0x4602 format=1 prb1=4 prb2=na symb=[0, 14) cs=0 occ=0 sr=no metric=0.5 sinr=-16.0dB t=13.6us
2026-04-24T09:14:47.330681 [PHY     ] [I] [   966.9] PUCCH: rnti=0x4602 format=2 prb=[7, 8) prb2=na symb=[4, 6) csi1=2222 sinr=-14.2dB t=15.5us
2026-04-24T09:14:47.350495 [PHY     ] [I] [   968.8] PUCCH: rnti=0x4602 format=1 prb1=4 prb2=na symb=[0, 14) cs=0 occ=0 sr=no metric=0.2 sinr=-18.6dB t=12.8us
2026-04-24T09:14:47.350652 [PHY     ] [I] [   968.9] PUCCH: rnti=0x4602 format=2 prb=[7, 8) prb2=na symb=[4, 6) csi1=2222 sinr=-3.3dB t=14.0us
2026-04-24T09:14:47.370506 [PHY     ] [I] [   970.8] PUCCH: rnti=0x4602 format=1 prb1=4 prb2=na symb=[0, 14) cs=0 occ=0 sr=no metric=0.1 sinr=-19.7dB t=12.9us
2026-04-24T09:14:47.370655 [PHY     ] [I] [   970.9] PUCCH: rnti=0x4602 format=2 prb=[7, 8) prb2=na symb=[4, 6) csi1=2222 sinr=-9.5dB t=9.9us
2026-04-24T09:14:47.390422 [PHY     ] [I] [   972.8] PUCCH: rnti=0x4602 format=1 prb1=4 prb2=na symb=[0, 14) cs=0 occ=0 sr=no metric=0.0 sinr=-31.9dB t=11.8us
2026-04-24T09:14:47.390677 [PHY     ] [I] [   972.9] PUCCH: rnti=0x4602 format=2 prb=[7, 8) prb2=na symb=[4, 6) csi1=2222 sinr=-4.4dB t=7.3us
2026-04-24T09:14:47.410431 [PHY     ] [I] [   974.8] PUCCH: rnti=0x4602 format=1 prb1=4 prb2=na symb=[0, 14) cs=0 occ=0 sr=no metric=0.2 sinr=-28.1dB t=13.0us
2026-04-24T09:14:47.410682 [PHY     ] [I] [   974.9] PUCCH: rnti=0x4602 format=2 prb=[7, 8) prb2=na symb=[4, 6) csi1=2222 sinr=-8.5dB t=6.9us
2026-04-24T09:14:47.430464 [PHY     ] [I] [   976.8] PUCCH: rnti=0x4602 format=1 prb1=4 prb2=na symb=[0, 14) cs=0 occ=0 sr=no metric=0.5 sinr=-14.6dB t=16.5us
2026-04-24T09:14:47.430713 [PHY     ] [I] [   976.9] PUCCH: rnti=0x4602 format=2 prb=[7, 8) prb2=na symb=[4, 6) csi1=2222 sinr=-6.9dB t=8.1us
2026-04-24T09:14:47.450465 [PHY     ] [I] [   978.8] PUCCH: rnti=0x4602 format=1 prb1=4 prb2=na symb=[0, 14) cs=0 occ=0 sr=no metric=0.2 sinr=-22.6dB t=17.4us
2026-04-24T09:14:47.450696 [PHY     ] [I] [   978.9] PUCCH: rnti=0x4602 format=2 prb=[7, 8) prb2=na symb=[4, 6) csi1=2222 sinr=-4.0dB t=19.8us
2026-04-24T09:14:47.470468 [PHY     ] [I] [   980.8] PUCCH: rnti=0x4602 format=1 prb1=4 prb2=na symb=[0, 14) cs=0 occ=0 sr=no metric=0.1 sinr=-19.3dB t=23.3us
2026-04-24T09:14:47.470653 [PHY     ] [I] [   980.9] PUCCH: rnti=0x4602 format=2 prb=[7, 8) prb2=na symb=[4, 6) csi1=2222 sinr=1.1dB t=20.9us
2026-04-24T09:14:47.487471 [SCHED   ] [I] [  982.10] Slot decisions pci=1 t=19us (1 PDSCH, 0 PUSCHs, 0 PUCCHs): DL: ue=0 c-rnti=0x4602 h_id=1 ss_id=2 rb=[0..2) k1=7 newtx=true rv=0 tbs=133 ri=1 dl_bo=0
2026-04-24T09:14:47.487489 [MAC     ] [I] [  982.10] DL PDU: ue=0 rnti=0x4602 size=133: TA_CMD: tag_id=0, ta_cmd=27
2026-04-24T09:14:47.487510 [PHY     ] [I] [  982.10] PDCCH: rnti=0x4602 ss_id=2 format=1_1 cce=10 al=2 t=14.4us
2026-04-24T09:14:47.487542 [PHY     ] [I] [  982.10] PDSCH: rnti=0x4602 h_id=1 k1=7 prb=[0, 2) symb=[2, 14) mod=64QAM rv=0 tbs=133 t=31.9us
2026-04-24T09:14:47.490464 [PHY     ] [I] [   982.8] PUCCH: rnti=0x4602 format=1 prb1=4 prb2=na symb=[0, 14) cs=0 occ=0 sr=no metric=0.1 sinr=-21.7dB t=14.8us
2026-04-24T09:14:47.490637 [PHY     ] [I] [   982.9] PUCCH: rnti=0x4602 format=2 prb=[7, 8) prb2=na symb=[4, 6) csi1=2222 sinr=-8.8dB t=11.0us
2026-04-24T09:14:47.494983 [PHY     ] [I] [  982.17] PUCCH: rnti=0x4602 format=1 prb1=2 prb2=na symb=[0, 14) cs=0 occ=0 ack=2 metric=0.2 sinr=-17.5dB t=15.6us
2026-04-24T09:14:47.497448 [SCHED   ] [I] [  983.10] Slot decisions pci=1 t=11us (1 PDSCH, 0 PUSCHs, 0 PUCCHs): DL: ue=0 c-rnti=0x4602 h_id=1 ss_id=2 rb=[0..2) k1=7 newtx=false rv=2 tbs=133
2026-04-24T09:14:47.497477 [PHY     ] [I] [  983.10] PDCCH: rnti=0x4602 ss_id=2 format=1_1 cce=10 al=2 t=11.7us
2026-04-24T09:14:47.497509 [PHY     ] [I] [  983.10] PDSCH: rnti=0x4602 h_id=1 k1=7 prb=[0, 2) symb=[2, 14) mod=64QAM rv=2 tbs=133 t=29.0us
2026-04-24T09:14:47.505018 [PHY     ] [I] [  983.17] PUCCH: rnti=0x4602 format=1 prb1=2 prb2=na symb=[0, 14) cs=0 occ=0 ack=2 metric=0.3 sinr=-34.7dB t=26.2us
2026-04-24T09:14:47.507457 [SCHED   ] [I] [  984.10] Slot decisions pci=1 t=9us (1 PDSCH, 0 PUSCHs, 0 PUCCHs): DL: ue=0 c-rnti=0x4602 h_id=1 ss_id=2 rb=[0..2) k1=7 newtx=false rv=3 tbs=133
2026-04-24T09:14:47.507487 [PHY     ] [I] [  984.10] PDCCH: rnti=0x4602 ss_id=2 format=1_1 cce=10 al=2 t=14.1us
2026-04-24T09:14:47.507511 [PHY     ] [I] [  984.10] PDSCH: rnti=0x4602 h_id=1 k1=7 prb=[0, 2) symb=[2, 14) mod=64QAM rv=3 tbs=133 t=21.4us
2026-04-24T09:14:47.510466 [PHY     ] [I] [   984.8] PUCCH: rnti=0x4602 format=1 prb1=4 prb2=na symb=[0, 14) cs=0 occ=0 sr=no metric=0.1 sinr=-29.7dB t=13.5us
2026-04-24T09:14:47.510666 [PHY     ] [I] [   984.9] PUCCH: rnti=0x4602 format=2 prb=[7, 8) prb2=na symb=[4, 6) csi1=2222 sinr=-9.9dB t=8.2us
2026-04-24T09:14:47.515034 [PHY     ] [I] [  984.17] PUCCH: rnti=0x4602 format=1 prb1=2 prb2=na symb=[0, 14) cs=0 occ=0 ack=2 metric=0.5 sinr=-18.9dB t=12.1us
2026-04-24T09:14:47.517447 [SCHED   ] [I] [  985.10] Slot decisions pci=1 t=7us (1 PDSCH, 0 PUSCHs, 0 PUCCHs): DL: ue=0 c-rnti=0x4602 h_id=1 ss_id=2 rb=[0..2) k1=7 newtx=false rv=1 tbs=133
2026-04-24T09:14:47.517467 [PHY     ] [I] [  985.10] PDCCH: rnti=0x4602 ss_id=2 format=1_1 cce=10 al=2 t=9.8us
2026-04-24T09:14:47.517487 [PHY     ] [I] [  985.10] PDSCH: rnti=0x4602 h_id=1 k1=7 prb=[0, 2) symb=[2, 14) mod=64QAM rv=1 tbs=133 t=18.6us
2026-04-24T09:14:47.524938 [PHY     ] [I] [  985.17] PUCCH: rnti=0x4602 format=1 prb1=2 prb2=na symb=[0, 14) cs=0 occ=0 ack=2 metric=0.2 sinr=-16.5dB t=12.0us
2026-04-24T09:14:47.527455 [SCHED   ] [I] [  986.10] Slot decisions pci=1 t=7us (1 PDSCH, 0 PUSCHs, 0 PUCCHs): DL: ue=0 c-rnti=0x4602 h_id=1 ss_id=2 rb=[0..2) k1=7 newtx=false rv=0 tbs=133
2026-04-24T09:14:47.527476 [PHY     ] [I] [  986.10] PDCCH: rnti=0x4602 ss_id=2 format=1_1 cce=10 al=2 t=10.9us
2026-04-24T09:14:47.527485 [PHY     ] [I] [  986.10] PDSCH: rnti=0x4602 h_id=1 k1=7 prb=[0, 2) symb=[2, 14) mod=64QAM rv=0 tbs=133 t=17.3us
2026-04-24T09:14:47.530507 [PHY     ] [I] [   986.8] PUCCH: rnti=0x4602 format=1 prb1=4 prb2=na symb=[0, 14) cs=0 occ=0 sr=no metric=0.8 sinr=-24.0dB t=12.1us
2026-04-24T09:14:47.530659 [PHY     ] [I] [   986.9] PUCCH: rnti=0x4602 format=2 prb=[7, 8) prb2=na symb=[4, 6) csi1=2222 sinr=-12.9dB t=7.3us
2026-04-24T09:14:47.534926 [PHY     ] [I] [  986.17] PUCCH: rnti=0x4602 format=1 prb1=2 prb2=na symb=[0, 14) cs=0 occ=0 ack=2 metric=0.5 sinr=-19.4dB t=13.1us
2026-04-24T09:14:47.535435 [SCHED   ] [I] [   987.6] rnti=0x4602 h_id=1: Discarding DL HARQ process TB with tbs=133. Cause: Maximum number of reTxs 4 exceeded
2026-04-24T09:14:47.550437 [PHY     ] [I] [   988.8] PUCCH: rnti=0x4602 format=1 prb1=4 prb2=na symb=[0, 14) cs=0 occ=0 sr=no metric=0.1 sinr=-25.8dB t=15.0us
2026-04-24T09:14:47.550704 [PHY     ] [I] [   988.9] PUCCH: rnti=0x4602 format=2 prb=[7, 8) prb2=na symb=[4, 6) csi1=2222 sinr=-5.6dB t=8.7us
2026-04-24T09:14:47.570421 [PHY     ] [I] [   990.8] PUCCH: rnti=0x4602 format=1 prb1=4 prb2=na symb=[0, 14) cs=0 occ=0 sr=no metric=0.1 sinr=-20.9dB t=13.7us
2026-04-24T09:14:47.570686 [PHY     ] [I] [   990.9] PUCCH: rnti=0x4602 format=2 prb=[7, 8) prb2=na symb=[4, 6) csi1=2222 sinr=-6.0dB t=18.2us
2026-04-24T09:14:47.590451 [PHY     ] [I] [   992.8] PUCCH: rnti=0x4602 format=1 prb1=4 prb2=na symb=[0, 14) cs=0 occ=0 sr=no metric=0.4 sinr=-15.5dB t=12.4us
2026-04-24T09:14:47.590706 [PHY     ] [I] [   992.9] PUCCH: rnti=0x4602 format=2 prb=[7, 8) prb2=na symb=[4, 6) csi1=2222 sinr=-4.1dB t=10.7us
2026-04-24T09:14:47.610441 [PHY     ] [I] [   994.8] PUCCH: rnti=0x4602 format=1 prb1=4 prb2=na symb=[0, 14) cs=0 occ=0 sr=no metric=0.3 sinr=-14.0dB t=18.7us
2026-04-24T09:14:47.610720 [PHY     ] [I] [   994.9] PUCCH: rnti=0x4602 format=2 prb=[7, 8) prb2=na symb=[4, 6) csi1=2222 sinr=-6.1dB t=12.4us
2026-04-24T09:14:47.630448 [PHY     ] [I] [   996.8] PUCCH: rnti=0x4602 format=1 prb1=4 prb2=na symb=[0, 14) cs=0 occ=0 sr=no metric=0.2 sinr=-18.0dB t=13.9us
2026-04-24T09:14:47.630639 [PHY     ] [I] [   996.9] PUCCH: rnti=0x4602 format=2 prb=[7, 8) prb2=na symb=[4, 6) csi1=2222 sinr=-12.0dB t=12.0us
2026-04-24T09:14:47.650496 [PHY     ] [I] [   998.8] PUCCH: rnti=0x4602 format=1 prb1=4 prb2=na symb=[0, 14) cs=0 occ=0 sr=no metric=0.1 sinr=-26.9dB t=13.2us
2026-04-24T09:14:47.650645 [PHY     ] [I] [   998.9] PUCCH: rnti=0x4602 format=2 prb=[7, 8) prb2=na symb=[4, 6) csi1=2222 sinr=2.6dB t=8.4us
2026-04-24T09:14:47.670497 [PHY     ] [I] [  1000.8] PUCCH: rnti=0x4602 format=1 prb1=4 prb2=na symb=[0, 14) cs=0 occ=0 sr=no metric=0.3 sinr=-20.9dB t=19.7us
2026-04-24T09:14:47.670662 [PHY     ] [I] [  1000.9] PUCCH: rnti=0x4602 format=2 prb=[7, 8) prb2=na symb=[4, 6) csi1=2222 sinr=-6.0dB t=20.3us
2026-04-24T09:14:47.689456 [SCHED   ] [I] [ 1002.14] Slot decisions pci=1 t=51us (1 PDSCH, 0 PUSCHs, 0 PUCCHs): DL: ue=0 c-rnti=0x4602 h_id=1 ss_id=2 rb=[0..2) k1=4 newtx=true rv=0 tbs=123 ri=1 dl_bo=0
2026-04-24T09:14:47.689486 [MAC     ] [I] [ 1002.14] DL PDU: ue=0 rnti=0x4602 size=123: TA_CMD: tag_id=0, ta_cmd=34
2026-04-24T09:14:47.689521 [PHY     ] [I] [ 1002.14] PDCCH: rnti=0x4602 ss_id=2 format=1_1 cce=14 al=2 t=24.7us
2026-04-24T09:14:47.689567 [PHY     ] [I] [ 1002.14] PDSCH: rnti=0x4602 h_id=1 k1=4 prb=[0, 2) symb=[2, 14) mod=64QAM rv=0 tbs=123 t=48.3us
2026-04-24T09:14:47.690514 [PHY     ] [I] [  1002.8] PUCCH: rnti=0x4602 format=1 prb1=4 prb2=na symb=[0, 14) cs=0 occ=0 sr=no metric=0.3 sinr=-13.8dB t=22.2us
2026-04-24T09:14:47.690738 [PHY     ] [I] [  1002.9] PUCCH: rnti=0x4602 format=2 prb=[7, 8) prb2=na symb=[4, 6) csi1=2222 sinr=-12.5dB t=36.8us
2026-04-24T09:14:47.695639 [PHY     ] [I] [ 1002.18] PUCCH: rnti=0x4602 format=1 prb1=2 prb2=na symb=[0, 14) cs=0 occ=0 ack=2 metric=0.1 sinr=-21.7dB t=95.8us
2026-04-24T09:14:47.697534 [SCHED   ] [I] [ 1003.10] Slot decisions pci=1 t=40us (1 PDSCH, 0 PUSCHs, 0 PUCCHs): DL: ue=0 c-rnti=0x4602 h_id=1 ss_id=2 rb=[0..2) k1=7 newtx=false rv=2 tbs=123
2026-04-24T09:14:47.697641 [PHY     ] [I] [ 1003.10] PDCCH: rnti=0x4602 ss_id=2 format=1_1 cce=10 al=2 t=40.1us
2026-04-24T09:14:47.697704 [PHY     ] [I] [ 1003.10] PDSCH: rnti=0x4602 h_id=1 k1=7 prb=[0, 2) symb=[2, 14) mod=64QAM rv=2 tbs=123 t=94.7us
2026-04-24T09:14:47.705027 [PHY     ] [I] [ 1003.17] PUCCH: rnti=0x4602 format=1 prb1=2 prb2=na symb=[0, 14) cs=0 occ=0 ack=2 metric=0.4 sinr=-20.9dB t=43.5us
2026-04-24T09:14:47.707568 [SCHED   ] [I] [ 1004.10] Slot decisions pci=1 t=45us (1 PDSCH, 0 PUSCHs, 0 PUCCHs): DL: ue=0 c-rnti=0x4602 h_id=1 ss_id=2 rb=[0..2) k1=7 newtx=false rv=3 tbs=123
2026-04-24T09:14:47.707662 [PHY     ] [I] [ 1004.10] PDCCH: rnti=0x4602 ss_id=2 format=1_1 cce=10 al=2 t=33.1us
2026-04-24T09:14:47.707721 [PHY     ] [I] [ 1004.10] PDSCH: rnti=0x4602 h_id=1 k1=7 prb=[0, 2) symb=[2, 14) mod=64QAM rv=3 tbs=123 t=79.3us
2026-04-24T09:14:47.710624 [PHY     ] [I] [  1004.8] PUCCH: rnti=0x4602 format=1 prb1=4 prb2=na symb=[0, 14) cs=0 occ=0 sr=no metric=0.1 sinr=-24.3dB t=48.4us
2026-04-24T09:14:47.710813 [PHY     ] [I] [  1004.9] PUCCH: rnti=0x4602 format=2 prb=[7, 8) prb2=na symb=[4, 6) csi1=2222 sinr=-0.9dB t=66.3us
2026-04-24T09:14:47.715042 [PHY     ] [I] [ 1004.17] PUCCH: rnti=0x4602 format=1 prb1=2 prb2=na symb=[0, 14) cs=0 occ=0 ack=2 metric=0.2 sinr=-17.6dB t=37.8us
2026-04-24T09:14:47.717502 [SCHED   ] [I] [ 1005.10] Slot decisions pci=1 t=45us (1 PDSCH, 0 PUSCHs, 0 PUCCHs): DL: ue=0 c-rnti=0x4602 h_id=1 ss_id=2 rb=[0..2) k1=7 newtx=false rv=1 tbs=123
2026-04-24T09:14:47.717592 [PHY     ] [I] [ 1005.10] PDCCH: rnti=0x4602 ss_id=2 format=1_1 cce=10 al=2 t=24.8us
2026-04-24T09:14:47.717639 [PHY     ] [I] [ 1005.10] PDSCH: rnti=0x4602 h_id=1 k1=7 prb=[0, 2) symb=[2, 14) mod=64QAM rv=1 tbs=123 t=69.9us
2026-04-24T09:14:47.725116 [PHY     ] [I] [ 1005.17] PUCCH: rnti=0x4602 format=1 prb1=2 prb2=na symb=[0, 14) cs=0 occ=0 ack=2 metric=0.3 sinr=-15.9dB t=58.4us
2026-04-24T09:14:47.727488 [SCHED   ] [I] [ 1006.10] Slot decisions pci=1 t=37us (1 PDSCH, 0 PUSCHs, 0 PUCCHs): DL: ue=0 c-rnti=0x4602 h_id=1 ss_id=2 rb=[0..2) k1=7 newtx=false rv=0 tbs=123
2026-04-24T09:14:47.727593 [PHY     ] [I] [ 1006.10] PDCCH: rnti=0x4602 ss_id=2 format=1_1 cce=10 al=2 t=49.4us
2026-04-24T09:14:47.727611 [PHY     ] [I] [ 1006.10] PDSCH: rnti=0x4602 h_id=1 k1=7 prb=[0, 2) symb=[2, 14) mod=64QAM rv=0 tbs=123 t=61.6us
2026-04-24T09:14:47.730557 [PHY     ] [I] [  1006.8] PUCCH: rnti=0x4602 format=1 prb1=4 prb2=na symb=[0, 14) cs=0 occ=0 sr=no metric=0.3 sinr=-20.7dB t=41.5us
2026-04-24T09:14:47.730783 [PHY     ] [I] [  1006.9] PUCCH: rnti=0x4602 format=2 prb=[7, 8) prb2=na symb=[4, 6) csi1=2222 sinr=-3.4dB t=29.3us
2026-04-24T09:14:47.735134 [PHY     ] [I] [ 1006.17] PUCCH: rnti=0x4602 format=1 prb1=2 prb2=na symb=[0, 14) cs=0 occ=0 ack=2 metric=0.7 sinr=-12.6dB t=84.2us
2026-04-24T09:14:47.735512 [SCHED   ] [I] [  1007.6] rnti=0x4602 h_id=1: Discarding DL HARQ process TB with tbs=123. Cause: Maximum number of reTxs 4 exceeded
2026-04-24T09:14:47.750638 [PHY     ] [I] [  1008.8] PUCCH: rnti=0x4602 format=1 prb1=4 prb2=na symb=[0, 14) cs=0 occ=0 sr=no metric=0.7 sinr=-14.1dB t=56.2us
2026-04-24T09:14:47.750836 [PHY     ] [I] [  1008.9] PUCCH: rnti=0x4602 format=2 prb=[7, 8) prb2=na symb=[4, 6) csi1=2222 sinr=-5.0dB t=79.6us
2026-04-24T09:14:47.770613 [PHY     ] [I] [  1010.8] PUCCH: rnti=0x4602 format=1 prb1=4 prb2=na symb=[0, 14) cs=0 occ=0 sr=no metric=0.2 sinr=-20.0dB t=59.2us
2026-04-24T09:14:47.770843 [PHY     ] [I] [  1010.9] PUCCH: rnti=0x4602 format=2 prb=[7, 8) prb2=na symb=[4, 6) csi1=2222 sinr=-11.3dB t=66.8us
2026-04-24T09:14:47.790741 [PHY     ] [I] [  1012.8] PUCCH: rnti=0x4602 format=1 prb1=4 prb2=na symb=[0, 14) cs=0 occ=0 sr=no metric=0.3 sinr=-22.2dB t=91.4us
2026-04-24T09:14:47.790865 [PHY     ] [I] [  1012.9] PUCCH: rnti=0x4602 format=2 prb=[7, 8) prb2=na symb=[4, 6) csi1=2222 sinr=-6.3dB t=53.4us
2026-04-24T09:14:47.810691 [PHY     ] [I] [  1014.8] PUCCH: rnti=0x4602 format=1 prb1=4 prb2=na symb=[0, 14) cs=0 occ=0 sr=no metric=0.2 sinr=-22.2dB t=72.2us
2026-04-24T09:14:47.810846 [PHY     ] [I] [  1014.9] PUCCH: rnti=0x4602 format=2 prb=[7, 8) prb2=na symb=[4, 6) csi1=2222 sinr=-6.9dB t=47.8us
2026-04-24T09:14:47.830712 [PHY     ] [I] [  1016.8] PUCCH: rnti=0x4602 format=1 prb1=4 prb2=na symb=[0, 14) cs=0 occ=0 sr=no metric=0.1 sinr=-24.3dB t=91.5us
2026-04-24T09:14:47.830838 [PHY     ] [I] [  1016.9] PUCCH: rnti=0x4602 format=2 prb=[7, 8) prb2=na symb=[4, 6) csi1=2222 sinr=-3.6dB t=44.3us
2026-04-24T09:14:47.850698 [PHY     ] [I] [  1018.8] PUCCH: rnti=0x4602 format=1 prb1=4 prb2=na symb=[0, 14) cs=0 occ=0 sr=no metric=0.9 sinr=-15.5dB t=87.8us
2026-04-24T09:14:47.850890 [PHY     ] [I] [  1018.9] PUCCH: rnti=0x4602 format=2 prb=[7, 8) prb2=na symb=[4, 6) csi1=2222 sinr=-3.4dB t=47.8us
2026-04-24T09:14:47.870718 [PHY     ] [I] [  1020.8] PUCCH: rnti=0x4602 format=1 prb1=4 prb2=na symb=[0, 14) cs=0 occ=0 sr=no metric=0.3 sinr=-31.2dB t=86.4us
2026-04-24T09:14:47.870872 [PHY     ] [I] [  1020.9] PUCCH: rnti=0x4602 format=2 prb=[7, 8) prb2=na symb=[4, 6) csi1=2222 sinr=-3.1dB t=64.6us
2026-04-24T09:14:47.890716 [PHY     ] [I] [  1022.8] PUCCH: rnti=0x4602 format=1 prb1=4 prb2=na symb=[0, 14) cs=0 occ=0 sr=no metric=0.1 sinr=-22.7dB t=94.8us
2026-04-24T09:14:47.890902 [PHY     ] [I] [  1022.9] PUCCH: rnti=0x4602 format=2 prb=[7, 8) prb2=na symb=[4, 6) csi1=2222 sinr=-6.2dB t=90.6us
2026-04-24T09:14:47.910735 [PHY     ] [I] [     0.8] PUCCH: rnti=0x4602 format=1 prb1=4 prb2=na symb=[0, 14) cs=0 occ=0 sr=no metric=0.7 sinr=-15.7dB t=92.8us
2026-04-24T09:14:47.910935 [PHY     ] [I] [     0.9] PUCCH: rnti=0x4602 format=2 prb=[7, 8) prb2=na symb=[4, 6) csi1=2222 sinr=-8.3dB t=99.6us
2026-04-24T09:14:47.930796 [PHY     ] [I] [     2.8] PUCCH: rnti=0x4602 format=1 prb1=4 prb2=na symb=[0, 14) cs=0 occ=0 sr=no metric=0.3 sinr=-17.7dB t=128.7us
2026-04-24T09:14:47.930948 [PHY     ] [I] [     2.9] PUCCH: rnti=0x4602 format=2 prb=[7, 8) prb2=na symb=[4, 6) csi1=2222 sinr=-0.1dB t=111.8us
2026-04-24T09:14:47.950799 [PHY     ] [I] [     4.8] PUCCH: rnti=0x4602 format=1 prb1=4 prb2=na symb=[0, 14) cs=0 occ=0 sr=no metric=0.1 sinr=-23.4dB t=128.4us
2026-04-24T09:14:47.950943 [PHY     ] [I] [     4.9] PUCCH: rnti=0x4602 format=2 prb=[7, 8) prb2=na symb=[4, 6) csi1=2222 sinr=-1.0dB t=106.4us
2026-04-24T09:14:47.970790 [PHY     ] [I] [     6.8] PUCCH: rnti=0x4602 format=1 prb1=4 prb2=na symb=[0, 14) cs=0 occ=0 sr=no metric=0.2 sinr=-18.3dB t=97.4us
2026-04-24T09:14:47.970977 [PHY     ] [I] [     6.9] PUCCH: rnti=0x4602 format=2 prb=[7, 8) prb2=na symb=[4, 6) csi1=2222 sinr=-4.8dB t=110.1us
2026-04-24T09:14:47.990811 [PHY     ] [I] [     8.8] PUCCH: rnti=0x4602 format=1 prb1=4 prb2=na symb=[0, 14) cs=0 occ=0 sr=no metric=0.1 sinr=-22.0dB t=111.4us
2026-04-24T09:14:47.990991 [PHY     ] [I] [     8.9] PUCCH: rnti=0x4602 format=2 prb=[7, 8) prb2=na symb=[4, 6) csi1=2222 sinr=-9.4dB t=108.7us
2026-04-24T09:14:48.010797 [PHY     ] [I] [    10.8] PUCCH: rnti=0x4602 format=1 prb1=4 prb2=na symb=[0, 14) cs=0 occ=0 sr=no metric=0.1 sinr=-22.8dB t=99.3us
2026-04-24T09:14:48.011005 [PHY     ] [I] [    10.9] PUCCH: rnti=0x4602 format=2 prb=[7, 8) prb2=na symb=[4, 6) csi1=2222 sinr=-2.4dB t=131.1us
2026-04-24T09:14:48.030871 [PHY     ] [I] [    12.8] PUCCH: rnti=0x4602 format=1 prb1=4 prb2=na symb=[0, 14) cs=0 occ=0 sr=no metric=0.1 sinr=-26.6dB t=135.1us
2026-04-24T09:14:48.031007 [PHY     ] [I] [    12.9] PUCCH: rnti=0x4602 format=2 prb=[7, 8) prb2=na symb=[4, 6) csi1=2222 sinr=-4.0dB t=112.5us
2026-04-24T09:14:48.050810 [PHY     ] [I] [    14.8] PUCCH: rnti=0x4602 format=1 prb1=4 prb2=na symb=[0, 14) cs=0 occ=0 sr=no metric=0.4 sinr=-22.4dB t=134.1us
2026-04-24T09:14:48.050935 [PHY     ] [I] [    14.9] PUCCH: rnti=0x4602 format=2 prb=[7, 8) prb2=na symb=[4, 6) csi1=2222 sinr=-6.8dB t=61.3us
2026-04-24T09:14:48.070806 [PHY     ] [I] [    16.8] PUCCH: rnti=0x4602 format=1 prb1=4 prb2=na symb=[0, 14) cs=0 occ=0 sr=no metric=0.2 sinr=-18.8dB t=135.8us
2026-04-24T09:14:48.071015 [PHY     ] [I] [    16.9] PUCCH: rnti=0x4602 format=2 prb=[7, 8) prb2=na symb=[4, 6) csi1=2222 sinr=-4.6dB t=187.1us
2026-04-24T09:14:48.090793 [PHY     ] [I] [    18.8] PUCCH: rnti=0x4602 format=1 prb1=4 prb2=na symb=[0, 14) cs=0 occ=0 sr=no metric=0.0 sinr=-36.9dB t=112.9us
2026-04-24T09:14:48.090977 [PHY     ] [I] [    18.9] PUCCH: rnti=0x4602 format=2 prb=[7, 8) prb2=na symb=[4, 6) csi1=2222 sinr=-7.9dB t=125.0us
2026-04-24T09:14:48.110705 [PHY     ] [I] [    20.8] PUCCH: rnti=0x4602 format=1 prb1=4 prb2=na symb=[0, 14) cs=0 occ=0 sr=no metric=0.1 sinr=-20.8dB t=86.1us
2026-04-24T09:14:48.110951 [PHY     ] [I] [    20.9] PUCCH: rnti=0x4602 format=2 prb=[7, 8) prb2=na symb=[4, 6) csi1=2222 sinr=-3.6dB t=103.6us
2026-04-24T09:14:48.130713 [PHY     ] [I] [    22.8] PUCCH: rnti=0x4602 format=1 prb1=4 prb2=na symb=[0, 14) cs=0 occ=0 sr=no metric=0.4 sinr=-19.5dB t=77.9us
2026-04-24T09:14:48.130921 [PHY     ] [I] [    22.9] PUCCH: rnti=0x4602 format=2 prb=[7, 8) prb2=na symb=[4, 6) csi1=2222 sinr=-4.7dB t=98.6us
2026-04-24T09:14:48.150744 [PHY     ] [I] [    24.8] PUCCH: rnti=0x4602 format=1 prb1=4 prb2=na symb=[0, 14) cs=0 occ=0 sr=no metric=0.1 sinr=-28.6dB t=77.6us
2026-04-24T09:14:48.150928 [PHY     ] [I] [    24.9] PUCCH: rnti=0x4602 format=2 prb=[7, 8) prb2=na symb=[4, 6) csi1=2222 sinr=-5.8dB t=95.1us
2026-04-24T09:14:48.170686 [PHY     ] [I] [    26.8] PUCCH: rnti=0x4602 format=1 prb1=4 prb2=na symb=[0, 14) cs=0 occ=0 sr=no metric=0.3 sinr=-17.5dB t=79.2us
2026-04-24T09:14:48.170953 [PHY     ] [I] [    26.9] PUCCH: rnti=0x4602 format=2 prb=[7, 8) prb2=na symb=[4, 6) csi1=2222 sinr=-5.6dB t=105.3us
2026-04-24T09:14:48.190773 [PHY     ] [I] [    28.8] PUCCH: rnti=0x4602 format=1 prb1=4 prb2=na symb=[0, 14) cs=0 occ=0 sr=no metric=0.5 sinr=-16.5dB t=100.6us
2026-04-24T09:14:48.190967 [PHY     ] [I] [    28.9] PUCCH: rnti=0x4602 format=2 prb=[7, 8) prb2=na symb=[4, 6) csi1=2222 sinr=-0.3dB t=114.9us
2026-04-24T09:14:48.210898 [PHY     ] [I] [    30.8] PUCCH: rnti=0x4602 format=1 prb1=4 prb2=na symb=[0, 14) cs=0 occ=0 sr=no metric=0.0 sinr=-34.6dB t=151.2us
2026-04-24T09:14:48.211033 [PHY     ] [I] [    30.9] PUCCH: rnti=0x4602 format=2 prb=[7, 8) prb2=na symb=[4, 6) csi1=2222 sinr=-4.4dB t=113.5us
2026-04-24T09:14:48.230792 [PHY     ] [I] [    32.8] PUCCH: rnti=0x4602 format=1 prb1=4 prb2=na symb=[0, 14) cs=0 occ=0 sr=no metric=0.2 sinr=-20.2dB t=89.4us
2026-04-24T09:14:48.231006 [PHY     ] [I] [    32.9] PUCCH: rnti=0x4602 format=2 prb=[7, 8) prb2=na symb=[4, 6) csi1=2222 sinr=-6.3dB t=123.4us
2026-04-24T09:14:48.250822 [PHY     ] [I] [    34.8] PUCCH: rnti=0x4602 format=1 prb1=4 prb2=na symb=[0, 14) cs=0 occ=0 sr=no metric=0.2 sinr=-31.1dB t=127.5us
2026-04-24T09:14:48.251013 [PHY     ] [I] [    34.9] PUCCH: rnti=0x4602 format=2 prb=[7, 8) prb2=na symb=[4, 6) csi1=2222 sinr=-15.4dB t=105.4us
2026-04-24T09:14:48.270795 [PHY     ] [I] [    36.8] PUCCH: rnti=0x4602 format=1 prb1=4 prb2=na symb=[0, 14) cs=0 occ=0 sr=no metric=0.1 sinr=-19.6dB t=99.9us
2026-04-24T09:14:48.271028 [PHY     ] [I] [    36.9] PUCCH: rnti=0x4602 format=2 prb=[7, 8) prb2=na symb=[4, 6) csi1=2222 sinr=-15.5dB t=144.2us
2026-04-24T09:14:48.290849 [PHY     ] [I] [    38.8] PUCCH: rnti=0x4602 format=1 prb1=4 prb2=na symb=[0, 14) cs=0 occ=0 sr=no metric=0.1 sinr=-19.5dB t=130.7us
2026-04-24T09:14:48.291018 [PHY     ] [I] [    38.9] PUCCH: rnti=0x4602 format=2 prb=[7, 8) prb2=na symb=[4, 6) csi1=2222 sinr=-7.0dB t=125.4us
2026-04-24T09:14:48.310851 [PHY     ] [I] [    40.8] PUCCH: rnti=0x4602 format=1 prb1=4 prb2=na symb=[0, 14) cs=0 occ=0 sr=no metric=0.2 sinr=-15.3dB t=112.9us
2026-04-24T09:14:48.310999 [PHY     ] [I] [    40.9] PUCCH: rnti=0x4602 format=2 prb=[7, 8) prb2=na symb=[4, 6) csi1=2222 sinr=-1.1dB t=112.4us
2026-04-24T09:14:48.330939 [PHY     ] [I] [    42.8] PUCCH: rnti=0x4602 format=1 prb1=4 prb2=na symb=[0, 14) cs=0 occ=0 sr=no metric=0.4 sinr=-14.3dB t=128.5us
2026-04-24T09:14:48.331104 [PHY     ] [I] [    42.9] PUCCH: rnti=0x4602 format=2 prb=[7, 8) prb2=na symb=[4, 6) csi1=2222 sinr=-4.3dB t=117.6us
2026-04-24T09:14:48.351007 [PHY     ] [I] [    44.8] PUCCH: rnti=0x4602 format=1 prb1=4 prb2=na symb=[0, 14) cs=0 occ=0 sr=no metric=0.1 sinr=-20.6dB t=134.1us
2026-04-24T09:14:48.351205 [PHY     ] [I] [    44.9] PUCCH: rnti=0x4602 format=2 prb=[7, 8) prb2=na symb=[4, 6) csi1=2222 sinr=-10.6dB t=166.0us
2026-04-24T09:14:48.370831 [PHY     ] [I] [    46.8] PUCCH: rnti=0x4602 format=1 prb1=4 prb2=na symb=[0, 14) cs=0 occ=0 sr=no metric=0.3 sinr=-17.8dB t=121.5us
2026-04-24T09:14:48.371031 [PHY     ] [I] [    46.9] PUCCH: rnti=0x4602 format=2 prb=[7, 8) prb2=na symb=[4, 6) csi1=2222 sinr=-5.5dB t=132.9us
2026-04-24T09:14:48.390895 [PHY     ] [I] [    48.8] PUCCH: rnti=0x4602 format=1 prb1=4 prb2=na symb=[0, 14) cs=0 occ=0 sr=no metric=0.2 sinr=-24.4dB t=152.2us
2026-04-24T09:14:48.390990 [PHY     ] [I] [    48.9] PUCCH: rnti=0x4602 format=2 prb=[7, 8) prb2=na symb=[4, 6) csi1=2222 sinr=-3.6dB t=112.5us
2026-04-24T09:14:48.410849 [PHY     ] [I] [    50.8] PUCCH: rnti=0x4602 format=1 prb1=4 prb2=na symb=[0, 14) cs=0 occ=0 sr=no metric=0.1 sinr=-28.2dB t=98.6us
2026-04-24T09:14:48.411015 [PHY     ] [I] [    50.9] PUCCH: rnti=0x4602 format=2 prb=[7, 8) prb2=na symb=[4, 6) csi1=2222 sinr=3.0dB t=78.7us
2026-04-24T09:14:48.418726 [SCHED   ] [I] [   51.12] Slot decisions pci=1 t=157us (1 PDSCH, 0 PUSCHs, 0 PUCCHs): DL: ue=0 c-rnti=0x4602 h_id=1 ss_id=2 rb=[0..2) k1=5 newtx=true rv=0 tbs=123 ri=1 dl_bo=0
2026-04-24T09:14:48.418826 [MAC     ] [I] [   51.12] DL PDU: ue=0 rnti=0x4602 size=123: TA_CMD: tag_id=0, ta_cmd=28
2026-04-24T09:14:48.418932 [PHY     ] [I] [   51.12] PDCCH: rnti=0x4602 ss_id=2 format=1_1 cce=10 al=2 t=96.3us
2026-04-24T09:14:48.419023 [PHY     ] [I] [   51.12] PDSCH: rnti=0x4602 h_id=1 k1=5 prb=[0, 2) symb=[2, 14) mod=64QAM rv=0 tbs=123 t=155.9us
2026-04-24T09:14:48.425345 [PHY     ] [I] [   51.17] PUCCH: rnti=0x4602 format=1 prb1=2 prb2=na symb=[0, 14) cs=0 occ=0 ack=2 metric=0.1 sinr=-23.6dB t=140.4us
2026-04-24T09:14:48.427699 [SCHED   ] [I] [   52.10] Slot decisions pci=1 t=106us (1 PDSCH, 0 PUSCHs, 0 PUCCHs): DL: ue=0 c-rnti=0x4602 h_id=1 ss_id=2 rb=[0..2) k1=7 newtx=false rv=2 tbs=123
2026-04-24T09:14:48.427942 [PHY     ] [I] [   52.10] PDCCH: rnti=0x4602 ss_id=2 format=1_1 cce=10 al=2 t=94.6us
2026-04-24T09:14:48.428040 [PHY     ] [I] [   52.10] PDSCH: rnti=0x4602 h_id=1 k1=7 prb=[0, 2) symb=[2, 14) mod=64QAM rv=2 tbs=123 t=168.1us
2026-04-24T09:14:48.430909 [PHY     ] [I] [    52.8] PUCCH: rnti=0x4602 format=1 prb1=4 prb2=na symb=[0, 14) cs=0 occ=0 sr=no metric=0.1 sinr=-20.1dB t=121.4us
2026-04-24T09:14:48.431048 [PHY     ] [I] [    52.9] PUCCH: rnti=0x4602 format=2 prb=[7, 8) prb2=na symb=[4, 6) csi1=2222 sinr=-2.6dB t=92.6us
2026-04-24T09:14:48.435369 [PHY     ] [I] [   52.17] PUCCH: rnti=0x4602 format=1 prb1=2 prb2=na symb=[0, 14) cs=0 occ=0 ack=2 metric=0.5 sinr=-16.3dB t=130.7us
2026-04-24T09:14:48.437752 [SCHED   ] [I] [   53.10] Slot decisions pci=1 t=81us (1 PDSCH, 0 PUSCHs, 0 PUCCHs): DL: ue=0 c-rnti=0x4602 h_id=1 ss_id=2 rb=[0..2) k1=7 newtx=false rv=3 tbs=123
2026-04-24T09:14:48.437960 [PHY     ] [I] [   53.10] PDCCH: rnti=0x4602 ss_id=2 format=1_1 cce=10 al=2 t=100.9us
2026-04-24T09:14:48.438023 [PHY     ] [I] [   53.10] PDSCH: rnti=0x4602 h_id=1 k1=7 prb=[0, 2) symb=[2, 14) mod=64QAM rv=3 tbs=123 t=153.2us
2026-04-24T09:14:48.445344 [PHY     ] [I] [   53.17] PUCCH: rnti=0x4602 format=1 prb1=2 prb2=na symb=[0, 14) cs=0 occ=0 ack=2 metric=0.2 sinr=-20.8dB t=144.2us
2026-04-24T09:14:48.447688 [SCHED   ] [I] [   54.10] Slot decisions pci=1 t=107us (1 PDSCH, 0 PUSCHs, 0 PUCCHs): DL: ue=0 c-rnti=0x4602 h_id=1 ss_id=2 rb=[0..2) k1=7 newtx=false rv=1 tbs=123
2026-04-24T09:14:48.447901 [PHY     ] [I] [   54.10] PDCCH: rnti=0x4602 ss_id=2 format=1_1 cce=10 al=2 t=97.4us
2026-04-24T09:14:48.447988 [PHY     ] [I] [   54.10] PDSCH: rnti=0x4602 h_id=1 k1=7 prb=[0, 2) symb=[2, 14) mod=64QAM rv=1 tbs=123 t=161.7us
2026-04-24T09:14:48.450795 [PHY     ] [I] [    54.8] PUCCH: rnti=0x4602 format=1 prb1=4 prb2=na symb=[0, 14) cs=0 occ=0 sr=no metric=0.3 sinr=-19.3dB t=122.2us
2026-04-24T09:14:48.450921 [PHY     ] [I] [    54.9] PUCCH: rnti=0x4602 format=2 prb=[7, 8) prb2=na symb=[4, 6) csi1=2222 sinr=-5.0dB t=86.6us
2026-04-24T09:14:48.455251 [PHY     ] [I] [   54.17] PUCCH: rnti=0x4602 format=1 prb1=2 prb2=na symb=[0, 14) cs=0 occ=0 ack=2 metric=0.3 sinr=-16.9dB t=100.8us
2026-04-24T09:14:48.457577 [SCHED   ] [I] [   55.10] Slot decisions pci=1 t=72us (1 PDSCH, 0 PUSCHs, 0 PUCCHs): DL: ue=0 c-rnti=0x4602 h_id=1 ss_id=2 rb=[0..2) k1=7 newtx=false rv=0 tbs=123
2026-04-24T09:14:48.457752 [PHY     ] [I] [   55.10] PDCCH: rnti=0x4602 ss_id=2 format=1_1 cce=10 al=2 t=78.8us
2026-04-24T09:14:48.457775 [PHY     ] [I] [   55.10] PDSCH: rnti=0x4602 h_id=1 k1=7 prb=[0, 2) symb=[2, 14) mod=64QAM rv=0 tbs=123 t=93.9us
2026-04-24T09:14:48.465256 [PHY     ] [I] [   55.17] PUCCH: rnti=0x4602 format=1 prb1=2 prb2=na symb=[0, 14) cs=0 occ=0 ack=2 metric=0.1 sinr=-31.6dB t=95.4us
2026-04-24T09:14:48.465516 [SCHED   ] [I] [    56.6] rnti=0x4602 h_id=1: Discarding DL HARQ process TB with tbs=123. Cause: Maximum number of reTxs 4 exceeded
2026-04-24T09:14:48.470773 [PHY     ] [I] [    56.8] PUCCH: rnti=0x4602 format=1 prb1=4 prb2=na symb=[0, 14) cs=0 occ=0 sr=no metric=0.3 sinr=-24.3dB t=110.1us
2026-04-24T09:14:48.470977 [PHY     ] [I] [    56.9] PUCCH: rnti=0x4602 format=2 prb=[7, 8) prb2=na symb=[4, 6) csi1=2222 sinr=-4.0dB t=125.4us
2026-04-24T09:14:48.490839 [PHY     ] [I] [    58.8] PUCCH: rnti=0x4602 format=1 prb1=4 prb2=na symb=[0, 14) cs=0 occ=0 sr=no metric=0.2 sinr=-21.9dB t=101.6us
2026-04-24T09:14:48.491033 [PHY     ] [I] [    58.9] PUCCH: rnti=0x4602 format=2 prb=[7, 8) prb2=na symb=[4, 6) csi1=2222 sinr=-6.8dB t=107.6us
2026-04-24T09:14:48.510803 [PHY     ] [I] [    60.8] PUCCH: rnti=0x4602 format=1 prb1=4 prb2=na symb=[0, 14) cs=0 occ=0 sr=no metric=0.6 sinr=-13.8dB t=107.4us
2026-04-24T09:14:48.510984 [PHY     ] [I] [    60.9] PUCCH: rnti=0x4602 format=2 prb=[7, 8) prb2=na symb=[4, 6) csi1=2222 sinr=-2.0dB t=130.6us
2026-04-24T09:14:48.530797 [PHY     ] [I] [    62.8] PUCCH: rnti=0x4602 format=1 prb1=4 prb2=na symb=[0, 14) cs=0 occ=0 sr=no metric=0.1 sinr=-20.2dB t=92.4us
2026-04-24T09:14:48.530972 [PHY     ] [I] [    62.9] PUCCH: rnti=0x4602 format=2 prb=[7, 8) prb2=na symb=[4, 6) csi1=2222 sinr=9.2dB t=87.8us
2026-04-24T09:14:48.540146 [SCHED   ] [I] [   63.15] Slot decisions pci=1 t=103us (1 PDSCH, 0 PUSCHs, 0 PUCCHs): DL: ue=0 c-rnti=0x4602 h_id=1 ss_id=2 rb=[0..2) k1=4 newtx=true rv=0 tbs=123 ri=1 dl_bo=0
2026-04-24T09:14:48.540242 [MAC     ] [I] [   63.15] DL PDU: ue=0 rnti=0x4602 size=123: TA_CMD: tag_id=0, ta_cmd=28
2026-04-24T09:14:48.540351 [PHY     ] [I] [   63.15] PDCCH: rnti=0x4602 ss_id=2 format=1_1 cce=10 al=2 t=99.4us
2026-04-24T09:14:48.540427 [PHY     ] [I] [   63.15] PDSCH: rnti=0x4602 h_id=1 k1=4 prb=[0, 2) symb=[2, 14) mod=64QAM rv=0 tbs=123 t=148.7us
2026-04-24T09:14:48.546272 [PHY     ] [I] [   63.19] PUCCH: rnti=0x4602 format=1 prb1=2 prb2=na symb=[0, 14) cs=0 occ=0 ack=2 metric=0.9 sinr=-15.8dB t=113.5us
2026-04-24T09:14:48.547738 [SCHED   ] [I] [   64.10] Slot decisions pci=1 t=100us (1 PDSCH, 0 PUSCHs, 0 PUCCHs): DL: ue=0 c-rnti=0x4602 h_id=1 ss_id=2 rb=[0..2) k1=7 newtx=false rv=2 tbs=123
2026-04-24T09:14:48.547920 [PHY     ] [I] [   64.10] PDCCH: rnti=0x4602 ss_id=2 format=1_1 cce=10 al=2 t=84.6us
2026-04-24T09:14:48.548177 [PHY     ] [I] [   64.10] PDSCH: rnti=0x4602 h_id=1 k1=7 prb=[0, 2) symb=[2, 14) mod=64QAM rv=2 tbs=123 t=284.6us
2026-04-24T09:14:48.550866 [PHY     ] [I] [    64.8] PUCCH: rnti=0x4602 format=1 prb1=4 prb2=na symb=[0, 14) cs=0 occ=0 sr=yes metric=1.0 sinr=-12.2dB t=131.3us
2026-04-24T09:14:48.551002 [PHY     ] [I] [    64.9] PUCCH: rnti=0x4602 format=2 prb=[7, 8) prb2=na symb=[4, 6) csi1=2222 sinr=-3.6dB t=128.3us
2026-04-24T09:14:48.554266 [PHY     ] [I] [    65.3] PDCCH: rnti=0x4602 ss_id=2 format=0_1 cce=0 al=2 t=76.5us
2026-04-24T09:14:48.555307 [PHY     ] [I] [   64.17] PUCCH: rnti=0x4602 format=1 prb1=2 prb2=na symb=[0, 14) cs=0 occ=0 ack=2 metric=0.1 sinr=-28.5dB t=114.9us
2026-04-24T09:14:48.556105 [SCHED   ] [I] [    65.7] Slot decisions pci=1 t=25us (0 PDSCHs, 1 PUSCH, 0 PUCCHs): UL: ue=0 rnti=0x4602 h_id=0 ss_id=2 rb=[0..51) newtx=true rv=0 tbs=201 k2=4
2026-04-24T09:14:48.557676 [SCHED   ] [I] [   65.10] Slot decisions pci=1 t=94us (1 PDSCH, 0 PUSCHs, 0 PUCCHs): DL: ue=0 c-rnti=0x4602 h_id=1 ss_id=2 rb=[0..2) k1=7 newtx=false rv=3 tbs=123
2026-04-24T09:14:48.557940 [PHY     ] [I] [   65.10] PDSCH: rnti=0x4602 h_id=1 k1=7 prb=[0, 2) symb=[2, 14) mod=64QAM rv=3 tbs=123 t=138.6us
2026-04-24T09:14:48.558060 [PHY     ] [I] [   65.10] PDCCH: rnti=0x4602 ss_id=2 format=1_1 cce=10 al=2 t=97.9us
2026-04-24T09:14:48.561763 [PHY     ] [I] [    65.7] PUSCH: rnti=0x4602 h_id=0 prb=[0, 51) symb=[0, 14) mod=QPSK rv=0 tbs=201 crc=KO iter=6.0 sinr=-21.5dB t=1571.5us uci_t=0.0us ret_t=72.6us
2026-04-24T09:14:48.564253 [PHY     ] [I] [    66.3] PDCCH: rnti=0x4602 ss_id=2 format=0_1 cce=0 al=2 t=68.0us
2026-04-24T09:14:48.565342 [PHY     ] [I] [   65.17] PUCCH: rnti=0x4602 format=1 prb1=2 prb2=na symb=[0, 14) cs=0 occ=0 ack=0 metric=1.0 sinr=-13.6dB t=136.6us
2026-04-24T09:14:48.566101 [SCHED   ] [I] [    66.7] Slot decisions pci=1 t=24us (0 PDSCHs, 1 PUSCH, 0 PUCCHs): UL: ue=0 rnti=0x4602 h_id=0 ss_id=2 rb=[0..51) newtx=false rv=0 tbs=201 k2=4
2026-04-24T09:14:48.567653 [SCHED   ] [I] [   66.10] Slot decisions pci=1 t=100us (1 PDSCH, 0 PUSCHs, 0 PUCCHs): DL: ue=0 c-rnti=0x4602 h_id=1 ss_id=2 rb=[0..2) k1=7 newtx=false rv=1 tbs=123
2026-04-24T09:14:48.567848 [PHY     ] [I] [   66.10] PDCCH: rnti=0x4602 ss_id=2 format=1_1 cce=10 al=2 t=76.0us
2026-04-24T09:14:48.567959 [PHY     ] [I] [   66.10] PDSCH: rnti=0x4602 h_id=1 k1=7 prb=[0, 2) symb=[2, 14) mod=64QAM rv=1 tbs=123 t=168.1us
2026-04-24T09:14:48.570800 [PHY     ] [I] [    66.8] PUCCH: rnti=0x4602 format=1 prb1=4 prb2=na symb=[0, 14) cs=0 occ=0 sr=no metric=0.3 sinr=-20.1dB t=106.7us
2026-04-24T09:14:48.571014 [PHY     ] [I] [    66.9] PUCCH: rnti=0x4602 format=2 prb=[7, 8) prb2=na symb=[4, 6) csi1=2222 sinr=-7.6dB t=129.8us
2026-04-24T09:14:48.571791 [PHY     ] [I] [    66.7] PUSCH: rnti=0x4602 h_id=0 prb=[0, 51) symb=[0, 14) mod=QPSK rv=0 tbs=201 crc=KO iter=6.0 sinr=-23.6dB t=1599.9us uci_t=0.0us ret_t=34.1us
2026-04-24T09:14:48.574196 [PHY     ] [I] [    67.3] PDCCH: rnti=0x4602 ss_id=2 format=0_1 cce=0 al=2 t=53.5us
2026-04-24T09:14:48.575341 [PHY     ] [I] [   66.17] PUCCH: rnti=0x4602 format=1 prb1=2 prb2=na symb=[0, 14) cs=0 occ=0 ack=2 metric=0.1 sinr=-18.6dB t=121.8us
2026-04-24T09:14:48.575996 [SCHED   ] [I] [    67.7] Slot decisions pci=1 t=9us (0 PDSCHs, 1 PUSCH, 0 PUCCHs): UL: ue=0 rnti=0x4602 h_id=0 ss_id=2 rb=[0..51) newtx=false rv=0 tbs=201 k2=4
2026-04-24T09:14:48.577637 [SCHED   ] [I] [   67.10] Slot decisions pci=1 t=93us (1 PDSCH, 0 PUSCHs, 0 PUCCHs): DL: ue=0 c-rnti=0x4602 h_id=1 ss_id=2 rb=[0..2) k1=7 newtx=false rv=0 tbs=123
2026-04-24T09:14:48.577812 [PHY     ] [I] [   67.10] PDCCH: rnti=0x4602 ss_id=2 format=1_1 cce=10 al=2 t=53.0us
2026-04-24T09:14:48.577898 [PHY     ] [I] [   67.10] PDSCH: rnti=0x4602 h_id=1 k1=7 prb=[0, 2) symb=[2, 14) mod=64QAM rv=0 tbs=123 t=136.0us
2026-04-24T09:14:48.581711 [PHY     ] [I] [    67.7] PUSCH: rnti=0x4602 h_id=0 prb=[0, 51) symb=[0, 14) mod=QPSK rv=0 tbs=201 crc=KO iter=6.0 sinr=-22.0dB t=1559.3us uci_t=0.0us ret_t=32.1us
2026-04-24T09:14:48.584346 [PHY     ] [I] [    68.3] PDCCH: rnti=0x4602 ss_id=2 format=0_1 cce=0 al=2 t=60.8us
2026-04-24T09:14:48.585543 [PHY     ] [I] [   67.17] PUCCH: rnti=0x4602 format=1 prb1=2 prb2=na symb=[0, 14) cs=0 occ=0 ack=2 metric=0.4 sinr=-18.7dB t=224.2us
2026-04-24T09:14:48.585688 [SCHED   ] [I] [    68.6] rnti=0x4602 h_id=1: Discarding DL HARQ process TB with tbs=123. Cause: Maximum number of reTxs 4 exceeded
2026-04-24T09:14:48.586101 [SCHED   ] [I] [    68.7] Slot decisions pci=1 t=14us (0 PDSCHs, 1 PUSCH, 0 PUCCHs): UL: ue=0 rnti=0x4602 h_id=0 ss_id=2 rb=[0..51) newtx=false rv=0 tbs=201 k2=4
2026-04-24T09:14:48.590874 [PHY     ] [I] [    68.8] PUCCH: rnti=0x4602 format=1 prb1=4 prb2=na symb=[0, 14) cs=0 occ=0 sr=no metric=0.3 sinr=-18.2dB t=113.6us
2026-04-24T09:14:48.591077 [PHY     ] [I] [    68.9] PUCCH: rnti=0x4602 format=2 prb=[7, 8) prb2=na symb=[4, 6) csi1=2222 sinr=-2.7dB t=126.2us
2026-04-24T09:14:48.591755 [PHY     ] [I] [    68.7] PUSCH: rnti=0x4602 h_id=0 prb=[0, 51) symb=[0, 14) mod=QPSK rv=0 tbs=201 crc=KO iter=6.0 sinr=-23.5dB t=1510.6us uci_t=0.0us ret_t=28.5us
2026-04-24T09:14:48.594334 [PHY     ] [I] [    69.3] PDCCH: rnti=0x4602 ss_id=2 format=0_1 cce=0 al=2 t=89.6us
2026-04-24T09:14:48.596030 [SCHED   ] [I] [    69.7] Slot decisions pci=1 t=11us (0 PDSCHs, 1 PUSCH, 0 PUCCHs): UL: ue=0 rnti=0x4602 h_id=0 ss_id=2 rb=[0..51) newtx=false rv=0 tbs=201 k2=4
2026-04-24T09:14:48.601575 [PHY     ] [I] [    69.7] PUSCH: rnti=0x4602 h_id=0 prb=[0, 51) symb=[0, 14) mod=QPSK rv=0 tbs=201 crc=KO iter=6.0 sinr=-44.9dB t=1409.4us uci_t=0.0us ret_t=19.8us
2026-04-24T09:14:48.602005 [SCHED   ] [I] [   69.19] rnti=0x4602 h_id=0: Discarding UL HARQ process TB with tbs=201. Cause: Maximum number of reTxs 4 exceeded
2026-04-24T09:14:48.610804 [PHY     ] [I] [    70.8] PUCCH: rnti=0x4602 format=1 prb1=4 prb2=na symb=[0, 14) cs=0 occ=0 sr=no metric=0.1 sinr=-20.1dB t=100.5us
2026-04-24T09:14:48.611042 [PHY     ] [I] [    70.9] PUCCH: rnti=0x4602 format=2 prb=[7, 8) prb2=na symb=[4, 6) csi1=2222 sinr=-3.6dB t=129.8us
2026-04-24T09:14:48.630783 [PHY     ] [I] [    72.8] PUCCH: rnti=0x4602 format=1 prb1=4 prb2=na symb=[0, 14) cs=0 occ=0 sr=no metric=0.0 sinr=-24.5dB t=104.0us
2026-04-24T09:14:48.631009 [PHY     ] [I] [    72.9] PUCCH: rnti=0x4602 format=2 prb=[7, 8) prb2=na symb=[4, 6) csi1=2222 sinr=-1.4dB t=120.8us
2026-04-24T09:14:48.650802 [PHY     ] [I] [    74.8] PUCCH: rnti=0x4602 format=1 prb1=4 prb2=na symb=[0, 14) cs=0 occ=0 sr=no metric=0.1 sinr=-20.3dB t=102.3us
2026-04-24T09:14:48.651005 [PHY     ] [I] [    74.9] PUCCH: rnti=0x4602 format=2 prb=[7, 8) prb2=na symb=[4, 6) csi1=2222 sinr=-8.2dB t=125.4us
2026-04-24T09:14:48.670802 [PHY     ] [I] [    76.8] PUCCH: rnti=0x4602 format=1 prb1=4 prb2=na symb=[0, 14) cs=0 occ=0 sr=no metric=0.4 sinr=-17.5dB t=122.3us
2026-04-24T09:14:48.671001 [PHY     ] [I] [    76.9] PUCCH: rnti=0x4602 format=2 prb=[7, 8) prb2=na symb=[4, 6) csi1=2222 sinr=-1.9dB t=125.6us
2026-04-24T09:14:48.690800 [PHY     ] [I] [    78.8] PUCCH: rnti=0x4602 format=1 prb1=4 prb2=na symb=[0, 14) cs=0 occ=0 sr=no metric=0.2 sinr=-16.8dB t=115.8us
2026-04-24T09:14:48.690984 [PHY     ] [I] [    78.9] PUCCH: rnti=0x4602 format=2 prb=[7, 8) prb2=na symb=[4, 6) csi1=2222 sinr=-3.5dB t=117.1us
2026-04-24T09:14:48.710748 [PHY     ] [I] [    80.8] PUCCH: rnti=0x4602 format=1 prb1=4 prb2=na symb=[0, 14) cs=0 occ=0 sr=no metric=0.2 sinr=-19.6dB t=93.5us
2026-04-24T09:14:48.710956 [PHY     ] [I] [    80.9] PUCCH: rnti=0x4602 format=2 prb=[7, 8) prb2=na symb=[4, 6) csi1=2222 sinr=0.2dB t=106.4us
2026-04-24T09:14:48.730800 [PHY     ] [I] [    82.8] PUCCH: rnti=0x4602 format=1 prb1=4 prb2=na symb=[0, 14) cs=0 occ=0 sr=no metric=0.2 sinr=-20.2dB t=102.8us
2026-04-24T09:14:48.731008 [PHY     ] [I] [    82.9] PUCCH: rnti=0x4602 format=2 prb=[7, 8) prb2=na symb=[4, 6) csi1=2222 sinr=3.2dB t=119.8us
2026-04-24T09:14:48.750915 [PHY     ] [I] [    84.8] PUCCH: rnti=0x4602 format=1 prb1=4 prb2=na symb=[0, 14) cs=0 occ=0 sr=no metric=0.2 sinr=-24.1dB t=130.6us
2026-04-24T09:14:48.751082 [PHY     ] [I] [    84.9] PUCCH: rnti=0x4602 format=2 prb=[7, 8) prb2=na symb=[4, 6) csi1=2222 sinr=-7.2dB t=121.5us
2026-04-24T09:14:48.751138 [MAC     ] [I] [   84.17] ue=0: RLF detected. Cause: 100 consecutive undecoded CSIs
2026-04-24T09:14:48.770843 [PHY     ] [I] [    86.8] PUCCH: rnti=0x4602 format=1 prb1=4 prb2=na symb=[0, 14) cs=0 occ=0 sr=no metric=0.2 sinr=-19.2dB t=120.8us
2026-04-24T09:14:48.770998 [PHY     ] [I] [    86.9] PUCCH: rnti=0x4602 format=2 prb=[7, 8) prb2=na symb=[4, 6) csi1=2222 sinr=-7.9dB t=116.2us
2026-04-24T09:14:48.790928 [PHY     ] [I] [    88.8] PUCCH: rnti=0x4602 format=1 prb1=4 prb2=na symb=[0, 14) cs=0 occ=0 sr=no metric=0.4 sinr=-19.2dB t=153.4us
2026-04-24T09:14:48.791059 [PHY     ] [I] [    88.9] PUCCH: rnti=0x4602 format=2 prb=[7, 8) prb2=na symb=[4, 6) csi1=2222 sinr=-10.2dB t=144.3us
2026-04-24T09:14:48.810820 [PHY     ] [I] [    90.8] PUCCH: rnti=0x4602 format=1 prb1=4 prb2=na symb=[0, 14) cs=0 occ=0 sr=no metric=0.1 sinr=-18.6dB t=111.1us
2026-04-24T09:14:48.810958 [PHY     ] [I] [    90.9] PUCCH: rnti=0x4602 format=2 prb=[7, 8) prb2=na symb=[4, 6) csi1=2222 sinr=-10.0dB t=100.0us
2026-04-24T09:14:48.830768 [PHY     ] [I] [    92.8] PUCCH: rnti=0x4602 format=1 prb1=4 prb2=na symb=[0, 14) cs=0 occ=0 sr=no metric=0.2 sinr=-14.8dB t=100.9us
2026-04-24T09:14:48.830983 [PHY     ] [I] [    92.9] PUCCH: rnti=0x4602 format=2 prb=[7, 8) prb2=na symb=[4, 6) csi1=2222 sinr=-10.5dB t=112.8us
2026-04-24T09:14:48.850634 [PHY     ] [I] [    94.8] PUCCH: rnti=0x4602 format=1 prb1=4 prb2=na symb=[0, 14) cs=0 occ=0 sr=no metric=0.1 sinr=-33.6dB t=74.6us
2026-04-24T09:14:48.850892 [PHY     ] [I] [    94.9] PUCCH: rnti=0x4602 format=2 prb=[7, 8) prb2=na symb=[4, 6) csi1=2222 sinr=1.8dB t=109.9us
2026-04-24T09:14:48.864015 [SCHED   ] [I] [    96.3] Slot decisions pci=1 t=41us (1 PDSCH, 0 PUSCHs, 0 PUCCHs): DL: ue=0 c-rnti=0x4602 h_id=1 ss_id=2 rb=[0..2) k1=4 newtx=true rv=0 tbs=116 ri=1 dl_bo=0
2026-04-24T09:14:48.864054 [MAC     ] [I] [    96.3] DL PDU: ue=0 rnti=0x4602 size=116: TA_CMD: tag_id=0, ta_cmd=32
2026-04-24T09:14:48.864084 [PHY     ] [I] [    96.3] PDCCH: rnti=0x4602 ss_id=2 format=1_1 cce=0 al=2 t=21.3us
2026-04-24T09:14:48.864107 [PHY     ] [I] [    96.3] PDSCH: rnti=0x4602 h_id=1 k1=4 prb=[0, 2) symb=[2, 14) mod=64QAM rv=0 tbs=116 t=26.2us
2026-04-24T09:14:48.870038 [PHY     ] [I] [    96.7] PUCCH: rnti=0x4602 format=1 prb1=2 prb2=na symb=[0, 14) cs=0 occ=0 ack=2 metric=0.2 sinr=-16.3dB t=39.9us
2026-04-24T09:14:48.870583 [PHY     ] [I] [    96.8] PUCCH: rnti=0x4602 format=1 prb1=4 prb2=na symb=[0, 14) cs=0 occ=0 sr=no metric=0.1 sinr=-25.3dB t=43.6us
2026-04-24T09:14:48.870746 [PHY     ] [I] [    96.9] PUCCH: rnti=0x4602 format=2 prb=[7, 8) prb2=na symb=[4, 6) csi1=2222 sinr=-7.4dB t=43.6us
2026-04-24T09:14:48.872451 [SCHED   ] [I] [    97.0] Slot decisions pci=1 t=11us (1 PDSCH, 0 PUSCHs, 0 PUCCHs): DL: ue=0 c-rnti=0x4602 h_id=1 ss_id=2 rb=[20..22) k1=7 newtx=false rv=2 tbs=116
2026-04-24T09:14:48.872503 [PHY     ] [I] [    97.0] PDCCH: rnti=0x4602 ss_id=2 format=1_1 cce=14 al=2 t=16.1us
2026-04-24T09:14:48.872546 [PHY     ] [I] [    97.0] PDSCH: rnti=0x4602 h_id=1 k1=7 prb=[20, 22) symb=[2, 14) mod=64QAM rv=2 tbs=116 t=38.3us
2026-04-24T09:14:48.879997 [PHY     ] [I] [    97.7] PUCCH: rnti=0x4602 format=1 prb1=2 prb2=na symb=[0, 14) cs=0 occ=0 ack=2 metric=0.1 sinr=-18.8dB t=20.5us
2026-04-24T09:14:48.882450 [SCHED   ] [I] [    98.0] Slot decisions pci=1 t=13us (1 PDSCH, 0 PUSCHs, 0 PUCCHs): DL: ue=0 c-rnti=0x4602 h_id=1 ss_id=2 rb=[20..22) k1=7 newtx=false rv=3 tbs=116
2026-04-24T09:14:48.882504 [PHY     ] [I] [    98.0] PDCCH: rnti=0x4602 ss_id=2 format=1_1 cce=14 al=2 t=21.8us
2026-04-24T09:14:48.882535 [PHY     ] [I] [    98.0] PDSCH: rnti=0x4602 h_id=1 k1=7 prb=[20, 22) symb=[2, 14) mod=64QAM rv=3 tbs=116 t=36.4us
2026-04-24T09:14:48.890021 [PHY     ] [I] [    98.7] PUCCH: rnti=0x4602 format=1 prb1=2 prb2=na symb=[0, 14) cs=0 occ=0 ack=2 metric=0.2 sinr=-18.4dB t=30.2us
2026-04-24T09:14:48.890568 [PHY     ] [I] [    98.8] PUCCH: rnti=0x4602 format=1 prb1=4 prb2=na symb=[0, 14) cs=0 occ=0 sr=no metric=0.2 sinr=-18.4dB t=28.9us
2026-04-24T09:14:48.890724 [PHY     ] [I] [    98.9] PUCCH: rnti=0x4602 format=2 prb=[7, 8) prb2=na symb=[4, 6) csi1=2222 sinr=-9.6dB t=32.2us
2026-04-24T09:14:48.892454 [SCHED   ] [I] [    99.0] Slot decisions pci=1 t=8us (1 PDSCH, 0 PUSCHs, 0 PUCCHs): DL: ue=0 c-rnti=0x4602 h_id=1 ss_id=2 rb=[20..22) k1=7 newtx=false rv=1 tbs=116
2026-04-24T09:14:48.892483 [PHY     ] [I] [    99.0] PDCCH: rnti=0x4602 ss_id=2 format=1_1 cce=14 al=2 t=12.9us
2026-04-24T09:14:48.892509 [PHY     ] [I] [    99.0] PDSCH: rnti=0x4602 h_id=1 k1=7 prb=[20, 22) symb=[2, 14) mod=64QAM rv=1 tbs=116 t=32.0us
2026-04-24T09:14:48.900019 [PHY     ] [I] [    99.7] PUCCH: rnti=0x4602 format=1 prb1=2 prb2=na symb=[0, 14) cs=0 occ=0 ack=2 metric=0.4 sinr=-13.0dB t=30.8us
2026-04-24T09:14:48.902465 [SCHED   ] [I] [   100.0] Slot decisions pci=1 t=13us (1 PDSCH, 0 PUSCHs, 0 PUCCHs): DL: ue=0 c-rnti=0x4602 h_id=1 ss_id=2 rb=[20..22) k1=7 newtx=false rv=0 tbs=116
2026-04-24T09:14:48.902507 [PHY     ] [I] [   100.0] PDCCH: rnti=0x4602 ss_id=2 format=1_1 cce=14 al=2 t=16.1us
2026-04-24T09:14:48.902517 [PHY     ] [I] [   100.0] PDSCH: rnti=0x4602 h_id=1 k1=7 prb=[20, 22) symb=[2, 14) mod=64QAM rv=0 tbs=116 t=25.1us
2026-04-24T09:14:48.910014 [PHY     ] [I] [   100.7] PUCCH: rnti=0x4602 format=1 prb1=2 prb2=na symb=[0, 14) cs=0 occ=0 ack=2 metric=0.1 sinr=-26.5dB t=17.3us
2026-04-24T09:14:48.910413 [SCHED   ] [I] [  100.16] rnti=0x4602 h_id=1: Discarding DL HARQ process TB with tbs=116. Cause: Maximum number of reTxs 4 exceeded
2026-04-24T09:14:48.910415 [DU-MNG  ] [I] ue=0: RLF timer expired with cause="MAC max KOs reached". Requesting a UE release...
2026-04-24T09:14:48.910421 [DU-F1   ] [I] Tx PDU du=0 ue=0 du_ue=1: UEContextReleaseRequest
2026-04-24T09:14:48.910426 [CU-CP-F1] [I] Rx PDU du=0 du_ue=1: UEContextReleaseRequest
2026-04-24T09:14:48.910443 [NGAP    ] [I] Tx PDU: UEContextReleaseRequest
2026-04-24T09:14:48.910458 [PHY     ] [I] [   100.8] PUCCH: rnti=0x4602 format=1 prb1=4 prb2=na symb=[0, 14) cs=0 occ=0 sr=no metric=0.1 sinr=-20.6dB t=12.3us
2026-04-24T09:14:48.910737 [PHY     ] [I] [   100.9] PUCCH: rnti=0x4602 format=2 prb=[7, 8) prb2=na symb=[4, 6) csi1=2222 sinr=-15.0dB t=13.9us
2026-04-24T09:14:48.913441 [NGAP    ] [I] Rx PDU ue=1 ran_ue=1 amf_ue=2: UEContextReleaseCommand
2026-04-24T09:14:48.913463 [PDCP    ] [I] ue=1 SRB1 DL: TX PDU. type=data pdu_len=8 sn=3 count=3 is_retx=false
2026-04-24T09:14:48.913466 [RRC     ] [I] ue=1 c-rnti=0x4602: DCCH DL rrcRelease
2026-04-24T09:14:48.913475 [CU-CP-E1] [I] Tx PDU ue=1 cu_cp_ue=0 cu_up_ue=0: BearerContextReleaseCommand
2026-04-24T09:14:48.913479 [CU-UP-E1] [I] Rx PDU ue=0 cu_cp_ue=0 cu_up_ue=0: BearerContextReleaseCommand
2026-04-24T09:14:48.913490 [GTPU    ] [I] Tunnel removed. teid=0x000001
2026-04-24T09:14:48.914088 [CU-UP   ] [I] ue=0: Disconnecting PDU session with psi=5
2026-04-24T09:14:48.915446 [CU-UP-E1] [I] Tx PDU cu_cp_ue=0 cu_up_ue=0: BearerContextReleaseComplete
2026-04-24T09:14:48.915452 [CU-CP-E1] [I] Rx PDU ue=1 cu_cp_ue=0 cu_up_ue=0: BearerContextReleaseComplete
2026-04-24T09:14:48.915464 [CU-CP-F1] [I] Tx PDU du=0 ue=1 cu_ue=1 du_ue=1: UEContextReleaseCommand
2026-04-24T09:14:48.915469 [DU-F1   ] [I] Rx PDU du=0 ue=0 cu_ue=1 du_ue=1: UEContextReleaseCommand
2026-04-24T09:14:48.915481 [DU-MNG  ] [I] ue=0: DRB traffic stopped
2026-04-24T09:14:48.915488 [RLC     ] [I] du=0 ue=0 SRB1 DL: TX SDU. sdu_len=8 pdcp_sn=3 is_retx=false queued_sdus=1 queued_bytes=8
2026-04-24T09:14:48.917435 [SCHED   ] [I] [  101.10] Slot decisions pci=1 t=21us (1 PDSCH, 0 PUSCHs, 0 PUCCHs): DL: ue=0 c-rnti=0x4602 h_id=1 ss_id=2 rb=[0..2) k1=7 newtx=true rv=0 tbs=123 ri=1 dl_bo=0
2026-04-24T09:14:48.917458 [RLC     ] [I] du=0 ue=0 SRB1 DL: TX PDU. dc=data p=1 si=full sn=3 pdu_len=10 grant_len=10
2026-04-24T09:14:48.917460 [MAC     ] [I] [  101.10] DL PDU: ue=0 rnti=0x4602 size=123: SDU: lcid=1 nof_sdus=1 total_size=12
2026-04-24T09:14:48.917470 [PHY     ] [I] [  101.10] PDCCH: rnti=0x4602 ss_id=2 format=1_1 cce=10 al=2 t=14.7us
2026-04-24T09:14:48.917488 [PHY     ] [I] [  101.10] PDSCH: rnti=0x4602 h_id=1 k1=7 prb=[0, 2) symb=[2, 14) mod=64QAM rv=0 tbs=123 t=20.8us
2026-04-24T09:14:48.924974 [PHY     ] [I] [  101.17] PUCCH: rnti=0x4602 format=1 prb1=2 prb2=na symb=[0, 14) cs=0 occ=0 ack=2 metric=0.7 sinr=-19.0dB t=22.6us
2026-04-24T09:14:48.927421 [SCHED   ] [I] [  102.10] Slot decisions pci=1 t=9us (1 PDSCH, 0 PUSCHs, 0 PUCCHs): DL: ue=0 c-rnti=0x4602 h_id=1 ss_id=2 rb=[0..2) k1=7 newtx=false rv=2 tbs=123
2026-04-24T09:14:48.927451 [PHY     ] [I] [  102.10] PDCCH: rnti=0x4602 ss_id=2 format=1_1 cce=10 al=2 t=11.5us
2026-04-24T09:14:48.927474 [PHY     ] [I] [  102.10] PDSCH: rnti=0x4602 h_id=1 k1=7 prb=[0, 2) symb=[2, 14) mod=64QAM rv=2 tbs=123 t=20.9us
2026-04-24T09:14:48.930507 [PHY     ] [I] [   102.8] PUCCH: rnti=0x4602 format=1 prb1=4 prb2=na symb=[0, 14) cs=0 occ=0 sr=no metric=0.2 sinr=-22.7dB t=27.8us
2026-04-24T09:14:48.930740 [PHY     ] [I] [   102.9] PUCCH: rnti=0x4602 format=2 prb=[7, 8) prb2=na symb=[4, 6) csi1=2222 sinr=-0.4dB t=18.0us
2026-04-24T09:14:48.934980 [PHY     ] [I] [  102.17] PUCCH: rnti=0x4602 format=1 prb1=2 prb2=na symb=[0, 14) cs=0 occ=0 ack=2 metric=0.1 sinr=-28.7dB t=19.8us
2026-04-24T09:14:48.937461 [SCHED   ] [I] [  103.10] Slot decisions pci=1 t=10us (1 PDSCH, 0 PUSCHs, 0 PUCCHs): DL: ue=0 c-rnti=0x4602 h_id=1 ss_id=2 rb=[0..2) k1=7 newtx=false rv=3 tbs=123
2026-04-24T09:14:48.937487 [PHY     ] [I] [  103.10] PDCCH: rnti=0x4602 ss_id=2 format=1_1 cce=10 al=2 t=11.2us
2026-04-24T09:14:48.937507 [PHY     ] [I] [  103.10] PDSCH: rnti=0x4602 h_id=1 k1=7 prb=[0, 2) symb=[2, 14) mod=64QAM rv=3 tbs=123 t=18.0us
2026-04-24T09:14:48.945001 [PHY     ] [I] [  103.17] PUCCH: rnti=0x4602 format=1 prb1=2 prb2=na symb=[0, 14) cs=0 occ=0 ack=2 metric=0.2 sinr=-18.1dB t=14.4us
2026-04-24T09:14:48.947457 [SCHED   ] [I] [  104.10] Slot decisions pci=1 t=7us (1 PDSCH, 0 PUSCHs, 0 PUCCHs): DL: ue=0 c-rnti=0x4602 h_id=1 ss_id=2 rb=[0..2) k1=7 newtx=false rv=1 tbs=123
2026-04-24T09:14:48.947479 [PHY     ] [I] [  104.10] PDCCH: rnti=0x4602 ss_id=2 format=1_1 cce=10 al=2 t=10.5us
2026-04-24T09:14:48.947488 [PHY     ] [I] [  104.10] PDSCH: rnti=0x4602 h_id=1 k1=7 prb=[0, 2) symb=[2, 14) mod=64QAM rv=1 tbs=123 t=18.6us
2026-04-24T09:14:48.950478 [PHY     ] [I] [   104.8] PUCCH: rnti=0x4602 format=1 prb1=4 prb2=na symb=[0, 14) cs=0 occ=0 sr=no metric=0.0 sinr=-26.7dB t=12.8us
2026-04-24T09:14:48.950741 [PHY     ] [I] [   104.9] PUCCH: rnti=0x4602 format=2 prb=[7, 8) prb2=na symb=[4, 6) csi1=2222 sinr=-7.7dB t=17.3us
2026-04-24T09:14:48.955007 [PHY     ] [I] [  104.17] PUCCH: rnti=0x4602 format=1 prb1=2 prb2=na symb=[0, 14) cs=0 occ=0 ack=2 metric=0.2 sinr=-22.9dB t=13.4us
2026-04-24T09:14:48.957465 [SCHED   ] [I] [  105.10] Slot decisions pci=1 t=6us (1 PDSCH, 0 PUSCHs, 0 PUCCHs): DL: ue=0 c-rnti=0x4602 h_id=1 ss_id=2 rb=[0..2) k1=7 newtx=false rv=0 tbs=123
2026-04-24T09:14:48.957487 [PHY     ] [I] [  105.10] PDCCH: rnti=0x4602 ss_id=2 format=1_1 cce=10 al=2 t=10.7us
2026-04-24T09:14:48.957502 [PHY     ] [I] [  105.10] PDSCH: rnti=0x4602 h_id=1 k1=7 prb=[0, 2) symb=[2, 14) mod=64QAM rv=0 tbs=123 t=13.4us
2026-04-24T09:14:48.962519 [RLC     ] [I] du=0 ue=0 SRB1 DL: Poll retransmit timer expired after 45ms.
2026-04-24T09:14:48.962950 [SCHED   ] [I] [   106.1] Slot decisions pci=1 t=13us (1 PDSCH, 0 PUSCHs, 0 PUCCHs): DL: ue=0 c-rnti=0x4602 h_id=0 ss_id=2 rb=[0..2) k1=6 newtx=true rv=0 tbs=123 ri=1 dl_bo=0
2026-04-24T09:14:48.962962 [RLC     ] [I] du=0 ue=0 SRB1 DL: RETX PDU. dc=data p=1 si=full sn=3 pdu_len=10 grant_len=10 retx_count=0
2026-04-24T09:14:48.962964 [MAC     ] [I] [   106.1] DL PDU: ue=0 rnti=0x4602 size=123: SDU: lcid=1 nof_sdus=1 total_size=12
2026-04-24T09:14:48.962979 [PHY     ] [I] [   106.1] PDCCH: rnti=0x4602 ss_id=2 format=1_1 cce=0 al=2 t=10.1us
2026-04-24T09:14:48.962995 [PHY     ] [I] [   106.1] PDSCH: rnti=0x4602 h_id=0 k1=6 prb=[0, 2) symb=[2, 14) mod=64QAM rv=0 tbs=123 t=14.1us
2026-04-24T09:14:48.965012 [PHY     ] [I] [  105.17] PUCCH: rnti=0x4602 format=1 prb1=2 prb2=na symb=[0, 14) cs=0 occ=0 ack=2 metric=0.4 sinr=-20.2dB t=12.9us
2026-04-24T09:14:48.965522 [SCHED   ] [I] [   106.6] rnti=0x4602 h_id=1: Discarding DL HARQ process TB with tbs=123. Cause: Maximum number of reTxs 4 exceeded
2026-04-24T09:14:48.969951 [PHY     ] [I] [   106.7] PUCCH: rnti=0x4602 format=1 prb1=2 prb2=na symb=[0, 14) cs=0 occ=0 ack=2 metric=0.1 sinr=-24.8dB t=14.7us
2026-04-24T09:14:48.970489 [PHY     ] [I] [   106.8] PUCCH: rnti=0x4602 format=1 prb1=4 prb2=na symb=[0, 14) cs=0 occ=0 sr=no metric=0.4 sinr=-17.6dB t=14.3us
2026-04-24T09:14:48.970747 [PHY     ] [I] [   106.9] PUCCH: rnti=0x4602 format=2 prb=[7, 8) prb2=na symb=[4, 6) csi1=2222 sinr=-3.4dB t=11.0us
2026-04-24T09:14:48.972495 [SCHED   ] [I] [   107.0] Slot decisions pci=1 t=6us (1 PDSCH, 0 PUSCHs, 0 PUCCHs): DL: ue=0 c-rnti=0x4602 h_id=0 ss_id=2 rb=[20..22) k1=7 newtx=false rv=2 tbs=123
2026-04-24T09:14:48.972524 [PHY     ] [I] [   107.0] PDCCH: rnti=0x4602 ss_id=2 format=1_1 cce=14 al=2 t=8.8us
2026-04-24T09:14:48.972540 [PHY     ] [I] [   107.0] PDSCH: rnti=0x4602 h_id=0 k1=7 prb=[20, 22) symb=[2, 14) mod=64QAM rv=2 tbs=123 t=14.9us
2026-04-24T09:14:48.979955 [PHY     ] [I] [   107.7] PUCCH: rnti=0x4602 format=1 prb1=2 prb2=na symb=[0, 14) cs=0 occ=0 ack=2 metric=0.2 sinr=-20.7dB t=12.9us
2026-04-24T09:14:48.982496 [SCHED   ] [I] [   108.0] Slot decisions pci=1 t=4us (1 PDSCH, 0 PUSCHs, 0 PUCCHs): DL: ue=0 c-rnti=0x4602 h_id=0 ss_id=2 rb=[20..22) k1=7 newtx=false rv=3 tbs=123
2026-04-24T09:14:48.982521 [PHY     ] [I] [   108.0] PDCCH: rnti=0x4602 ss_id=2 format=1_1 cce=14 al=2 t=8.2us
2026-04-24T09:14:48.982535 [PHY     ] [I] [   108.0] PDSCH: rnti=0x4602 h_id=0 k1=7 prb=[20, 22) symb=[2, 14) mod=64QAM rv=3 tbs=123 t=12.0us
2026-04-24T09:14:48.989993 [PHY     ] [I] [   108.7] PUCCH: rnti=0x4602 format=1 prb1=2 prb2=na symb=[0, 14) cs=0 occ=0 ack=2 metric=0.2 sinr=-18.0dB t=13.8us
2026-04-24T09:14:48.990495 [PHY     ] [I] [   108.8] PUCCH: rnti=0x4602 format=1 prb1=4 prb2=na symb=[0, 14) cs=0 occ=0 sr=no metric=0.9 sinr=-15.2dB t=12.0us
2026-04-24T09:14:48.990666 [PHY     ] [I] [   108.9] PUCCH: rnti=0x4602 format=2 prb=[7, 8) prb2=na symb=[4, 6) csi1=2222 sinr=-3.5dB t=8.9us
2026-04-24T09:14:48.992451 [SCHED   ] [I] [   109.0] Slot decisions pci=1 t=7us (1 PDSCH, 0 PUSCHs, 0 PUCCHs): DL: ue=0 c-rnti=0x4602 h_id=0 ss_id=2 rb=[20..22) k1=7 newtx=false rv=1 tbs=123
2026-04-24T09:14:48.992481 [PHY     ] [I] [   109.0] PDCCH: rnti=0x4602 ss_id=2 format=1_1 cce=14 al=2 t=9.1us
2026-04-24T09:14:48.992500 [PHY     ] [I] [   109.0] PDSCH: rnti=0x4602 h_id=0 k1=7 prb=[20, 22) symb=[2, 14) mod=64QAM rv=1 tbs=123 t=17.9us
2026-04-24T09:14:48.999975 [PHY     ] [I] [   109.7] PUCCH: rnti=0x4602 format=1 prb1=2 prb2=na symb=[0, 14) cs=0 occ=0 ack=2 metric=0.3 sinr=-25.6dB t=13.0us
2026-04-24T09:14:49.002425 [SCHED   ] [I] [   110.0] Slot decisions pci=1 t=5us (1 PDSCH, 0 PUSCHs, 0 PUCCHs): DL: ue=0 c-rnti=0x4602 h_id=0 ss_id=2 rb=[20..22) k1=7 newtx=false rv=0 tbs=123
2026-04-24T09:14:49.002455 [PHY     ] [I] [   110.0] PDCCH: rnti=0x4602 ss_id=2 format=1_1 cce=14 al=2 t=9.2us
2026-04-24T09:14:49.002465 [PHY     ] [I] [   110.0] PDSCH: rnti=0x4602 h_id=0 k1=7 prb=[20, 22) symb=[2, 14) mod=64QAM rv=0 tbs=123 t=15.7us
2026-04-24T09:14:49.007506 [RLC     ] [I] du=0 ue=0 SRB1 DL: Poll retransmit timer expired after 45ms.
2026-04-24T09:14:49.008037 [SCHED   ] [I] [  110.11] Slot decisions pci=1 t=12us (1 PDSCH, 0 PUSCHs, 0 PUCCHs): DL: ue=0 c-rnti=0x4602 h_id=1 ss_id=2 rb=[0..2) k1=6 newtx=true rv=0 tbs=123 ri=1 dl_bo=0
2026-04-24T09:14:49.008049 [RLC     ] [I] du=0 ue=0 SRB1 DL: RETX PDU. dc=data p=1 si=full sn=3 pdu_len=10 grant_len=10 retx_count=1
2026-04-24T09:14:49.008052 [MAC     ] [I] [  110.11] DL PDU: ue=0 rnti=0x4602 size=123: SDU: lcid=1 nof_sdus=1 total_size=12
2026-04-24T09:14:49.008069 [PHY     ] [I] [  110.11] PDCCH: rnti=0x4602 ss_id=2 format=1_1 cce=2 al=2 t=12.5us
2026-04-24T09:14:49.008088 [PHY     ] [I] [  110.11] PDSCH: rnti=0x4602 h_id=1 k1=6 prb=[0, 2) symb=[2, 14) mod=64QAM rv=0 tbs=123 t=17.3us
2026-04-24T09:14:49.009992 [PHY     ] [I] [   110.7] PUCCH: rnti=0x4602 format=1 prb1=2 prb2=na symb=[0, 14) cs=0 occ=0 ack=2 metric=0.0 sinr=-25.7dB t=14.0us
2026-04-24T09:14:49.010498 [SCHED   ] [I] [  110.16] rnti=0x4602 h_id=0: Discarding DL HARQ process TB with tbs=123. Cause: Maximum number of reTxs 4 exceeded
2026-04-24T09:14:49.010518 [PHY     ] [I] [   110.8] PUCCH: rnti=0x4602 format=1 prb1=4 prb2=na symb=[0, 14) cs=0 occ=0 sr=no metric=1.3 sinr=-8.9dB t=13.3us
2026-04-24T09:14:49.010691 [PHY     ] [I] [   110.9] PUCCH: rnti=0x4602 format=2 prb=[7, 8) prb2=na symb=[4, 6) csi1=2222 sinr=3.4dB t=15.9us
2026-04-24T09:14:49.015039 [PHY     ] [I] [  110.17] PUCCH: rnti=0x4602 format=1 prb1=2 prb2=na symb=[0, 14) cs=0 occ=0 ack=2 metric=0.2 sinr=-29.7dB t=12.8us
2026-04-24T09:14:49.017508 [SCHED   ] [I] [  111.10] Slot decisions pci=1 t=5us (1 PDSCH, 0 PUSCHs, 0 PUCCHs): DL: ue=0 c-rnti=0x4602 h_id=1 ss_id=2 rb=[0..2) k1=7 newtx=false rv=2 tbs=123
2026-04-24T09:14:49.017528 [PHY     ] [I] [  111.10] PDCCH: rnti=0x4602 ss_id=2 format=1_1 cce=10 al=2 t=9.9us
2026-04-24T09:14:49.017543 [PHY     ] [I] [  111.10] PDSCH: rnti=0x4602 h_id=1 k1=7 prb=[0, 2) symb=[2, 14) mod=64QAM rv=2 tbs=123 t=14.0us
2026-04-24T09:14:49.025011 [PHY     ] [I] [  111.17] PUCCH: rnti=0x4602 format=1 prb1=2 prb2=na symb=[0, 14) cs=0 occ=0 ack=2 metric=0.2 sinr=-18.5dB t=13.7us
2026-04-24T09:14:49.027479 [SCHED   ] [I] [  112.10] Slot decisions pci=1 t=6us (1 PDSCH, 0 PUSCHs, 0 PUCCHs): DL: ue=0 c-rnti=0x4602 h_id=1 ss_id=2 rb=[0..2) k1=7 newtx=false rv=3 tbs=123
2026-04-24T09:14:49.027498 [PHY     ] [I] [  112.10] PDCCH: rnti=0x4602 ss_id=2 format=1_1 cce=10 al=2 t=9.5us
2026-04-24T09:14:49.027501 [PHY     ] [I] [  112.10] PDSCH: rnti=0x4602 h_id=1 k1=7 prb=[0, 2) symb=[2, 14) mod=64QAM rv=3 tbs=123 t=12.1us
2026-04-24T09:14:49.027931 [SCHED   ] [I] [  112.11] Slot decisions pci=1 t=10us (1 PDSCH, 0 PUSCHs, 0 PUCCHs): DL: ue=0 c-rnti=0x4602 h_id=0 ss_id=2 rb=[0..2) k1=6 newtx=true rv=0 tbs=123 ri=1 dl_bo=0
2026-04-24T09:14:49.027938 [MAC     ] [I] [  112.11] DL PDU: ue=0 rnti=0x4602 size=123: TA_CMD: tag_id=0, ta_cmd=30
2026-04-24T09:14:49.027950 [PHY     ] [I] [  112.11] PDCCH: rnti=0x4602 ss_id=2 format=1_1 cce=2 al=2 t=8.6us
2026-04-24T09:14:49.027959 [PHY     ] [I] [  112.11] PDSCH: rnti=0x4602 h_id=0 k1=6 prb=[0, 2) symb=[2, 14) mod=64QAM rv=0 tbs=123 t=15.1us
2026-04-24T09:14:49.030501 [PHY     ] [I] [   112.8] PUCCH: rnti=0x4602 format=1 prb1=4 prb2=na symb=[0, 14) cs=0 occ=0 sr=no metric=0.4 sinr=-22.9dB t=14.4us
2026-04-24T09:14:49.030692 [PHY     ] [I] [   112.9] PUCCH: rnti=0x4602 format=2 prb=[7, 8) prb2=na symb=[4, 6) csi1=2222 sinr=-11.6dB t=16.8us
2026-04-24T09:14:49.035033 [PHY     ] [I] [  112.17] PUCCH: rnti=0x4602 format=1 prb1=2 prb2=na symb=[0, 14) cs=0 occ=0 ack=22 metric=0.2 sinr=-22.9dB t=12.1us
2026-04-24T09:14:49.035445 [DU-F1   ] [I] ue=0 du_ue=1 cu_ue=1 proc="UE Context Release": RRC container not ACKed within a time window of 120msec. Proceeding with the UE context release...
2026-04-24T09:14:49.035450 [DU-MNG  ] [I] ue=0 proc="UE Delete": Procedure started....
2026-04-24T09:14:49.035458 [DU-MNG  ] [I] ue=0: SRB and DRB traffic stopped
2026-04-24T09:14:49.035462 [DU-F1   ] [I] ue=0 c-rnti=0x4602 du_ue=1 cu_ue=1: F1 UE context removed.
2026-04-24T09:14:49.050542 [PHY     ] [I] [   114.8] PUCCH: rnti=0x4602 format=1 prb1=4 prb2=na symb=[0, 14) cs=0 occ=0 sr=no metric=0.1 sinr=-27.4dB t=13.4us
2026-04-24T09:14:49.050693 [PHY     ] [I] [   114.9] PUCCH: rnti=0x4602 format=2 prb=[7, 8) prb2=na symb=[4, 6) csi1=2222 sinr=-1.2dB t=9.0us
2026-04-24T09:14:49.051960 [MAC     ] [I] [  114.19] ue=0 crnti=0x4602 proc="MAC UE Removal": finished successfully
2026-04-24T09:14:49.051962 [DU-MNG  ] [I] ue=0 proc="UE Delete": Procedure finished successfully.
2026-04-24T09:14:49.051969 [DU-F1   ] [I] Tx PDU du=0 cu_ue=1 du_ue=1: UEContextReleaseComplete
2026-04-24T09:14:49.052000 [CU-CP-F1] [I] Rx PDU du=0 ue=1 cu_ue=1 du_ue=1: UEContextReleaseComplete
2026-04-24T09:14:49.052094 [CU-CP   ] [I] ue=1: "UE Removal Routine" finished successfully
2026-04-24T09:14:49.052107 [NGAP    ] [I] Tx PDU ran_ue=1 amf_ue=2: UEContextReleaseComplete
2026-04-24T09:23:09.044082 [PHY     ] [I] [  960.19] PRACH: rsi=1 rssi=-53.7dB detected_preambles=[{idx=21 ta=7.55us detection_metric=9.9 power_dB=-55.48}] t=148.8us
2026-04-24T09:23:09.044466 [SCHED   ] [I] [   961.8] Processed slot events pci=1: prach(ra-rnti=0x10b preamble=21 tc-rnti=0x4603)
2026-04-24T09:23:09.045520 [SCHED   ] [I] [  961.10] Slot decisions pci=1 t=1us (1 PDSCH, 0 PUSCHs, 0 PUCCHs): RAR: ra-rnti=0x10b rb=[0..3) tbs=9
2026-04-24T09:23:09.045548 [PHY     ] [I] [  961.10] PDSCH: rnti=0x010b prb=[0, 3) symb=[2, 14) mod=QPSK rv=0 tbs=9 t=16.1us
2026-04-24T09:23:09.045550 [PHY     ] [I] [  961.10] PDCCH: rnti=0x010b ss_id=1 format=1_0 cce=0 al=4 t=17.4us
2026-04-24T09:23:09.048965 [SCHED   ] [I] [  961.17] Slot decisions pci=1 t=1us (0 PDSCHs, 1 PUSCH, 0 PUCCHs): UL: ue=1024 rnti=0x4603 h_id=0 ss_id=1 rb=[8..11) newtx=true rv=0 tbs=11 msg3_delay=7
2026-04-24T09:23:09.053038 [PHY     ] [I] [  961.17] PUSCH: rnti=0x4603 h_id=0 prb=[8, 11) symb=[0, 14) mod=QPSK rv=0 tbs=11 crc=OK iter=1.0 sinr=21.8dB t=74.3us uci_t=0.0us ret_t=5.7us
2026-04-24T09:23:09.053051 [MAC     ] [I] [   962.5] UL rnti=0x4603 subPDUs: [CCCH48: len=6, SE_PHR: ph=[-15..-14)dB p_cmax=[20..21)dBm, PAD: len=0]
2026-04-24T09:23:09.053058 [DU-MNG  ] [I] ue=0 rnti=0x4603 proc="UE Create": Procedure started....
2026-04-24T09:23:09.053171 [DU-F1   ] [I] ue=0 c-rnti=0x4603 du_ue=2: F1 UE context created successfully.
2026-04-24T09:23:09.053187 [RLC     ] [I] du=0 ue=0 SRB0 DL: RLC TM created. queue_size=8
2026-04-24T09:23:09.053188 [RLC     ] [I] du=0 ue=0 SRB0 UL: RLC TM created. 
2026-04-24T09:23:09.053254 [RLC     ] [I] du=0 ue=0 SRB1 DL: RLC AM configured. tx_sn_size=12 pdcp_sn_len=12 t_poll_retx=45 max_retx=8 poll_pdu=-1 poll_byte=-1 queue_size=32 queue_size_bytes=64000 max_window=0
2026-04-24T09:23:09.053317 [RLC     ] [I] du=0 ue=0 SRB1 UL: RLC AM configured. rx_sn_size=12 t_reassembly=35 t_status_prohibit=0 max_sn_per_status={na}
2026-04-24T09:23:09.054028 [MAC     ] [I] [   962.7] ue=0 crnti=0x4603 proc="MAC UE Creation": finished successfully
2026-04-24T09:23:09.054031 [DU-MNG  ] [I] ue=0 rnti=0x4603 proc="UE Create": Procedure finished successfully.
2026-04-24T09:23:09.054034 [RLC     ] [I] du=0 ue=0 SRB0 UL: RX SDU. sdu_len=6
2026-04-24T09:23:09.054044 [DU-F1   ] [I] Tx PDU du=0 tid=3 ue=0 du_ue=2: InitialULRRCMessageTransfer
2026-04-24T09:23:09.054052 [CU-CP-F1] [I] Rx PDU du=0 tid=3 du_ue=2: InitialULRRCMessageTransfer
2026-04-24T09:23:09.054063 [CU-UEMNG] [I] ue=2 du_index=0 gnb_du_id=0 pci=1 rnti=0x4603 pcell_index=0: Created new CU-CP UE
2026-04-24T09:23:09.054112 [CU-CP   ] [I] ue=2 c-rnti=0x4603: UE created
2026-04-24T09:23:09.054117 [CU-CP-F1] [I] ue=2 du_ue=2 cu_ue=2: Added UE context
2026-04-24T09:23:09.054122 [RRC     ] [I] ue=2 c-rnti=0x4603: CCCH UL rrcSetupRequest
2026-04-24T09:23:09.054144 [PDCP    ] [I] ue=2 SRB1 DL: PDCP configured. rb_type=SRB rlc_mode=AM sn_size=12 discard_timer=infinity count_notify=3221225472 count_max=4294967294 warn_on_drop=false test_mode=false
2026-04-24T09:23:09.054163 [PDCP    ] [I] ue=2 SRB1 UL: PDCP configured. rb_type=SRB rlc_mode=AM sn_size=12 t_reordering=infinity count_notify=3221225472 count_max=4294967294
2026-04-24T09:23:09.054174 [RRC     ] [I] ue=2 c-rnti=0x4603: CCCH DL rrcSetup
2026-04-24T09:23:09.054178 [CU-CP-F1] [I] Tx PDU du=0 ue=2 cu_ue=2 du_ue=2: DLRRCMessageTransfer
2026-04-24T09:23:09.054183 [DU-F1   ] [I] Rx PDU du=0 ue=0 cu_ue=2 du_ue=2: DLRRCMessageTransfer
2026-04-24T09:23:09.054186 [RLC     ] [I] du=0 ue=0 SRB0 DL: TX SDU. sdu_len=301 queued_sdus=1 queued_bytes=301
2026-04-24T09:23:09.055427 [SCHED   ] [I] [  962.10] Slot decisions pci=1 t=11us (1 PDSCH, 0 PUSCHs, 0 PUCCHs): DL: ue=0 c-rnti=0x4603 h_id=0 ss_id=1 rb=[0..23) k1=7 newtx=true rv=0 tbs=317 ri=1 dl_bo=0
2026-04-24T09:23:09.055442 [RLC     ] [I] du=0 ue=0 SRB0 DL: TX PDU. pdu_len=301 grant_len=301
2026-04-24T09:23:09.055444 [MAC     ] [I] [  962.10] DL PDU: ue=0 rnti=0x4603 size=317: CON_RES: id=1514824c56, SDU: lcid=0 nof_sdus=1 total_size=304
2026-04-24T09:23:09.055468 [PHY     ] [I] [  962.10] PDCCH: rnti=0x4603 ss_id=1 format=1_0 cce=0 al=4 t=20.0us
2026-04-24T09:23:09.055488 [PHY     ] [I] [  962.10] PDSCH: rnti=0x4603 h_id=0 k1=7 prb=[0, 23) symb=[2, 14) mod=QPSK rv=0 tbs=317 t=26.5us
2026-04-24T09:23:09.058341 [PHY     ] [I] [   962.8] PUCCH: rnti=0x4603 format=2 prb=[7, 8) prb2=na symb=[6, 8) csi1=2222 sinr=-6.1dB t=23.2us
2026-04-24T09:23:09.059037 [PHY     ] [I] [   962.9] PUCCH: rnti=0x4603 format=1 prb1=4 prb2=na symb=[0, 14) cs=0 occ=0 sr=no metric=0.5 sinr=-21.9dB t=29.7us
2026-04-24T09:23:09.063015 [PHY     ] [I] [  962.17] PUCCH: rnti=0x4603 format=1 prb1=0 prb2=50 symb=[0, 14) cs=0 occ=0 ack=1 metric=641.7 sinr=16.5dB t=13.6us
2026-04-24T09:23:09.078338 [PHY     ] [I] [   964.8] PUCCH: rnti=0x4603 format=2 prb=[7, 8) prb2=na symb=[6, 8) csi1=2222 sinr=-5.8dB t=21.4us
2026-04-24T09:23:09.079034 [PHY     ] [I] [   964.9] PUCCH: rnti=0x4603 format=1 prb1=4 prb2=na symb=[0, 14) cs=0 occ=0 sr=yes metric=1066.5 sinr=16.1dB t=27.1us
2026-04-24T09:23:09.082031 [PHY     ] [I] [   965.3] PDCCH: rnti=0x4603 ss_id=1 format=0_0 cce=0 al=4 t=16.4us
2026-04-24T09:23:09.083964 [SCHED   ] [I] [   965.7] Slot decisions pci=1 t=1us (0 PDSCHs, 1 PUSCH, 0 PUCCHs): UL: ue=0 rnti=0x4603 h_id=0 ss_id=1 rb=[8..32) newtx=true rv=0 tbs=528 k2=4
2026-04-24T09:23:09.088120 [PHY     ] [I] [   965.7] PUSCH: rnti=0x4603 h_id=0 prb=[8, 32) symb=[0, 14) mod=QPSK rv=0 tbs=528 crc=OK iter=2.0 sinr=11.1dB t=109.8us uci_t=0.0us ret_t=4.1us
2026-04-24T09:23:09.088131 [MAC     ] [I] [  965.15] UL rnti=0x4603 ue=0 subPDUs: [lcid=1: len=35, SBSR: lcg=0 bs=0, SE_PHR: ph=[-22..-21)dB p_cmax=[20..21)dBm, PAD: len=485]
2026-04-24T09:23:09.088135 [RLC     ] [I] du=0 ue=0 SRB1 UL: RX PDU. pdu_len=35 dc=data p=1 si=full sn=0
2026-04-24T09:23:09.088138 [RLC     ] [I] du=0 ue=0 SRB1 UL: RX SDU. sn=0 sdu_len=33
2026-04-24T09:23:09.088152 [DU-F1   ] [I] Tx PDU du=0 ue=0 cu_ue=2 du_ue=2: ULRRCMessageTransfer
2026-04-24T09:23:09.088160 [CU-CP-F1] [I] Rx PDU du=0 ue=2 cu_ue=2 du_ue=2: ULRRCMessageTransfer
2026-04-24T09:23:09.088164 [PDCP    ] [I] ue=2 SRB1 UL: RX PDU. type=data pdu_len=33 sn=0 count=0
2026-04-24T09:23:09.088167 [PDCP    ] [I] ue=2 SRB1 UL: RX SDU. count=0
2026-04-24T09:23:09.088174 [RRC     ] [I] ue=2 c-rnti=0x4603: DCCH UL rrcSetupComplete
2026-04-24T09:23:09.088198 [NGAP    ] [I] Tx PDU ue=2 ran_ue=2: InitialUEMessage
2026-04-24T09:23:09.088511 [SCHED   ] [I] [  965.16] Slot decisions pci=1 t=42us (1 PDSCH, 0 PUSCHs, 0 PUCCHs): DL: ue=0 c-rnti=0x4603 h_id=0 ss_id=2 rb=[0..2) k1=11 newtx=true rv=0 tbs=5 ri=1 dl_bo=5
2026-04-24T09:23:09.088523 [MAC     ] [I] [  965.16] DL PDU: ue=0 rnti=0x4603 size=5: 
2026-04-24T09:23:09.088546 [PHY     ] [I] [  965.16] PDCCH: rnti=0x4603 ss_id=2 format=1_1 cce=8 al=4 t=19.3us
2026-04-24T09:23:09.088550 [PHY     ] [I] [  965.16] PDSCH: rnti=0x4603 h_id=0 k1=11 prb=[0, 2) symb=[2, 8) mod=QPSK rv=0 tbs=5 t=14.7us
2026-04-24T09:23:09.090517 [SCHED   ] [I] [   966.0] Slot decisions pci=1 t=18us (1 PDSCH, 0 PUSCHs, 0 PUCCHs): DL: ue=0 c-rnti=0x4603 h_id=1 ss_id=2 rb=[20..22) k1=7 newtx=true rv=0 tbs=11 ri=1 dl_bo=0
2026-04-24T09:23:09.090531 [RLC     ] [I] du=0 ue=0 SRB1 DL: TX status PDU. pdu_len=3 grant_len=9
2026-04-24T09:23:09.090533 [MAC     ] [I] [   966.0] DL PDU: ue=0 rnti=0x4603 size=11: SDU: lcid=1 nof_sdus=1 total_size=5
2026-04-24T09:23:09.090564 [PHY     ] [I] [   966.0] PDCCH: rnti=0x4603 ss_id=2 format=1_1 cce=12 al=4 t=17.8us
2026-04-24T09:23:09.090567 [PHY     ] [I] [   966.0] PDSCH: rnti=0x4603 h_id=1 k1=7 prb=[20, 22) symb=[2, 14) mod=QPSK rv=0 tbs=11 t=16.9us
2026-04-24T09:23:09.092782 [NGAP    ] [I] Rx PDU ue=2 ran_ue=2 amf_ue=3: DownlinkNASTransport
2026-04-24T09:23:09.092792 [RRC     ] [I] ue=2 c-rnti=0x4603: DCCH DL dlInformationTransfer
2026-04-24T09:23:09.092797 [PDCP    ] [I] ue=2 SRB1 DL: TX PDU. type=data pdu_len=51 sn=0 count=0 is_retx=false
2026-04-24T09:23:09.092802 [CU-CP-F1] [I] Tx PDU du=0 ue=2 cu_ue=2 du_ue=2: DLRRCMessageTransfer
2026-04-24T09:23:09.092806 [DU-F1   ] [I] Rx PDU du=0 ue=0 cu_ue=2 du_ue=2: DLRRCMessageTransfer
2026-04-24T09:23:09.092811 [RLC     ] [I] du=0 ue=0 SRB1 DL: TX SDU. sdu_len=51 pdcp_sn=0 is_retx=false queued_sdus=1 queued_bytes=51
2026-04-24T09:23:09.092993 [SCHED   ] [I] [   966.5] Slot decisions pci=1 t=18us (1 PDSCH, 0 PUSCHs, 0 PUCCHs): DL: ue=0 c-rnti=0x4603 h_id=2 ss_id=2 rb=[0..10) k1=4 newtx=true rv=0 tbs=60 ri=1 dl_bo=0
2026-04-24T09:23:09.093007 [RLC     ] [I] du=0 ue=0 SRB1 DL: TX PDU. dc=data p=1 si=full sn=0 pdu_len=53 grant_len=58
2026-04-24T09:23:09.093009 [MAC     ] [I] [   966.5] DL PDU: ue=0 rnti=0x4603 size=60: SDU: lcid=1 nof_sdus=1 total_size=55
2026-04-24T09:23:09.093032 [PHY     ] [I] [   966.5] PDCCH: rnti=0x4603 ss_id=2 format=1_1 cce=8 al=4 t=18.0us
2026-04-24T09:23:09.093050 [PHY     ] [I] [   966.5] PDSCH: rnti=0x4603 h_id=2 k1=4 prb=[0, 10) symb=[2, 14) mod=QPSK rv=0 tbs=60 t=22.3us
2026-04-24T09:23:09.095477 [SCHED   ] [I] [  966.10] Slot decisions pci=1 t=13us (1 PDSCH, 0 PUSCHs, 0 PUCCHs): DL: ue=0 c-rnti=0x4603 h_id=3 ss_id=2 rb=[0..2) k1=7 newtx=true rv=0 tbs=11 ri=1 dl_bo=0
2026-04-24T09:23:09.095487 [MAC     ] [I] [  966.10] DL PDU: ue=0 rnti=0x4603 size=11: TA_CMD: tag_id=0, ta_cmd=29
2026-04-24T09:23:09.095507 [PHY     ] [I] [  966.10] PDCCH: rnti=0x4603 ss_id=2 format=1_1 cce=12 al=4 t=17.1us
2026-04-24T09:23:09.095525 [PHY     ] [I] [  966.10] PDSCH: rnti=0x4603 h_id=3 k1=7 prb=[0, 2) symb=[2, 14) mod=QPSK rv=0 tbs=11 t=19.2us
2026-04-24T09:23:09.098079 [PHY     ] [I] [   966.7] PUCCH: rnti=0x4603 format=1 prb1=0 prb2=na symb=[0, 14) cs=0 occ=0 ack=11 metric=1016.1 sinr=15.8dB t=27.6us
2026-04-24T09:23:09.098310 [PHY     ] [I] [   966.8] PUCCH: rnti=0x4603 format=2 prb=[7, 8) prb2=na symb=[6, 8) csi1=1000 sinr=26.2dB t=16.8us
2026-04-24T09:23:09.099029 [PHY     ] [I] [   966.9] PUCCH: rnti=0x4603 format=1 prb1=0 prb2=na symb=[0, 14) cs=0 occ=0 ack=2 metric=0.2 sinr=-28.2dB t=16.6us
2026-04-24T09:23:09.099038 [PHY     ] [I] [   966.9] PUCCH: rnti=0x4603 format=1 prb1=4 prb2=na symb=[0, 14) cs=0 occ=0 ack=1 metric=963.9 sinr=15.6dB t=26.7us
2026-04-24T09:23:09.102026 [PHY     ] [I] [   967.3] PDCCH: rnti=0x4603 ss_id=2 format=0_1 cce=2 al=2 t=9.8us
2026-04-24T09:23:09.103010 [PHY     ] [I] [  966.17] PUCCH: rnti=0x4603 format=1 prb1=0 prb2=na symb=[0, 14) cs=0 occ=0 ack=1 metric=677.2 sinr=14.1dB t=16.9us
2026-04-24T09:23:09.103962 [SCHED   ] [I] [   967.7] Slot decisions pci=1 t=1us (0 PDSCHs, 1 PUSCH, 0 PUCCHs): UL: ue=0 rnti=0x4603 h_id=0 ss_id=2 rb=[0..13) newtx=true rv=0 tbs=512 k2=4
2026-04-24T09:23:09.108155 [PHY     ] [I] [   967.7] PUSCH: rnti=0x4603 h_id=0 prb=[0, 13) symb=[0, 14) mod=16QAM rv=0 tbs=512 crc=OK iter=1.0 sinr=21.0dB t=78.1us uci_t=0.0us ret_t=3.4us
2026-04-24T09:23:09.108163 [MAC     ] [I] [  967.15] UL rnti=0x4603 ue=0 subPDUs: [lcid=1: len=3, SBSR: lcg=0 bs=0, SE_PHR: ph=[-18..-17)dB p_cmax=[20..21)dBm, PAD: len=501]
2026-04-24T09:23:09.108165 [RLC     ] [I] du=0 ue=0 SRB1 UL: RX status PDU. ack_sn=1 n_nack=0
2026-04-24T09:23:09.108172 [RLC     ] [I] du=0 ue=0 SRB1 DL: Handled status report. t=2us ack_sn=1 n_nack=0
2026-04-24T09:23:09.118346 [PHY     ] [I] [   968.8] PUCCH: rnti=0x4603 format=2 prb=[7, 8) prb2=na symb=[6, 8) csi1=1001 sinr=21.7dB t=12.8us
2026-04-24T09:23:09.119035 [PHY     ] [I] [   968.9] PUCCH: rnti=0x4603 format=1 prb1=4 prb2=na symb=[0, 14) cs=0 occ=0 sr=no metric=0.4 sinr=-23.1dB t=14.1us
2026-04-24T09:23:09.135499 [SCHED   ] [I] [  970.10] Slot decisions pci=1 t=16us (1 PDSCH, 0 PUSCHs, 0 PUCCHs): DL: ue=0 c-rnti=0x4603 h_id=3 ss_id=2 rb=[0..2) k1=7 newtx=true rv=0 tbs=76 ri=1 dl_bo=0
2026-04-24T09:23:09.135516 [MAC     ] [I] [  970.10] DL PDU: ue=0 rnti=0x4603 size=76: TA_CMD: tag_id=0, ta_cmd=30
2026-04-24T09:23:09.135534 [PHY     ] [I] [  970.10] PDCCH: rnti=0x4603 ss_id=2 format=1_1 cce=6 al=2 t=13.2us
2026-04-24T09:23:09.135559 [PHY     ] [I] [  970.10] PDSCH: rnti=0x4603 h_id=3 k1=7 prb=[0, 2) symb=[2, 14) mod=16QAM rv=0 tbs=76 t=21.4us
2026-04-24T09:23:09.138368 [PHY     ] [I] [   970.8] PUCCH: rnti=0x4603 format=2 prb=[7, 8) prb2=na symb=[6, 8) csi1=1001 sinr=27.8dB t=21.9us
2026-04-24T09:23:09.139064 [PHY     ] [I] [   970.9] PUCCH: rnti=0x4603 format=1 prb1=4 prb2=na symb=[0, 14) cs=0 occ=0 sr=no metric=0.0 sinr=-33.0dB t=28.3us
2026-04-24T09:23:09.143081 [PHY     ] [I] [  970.17] PUCCH: rnti=0x4603 format=1 prb1=0 prb2=na symb=[0, 14) cs=0 occ=0 ack=1 metric=195.4 sinr=8.7dB t=36.5us
2026-04-24T09:23:09.158290 [PHY     ] [I] [   972.8] PUCCH: rnti=0x4603 format=2 prb=[7, 8) prb2=na symb=[6, 8) csi1=1001 sinr=25.0dB t=33.9us
2026-04-24T09:23:09.159104 [PHY     ] [I] [   972.9] PUCCH: rnti=0x4603 format=1 prb1=4 prb2=na symb=[0, 14) cs=0 occ=0 sr=no metric=0.2 sinr=-23.3dB t=33.9us
2026-04-24T09:23:09.175521 [SCHED   ] [I] [  974.10] Slot decisions pci=1 t=23us (1 PDSCH, 0 PUSCHs, 0 PUCCHs): DL: ue=0 c-rnti=0x4603 h_id=3 ss_id=2 rb=[0..2) k1=7 newtx=true rv=0 tbs=76 ri=1 dl_bo=0
2026-04-24T09:23:09.175540 [MAC     ] [I] [  974.10] DL PDU: ue=0 rnti=0x4603 size=76: TA_CMD: tag_id=0, ta_cmd=32
2026-04-24T09:23:09.175566 [PHY     ] [I] [  974.10] PDCCH: rnti=0x4603 ss_id=2 format=1_1 cce=6 al=2 t=19.1us
2026-04-24T09:23:09.175586 [PHY     ] [I] [  974.10] PDSCH: rnti=0x4603 h_id=3 k1=7 prb=[0, 2) symb=[2, 14) mod=16QAM rv=0 tbs=76 t=31.9us
2026-04-24T09:23:09.178337 [PHY     ] [I] [   974.8] PUCCH: rnti=0x4603 format=2 prb=[7, 8) prb2=na symb=[6, 8) csi1=1010 sinr=25.3dB t=30.2us
2026-04-24T09:23:09.179039 [PHY     ] [I] [   974.9] PUCCH: rnti=0x4603 format=1 prb1=4 prb2=na symb=[0, 14) cs=0 occ=0 sr=no metric=0.3 sinr=-23.4dB t=33.2us
2026-04-24T09:23:09.183063 [PHY     ] [I] [  974.17] PUCCH: rnti=0x4603 format=1 prb1=0 prb2=na symb=[0, 14) cs=0 occ=0 ack=1 metric=689.0 sinr=14.1dB t=12.7us
2026-04-24T09:23:09.198265 [PHY     ] [I] [   976.8] PUCCH: rnti=0x4603 format=2 prb=[7, 8) prb2=na symb=[6, 8) csi1=1010 sinr=27.3dB t=22.5us
2026-04-24T09:23:09.199032 [PHY     ] [I] [   976.9] PUCCH: rnti=0x4603 format=1 prb1=4 prb2=na symb=[0, 14) cs=0 occ=0 sr=no metric=0.2 sinr=-18.2dB t=27.9us
2026-04-24T09:23:09.215545 [SCHED   ] [I] [  978.10] Slot decisions pci=1 t=17us (1 PDSCH, 0 PUSCHs, 0 PUCCHs): DL: ue=0 c-rnti=0x4603 h_id=3 ss_id=2 rb=[0..2) k1=7 newtx=true rv=0 tbs=88 ri=1 dl_bo=0
2026-04-24T09:23:09.215558 [MAC     ] [I] [  978.10] DL PDU: ue=0 rnti=0x4603 size=88: TA_CMD: tag_id=0, ta_cmd=32
2026-04-24T09:23:09.215576 [PHY     ] [I] [  978.10] PDCCH: rnti=0x4603 ss_id=2 format=1_1 cce=6 al=2 t=13.8us
2026-04-24T09:23:09.215602 [PHY     ] [I] [  978.10] PDSCH: rnti=0x4603 h_id=3 k1=7 prb=[0, 2) symb=[2, 14) mod=64QAM rv=0 tbs=88 t=23.5us
2026-04-24T09:23:09.218328 [PHY     ] [I] [   978.8] PUCCH: rnti=0x4603 format=2 prb=[7, 8) prb2=na symb=[6, 8) csi1=1010 sinr=26.6dB t=19.8us
2026-04-24T09:23:09.219022 [PHY     ] [I] [   978.9] PUCCH: rnti=0x4603 format=1 prb1=4 prb2=na symb=[0, 14) cs=0 occ=0 sr=no metric=0.1 sinr=-28.2dB t=28.8us
2026-04-24T09:23:09.223007 [PHY     ] [I] [  978.17] PUCCH: rnti=0x4603 format=1 prb1=0 prb2=na symb=[0, 14) cs=0 occ=0 ack=0 metric=740.6 sinr=14.5dB t=12.5us
2026-04-24T09:23:09.225437 [SCHED   ] [I] [  979.10] Slot decisions pci=1 t=11us (1 PDSCH, 0 PUSCHs, 0 PUCCHs): DL: ue=0 c-rnti=0x4603 h_id=3 ss_id=2 rb=[0..2) k1=7 newtx=false rv=2 tbs=88
2026-04-24T09:23:09.225466 [PHY     ] [I] [  979.10] PDCCH: rnti=0x4603 ss_id=2 format=1_1 cce=6 al=2 t=12.0us
2026-04-24T09:23:09.225489 [PHY     ] [I] [  979.10] PDSCH: rnti=0x4603 h_id=3 k1=7 prb=[0, 2) symb=[2, 14) mod=64QAM rv=2 tbs=88 t=22.0us
2026-04-24T09:23:09.233025 [PHY     ] [I] [  979.17] PUCCH: rnti=0x4603 format=1 prb1=0 prb2=na symb=[0, 14) cs=0 occ=0 ack=1 metric=7308.4 sinr=24.4dB t=29.8us
2026-04-24T09:23:09.238303 [PHY     ] [I] [   980.8] PUCCH: rnti=0x4603 format=2 prb=[7, 8) prb2=na symb=[6, 8) csi1=1010 sinr=25.5dB t=22.0us
2026-04-24T09:23:09.238984 [PHY     ] [I] [   980.9] PUCCH: rnti=0x4603 format=1 prb1=4 prb2=na symb=[0, 14) cs=0 occ=0 sr=no metric=0.3 sinr=-19.0dB t=13.9us
2026-04-24T09:23:09.258322 [PHY     ] [I] [   982.8] PUCCH: rnti=0x4603 format=2 prb=[7, 8) prb2=na symb=[6, 8) csi1=1010 sinr=25.0dB t=22.3us
2026-04-24T09:23:09.259052 [PHY     ] [I] [   982.9] PUCCH: rnti=0x4603 format=1 prb1=4 prb2=na symb=[0, 14) cs=0 occ=0 sr=no metric=0.2 sinr=-18.6dB t=28.2us
2026-04-24T09:23:09.278307 [PHY     ] [I] [   984.8] PUCCH: rnti=0x4603 format=2 prb=[7, 8) prb2=na symb=[6, 8) csi1=1010 sinr=27.7dB t=20.1us
2026-04-24T09:23:09.279036 [PHY     ] [I] [   984.9] PUCCH: rnti=0x4603 format=1 prb1=4 prb2=na symb=[0, 14) cs=0 occ=0 sr=no metric=0.6 sinr=-16.3dB t=15.4us
2026-04-24T09:23:09.296494 [SCHED   ] [I] [  986.12] Slot decisions pci=1 t=30us (1 PDSCH, 0 PUSCHs, 0 PUCCHs): DL: ue=0 c-rnti=0x4603 h_id=3 ss_id=2 rb=[0..2) k1=5 newtx=true rv=0 tbs=80 ri=1 dl_bo=0
2026-04-24T09:23:09.296510 [MAC     ] [I] [  986.12] DL PDU: ue=0 rnti=0x4603 size=80: TA_CMD: tag_id=0, ta_cmd=30
2026-04-24T09:23:09.296532 [PHY     ] [I] [  986.12] PDCCH: rnti=0x4603 ss_id=2 format=1_1 cce=14 al=2 t=15.3us
2026-04-24T09:23:09.296550 [PHY     ] [I] [  986.12] PDSCH: rnti=0x4603 h_id=3 k1=5 prb=[0, 2) symb=[2, 14) mod=64QAM rv=0 tbs=80 t=31.6us
2026-04-24T09:23:09.298327 [PHY     ] [I] [   986.8] PUCCH: rnti=0x4603 format=2 prb=[7, 8) prb2=na symb=[6, 8) csi1=1010 sinr=25.9dB t=11.0us
2026-04-24T09:23:09.299022 [PHY     ] [I] [   986.9] PUCCH: rnti=0x4603 format=1 prb1=4 prb2=na symb=[0, 14) cs=0 occ=0 sr=yes metric=1.2 sinr=-12.7dB t=13.3us
2026-04-24T09:23:09.302000 [PHY     ] [I] [   987.3] PDCCH: rnti=0x4603 ss_id=2 format=0_1 cce=2 al=2 t=11.3us
2026-04-24T09:23:09.303039 [PHY     ] [I] [  986.17] PUCCH: rnti=0x4603 format=1 prb1=0 prb2=na symb=[0, 14) cs=0 occ=0 ack=1 metric=7084.0 sinr=24.3dB t=13.5us
2026-04-24T09:23:09.303969 [SCHED   ] [I] [   987.7] Slot decisions pci=1 t=1us (0 PDSCHs, 1 PUSCH, 0 PUCCHs): UL: ue=0 rnti=0x4603 h_id=0 ss_id=2 rb=[0..6) newtx=true rv=0 tbs=544 k2=4
2026-04-24T09:23:09.308056 [PHY     ] [I] [   987.7] PUSCH: rnti=0x4603 h_id=0 prb=[0, 6) symb=[0, 14) mod=64QAM rv=0 tbs=544 crc=OK iter=2.0 sinr=24.3dB t=90.0us uci_t=0.0us ret_t=6.2us
2026-04-24T09:23:09.308073 [MAC     ] [I] [  987.15] UL rnti=0x4603 ue=0 subPDUs: [SE_PHR: ph=[-14..-13)dB p_cmax=[20..21)dBm, LBSR: lcg=0 bs=0 lcg=1 bs=0 lcg=2 bs=0 lcg=3 bs=0 lcg=4 bs=0 lcg=5 bs=0 lcg=6 bs=0 lcg=7 bs=0 , PAD: len=537]
2026-04-24T09:23:09.318349 [PHY     ] [I] [   988.8] PUCCH: rnti=0x4603 format=2 prb=[7, 8) prb2=na symb=[6, 8) csi1=1010 sinr=34.7dB t=12.3us
2026-04-24T09:23:09.319054 [PHY     ] [I] [   988.9] PUCCH: rnti=0x4603 format=1 prb1=4 prb2=na symb=[0, 14) cs=0 occ=0 sr=no metric=0.3 sinr=-20.3dB t=14.8us
2026-04-24T09:23:09.338288 [PHY     ] [I] [   990.8] PUCCH: rnti=0x4603 format=2 prb=[7, 8) prb2=na symb=[6, 8) csi1=1010 sinr=28.7dB t=22.3us
2026-04-24T09:23:09.338993 [PHY     ] [I] [   990.9] PUCCH: rnti=0x4603 format=1 prb1=4 prb2=na symb=[0, 14) cs=0 occ=0 sr=no metric=0.8 sinr=-17.5dB t=16.4us
2026-04-24T09:23:09.358307 [PHY     ] [I] [   992.8] PUCCH: rnti=0x4603 format=2 prb=[7, 8) prb2=na symb=[6, 8) csi1=1010 sinr=27.7dB t=19.1us
2026-04-24T09:23:09.359016 [PHY     ] [I] [   992.9] PUCCH: rnti=0x4603 format=1 prb1=4 prb2=na symb=[0, 14) cs=0 occ=0 sr=no metric=0.4 sinr=-18.3dB t=28.2us
2026-04-24T09:23:09.378319 [PHY     ] [I] [   994.8] PUCCH: rnti=0x4603 format=2 prb=[7, 8) prb2=na symb=[6, 8) csi1=1011 sinr=33.9dB t=10.1us
2026-04-24T09:23:09.378989 [PHY     ] [I] [   994.9] PUCCH: rnti=0x4603 format=1 prb1=4 prb2=na symb=[0, 14) cs=0 occ=0 sr=no metric=0.3 sinr=-19.9dB t=13.4us
2026-04-24T09:23:09.398311 [PHY     ] [I] [   996.8] PUCCH: rnti=0x4603 format=2 prb=[7, 8) prb2=na symb=[6, 8) csi1=1011 sinr=27.7dB t=15.9us
2026-04-24T09:23:09.399004 [PHY     ] [I] [   996.9] PUCCH: rnti=0x4603 format=1 prb1=4 prb2=na symb=[0, 14) cs=0 occ=0 sr=no metric=0.2 sinr=-18.6dB t=14.2us
2026-04-24T09:23:09.418335 [PHY     ] [I] [   998.8] PUCCH: rnti=0x4603 format=2 prb=[7, 8) prb2=na symb=[6, 8) csi1=1011 sinr=24.8dB t=15.4us
2026-04-24T09:23:09.419031 [PHY     ] [I] [   998.9] PUCCH: rnti=0x4603 format=1 prb1=4 prb2=na symb=[0, 14) cs=0 occ=0 sr=no metric=0.3 sinr=-20.4dB t=23.2us
2026-04-24T09:23:09.438298 [PHY     ] [I] [  1000.8] PUCCH: rnti=0x4603 format=2 prb=[7, 8) prb2=na symb=[6, 8) csi1=1011 sinr=30.3dB t=12.8us
2026-04-24T09:23:09.439021 [PHY     ] [I] [  1000.9] PUCCH: rnti=0x4603 format=1 prb1=4 prb2=na symb=[0, 14) cs=0 occ=0 sr=no metric=0.2 sinr=-17.7dB t=14.4us
2026-04-24T09:23:09.458331 [PHY     ] [I] [  1002.8] PUCCH: rnti=0x4603 format=2 prb=[7, 8) prb2=na symb=[6, 8) csi1=1011 sinr=29.2dB t=11.8us
2026-04-24T09:23:09.459035 [PHY     ] [I] [  1002.9] PUCCH: rnti=0x4603 format=1 prb1=4 prb2=na symb=[0, 14) cs=0 occ=0 sr=yes metric=858.8 sinr=15.1dB t=15.4us
2026-04-24T09:23:09.462069 [PHY     ] [I] [  1003.3] PDCCH: rnti=0x4603 ss_id=2 format=0_1 cce=2 al=2 t=14.4us
2026-04-24T09:23:09.463985 [SCHED   ] [I] [  1003.7] Slot decisions pci=1 t=1us (0 PDSCHs, 1 PUSCH, 0 PUCCHs): UL: ue=0 rnti=0x4603 h_id=0 ss_id=2 rb=[0..6) newtx=true rv=0 tbs=544 k2=4
2026-04-24T09:23:09.468038 [PHY     ] [I] [  1003.7] PUSCH: rnti=0x4603 h_id=0 prb=[0, 6) symb=[0, 14) mod=64QAM rv=0 tbs=544 crc=OK iter=2.0 sinr=27.4dB t=75.0us uci_t=0.0us ret_t=4.9us
2026-04-24T09:23:09.468048 [MAC     ] [I] [ 1003.15] UL rnti=0x4603 ue=0 subPDUs: [lcid=1: len=32, SBSR: lcg=0 bs=0, SE_PHR: ph=[-16..-15)dB p_cmax=[20..21)dBm, PAD: len=504]
2026-04-24T09:23:09.468052 [RLC     ] [I] du=0 ue=0 SRB1 UL: RX PDU. pdu_len=32 dc=data p=1 si=full sn=1
2026-04-24T09:23:09.468055 [RLC     ] [I] du=0 ue=0 SRB1 UL: RX SDU. sn=1 sdu_len=30
2026-04-24T09:23:09.468071 [DU-F1   ] [I] Tx PDU du=0 ue=0 cu_ue=2 du_ue=2: ULRRCMessageTransfer
2026-04-24T09:23:09.468077 [CU-CP-F1] [I] Rx PDU du=0 ue=2 cu_ue=2 du_ue=2: ULRRCMessageTransfer
2026-04-24T09:23:09.468084 [PDCP    ] [I] ue=2 SRB1 UL: RX PDU. type=data pdu_len=30 sn=1 count=1
2026-04-24T09:23:09.468086 [PDCP    ] [I] ue=2 SRB1 UL: RX SDU. count=1
2026-04-24T09:23:09.468093 [RRC     ] [I] ue=2 c-rnti=0x4603: DCCH UL ulInformationTransfer
2026-04-24T09:23:09.468107 [NGAP    ] [I] Tx PDU ue=2 ran_ue=2 amf_ue=3: UplinkNASTransport
2026-04-24T09:23:09.468523 [SCHED   ] [I] [ 1003.16] Slot decisions pci=1 t=25us (1 PDSCH, 0 PUSCHs, 0 PUCCHs): DL: ue=0 c-rnti=0x4603 h_id=3 ss_id=2 rb=[0..2) k1=11 newtx=true rv=0 tbs=46 ri=1 dl_bo=0
2026-04-24T09:23:09.468542 [RLC     ] [I] du=0 ue=0 SRB1 DL: TX status PDU. pdu_len=3 grant_len=4
2026-04-24T09:23:09.468545 [MAC     ] [I] [ 1003.16] DL PDU: ue=0 rnti=0x4603 size=46: SDU: lcid=1 nof_sdus=1 total_size=5
2026-04-24T09:23:09.468563 [PHY     ] [I] [ 1003.16] PDCCH: rnti=0x4603 ss_id=2 format=1_1 cce=12 al=2 t=12.3us
2026-04-24T09:23:09.468583 [PHY     ] [I] [ 1003.16] PDSCH: rnti=0x4603 h_id=3 k1=11 prb=[0, 2) symb=[2, 8) mod=64QAM rv=0 tbs=46 t=25.1us
2026-04-24T09:23:09.470858 [NGAP    ] [I] Rx PDU ue=2 ran_ue=2 amf_ue=3: DownlinkNASTransport
2026-04-24T09:23:09.470865 [RRC     ] [I] ue=2 c-rnti=0x4603: DCCH DL dlInformationTransfer
2026-04-24T09:23:09.470871 [PDCP    ] [I] ue=2 SRB1 DL: TX PDU. type=data pdu_len=28 sn=1 count=1 is_retx=false
2026-04-24T09:23:09.470877 [CU-CP-F1] [I] Tx PDU du=0 ue=2 cu_ue=2 du_ue=2: DLRRCMessageTransfer
2026-04-24T09:23:09.470882 [DU-F1   ] [I] Rx PDU du=0 ue=0 cu_ue=2 du_ue=2: DLRRCMessageTransfer
2026-04-24T09:23:09.470887 [RLC     ] [I] du=0 ue=0 SRB1 DL: TX SDU. sdu_len=28 pdcp_sn=1 is_retx=false queued_sdus=1 queued_bytes=28
2026-04-24T09:23:09.470985 [SCHED   ] [I] [  1004.1] Slot decisions pci=1 t=19us (1 PDSCH, 0 PUSCHs, 0 PUCCHs): DL: ue=0 c-rnti=0x4603 h_id=2 ss_id=2 rb=[0..2) k1=6 newtx=true rv=0 tbs=96 ri=1 dl_bo=0
2026-04-24T09:23:09.471006 [RLC     ] [I] du=0 ue=0 SRB1 DL: TX PDU. dc=data p=1 si=full sn=1 pdu_len=30 grant_len=30
2026-04-24T09:23:09.471008 [MAC     ] [I] [  1004.1] DL PDU: ue=0 rnti=0x4603 size=96: SDU: lcid=1 nof_sdus=1 total_size=32
2026-04-24T09:23:09.471029 [PHY     ] [I] [  1004.1] PDCCH: rnti=0x4603 ss_id=2 format=1_1 cce=6 al=2 t=14.2us
2026-04-24T09:23:09.471055 [PHY     ] [I] [  1004.1] PDSCH: rnti=0x4603 h_id=2 k1=6 prb=[0, 2) symb=[2, 14) mod=64QAM rv=0 tbs=96 t=23.5us
2026-04-24T09:23:09.477991 [PHY     ] [I] [  1004.7] PUCCH: rnti=0x4603 format=1 prb1=0 prb2=na symb=[0, 14) cs=0 occ=0 ack=01 metric=820.8 sinr=14.9dB t=17.4us
2026-04-24T09:23:09.478323 [PHY     ] [I] [  1004.8] PUCCH: rnti=0x4603 format=2 prb=[7, 8) prb2=na symb=[6, 8) csi1=1011 sinr=32.7dB t=12.2us
2026-04-24T09:23:09.478494 [SCHED   ] [I] [ 1004.16] Slot decisions pci=1 t=13us (1 PDSCH, 0 PUSCHs, 0 PUCCHs): DL: ue=0 c-rnti=0x4603 h_id=3 ss_id=2 rb=[0..2) k1=11 newtx=false rv=2 tbs=46
2026-04-24T09:23:09.478522 [PHY     ] [I] [ 1004.16] PDCCH: rnti=0x4603 ss_id=2 format=1_1 cce=12 al=2 t=11.8us
2026-04-24T09:23:09.478540 [PHY     ] [I] [ 1004.16] PDSCH: rnti=0x4603 h_id=3 k1=11 prb=[0, 2) symb=[2, 8) mod=64QAM rv=2 tbs=46 t=15.9us
2026-04-24T09:23:09.479031 [PHY     ] [I] [  1004.9] PUCCH: rnti=0x4603 format=1 prb1=4 prb2=na symb=[0, 14) cs=0 occ=0 sr=yes metric=816.4 sinr=14.9dB t=13.7us
2026-04-24T09:23:09.481985 [PHY     ] [I] [  1005.3] PDCCH: rnti=0x4603 ss_id=2 format=0_1 cce=2 al=2 t=11.2us
2026-04-24T09:23:09.483957 [SCHED   ] [I] [  1005.7] Slot decisions pci=1 t=1us (0 PDSCHs, 1 PUSCH, 0 PUCCHs): UL: ue=0 rnti=0x4603 h_id=0 ss_id=2 rb=[2..8) newtx=true rv=0 tbs=544 k2=4
2026-04-24T09:23:09.488051 [PHY     ] [I] [  1005.7] PUSCH: rnti=0x4603 h_id=0 prb=[2, 8) symb=[0, 14) mod=64QAM rv=0 tbs=544 crc=OK iter=2.0 ack=1 sinr=28.7dB t=81.2us uci_t=30.4us ret_t=3.6us
2026-04-24T09:23:09.488059 [MAC     ] [I] [ 1005.15] UL rnti=0x4603 ue=0 subPDUs: [lcid=1: len=3, lcid=1: len=84, SBSR: lcg=0 bs=0, SE_PHR: ph=[-15..-14)dB p_cmax=[20..21)dBm, PAD: len=447]
2026-04-24T09:23:09.488061 [RLC     ] [I] du=0 ue=0 SRB1 UL: RX status PDU. ack_sn=2 n_nack=0
2026-04-24T09:23:09.488063 [RLC     ] [I] du=0 ue=0 SRB1 UL: RX PDU. pdu_len=84 dc=data p=1 si=full sn=2
2026-04-24T09:23:09.488065 [RLC     ] [I] du=0 ue=0 SRB1 UL: RX SDU. sn=2 sdu_len=82
2026-04-24T09:23:09.488071 [DU-F1   ] [I] Tx PDU du=0 ue=0 cu_ue=2 du_ue=2: ULRRCMessageTransfer
2026-04-24T09:23:09.488073 [RLC     ] [I] du=0 ue=0 SRB1 DL: Handled status report. t=4us ack_sn=2 n_nack=0
2026-04-24T09:23:09.488079 [CU-CP-F1] [I] Rx PDU du=0 ue=2 cu_ue=2 du_ue=2: ULRRCMessageTransfer
2026-04-24T09:23:09.488082 [PDCP    ] [I] ue=2 SRB1 UL: RX PDU. type=data pdu_len=82 sn=2 count=2
2026-04-24T09:23:09.488083 [PDCP    ] [I] ue=2 SRB1 UL: RX SDU. count=2
2026-04-24T09:23:09.488089 [RRC     ] [I] ue=2 c-rnti=0x4603: DCCH UL ulInformationTransfer
2026-04-24T09:23:09.488098 [NGAP    ] [I] Tx PDU ue=2 ran_ue=2 amf_ue=3: UplinkNASTransport
2026-04-24T09:23:09.488379 [NGAP    ] [I] Rx PDU ue=2 ran_ue=2 amf_ue=3: DownlinkNASTransport
2026-04-24T09:23:09.488383 [RRC     ] [I] ue=2 c-rnti=0x4603: DCCH DL dlInformationTransfer
2026-04-24T09:23:09.488386 [PDCP    ] [I] ue=2 SRB1 DL: TX PDU. type=data pdu_len=13 sn=2 count=2 is_retx=false
2026-04-24T09:23:09.488390 [CU-CP-F1] [I] Tx PDU du=0 ue=2 cu_ue=2 du_ue=2: DLRRCMessageTransfer
2026-04-24T09:23:09.488394 [DU-F1   ] [I] Rx PDU du=0 ue=0 cu_ue=2 du_ue=2: DLRRCMessageTransfer
2026-04-24T09:23:09.488397 [NGAP    ] [I] Rx PDU ue=2 ran_ue=2 amf_ue=3: UEContextReleaseCommand
2026-04-24T09:23:09.488399 [RLC     ] [I] du=0 ue=0 SRB1 DL: TX SDU. sdu_len=13 pdcp_sn=2 is_retx=false queued_sdus=1 queued_bytes=13
2026-04-24T09:23:09.488408 [PDCP    ] [I] ue=2 SRB1 DL: TX PDU. type=data pdu_len=8 sn=3 count=3 is_retx=false
2026-04-24T09:23:09.488409 [RRC     ] [I] ue=2 c-rnti=0x4603: DCCH DL rrcRelease
2026-04-24T09:23:09.488414 [CU-CP-F1] [I] Tx PDU du=0 ue=2 cu_ue=2 du_ue=2: UEContextReleaseCommand
2026-04-24T09:23:09.488416 [DU-F1   ] [I] Rx PDU du=0 ue=0 cu_ue=2 du_ue=2: UEContextReleaseCommand
2026-04-24T09:23:09.488427 [DU-MNG  ] [I] ue=0: DRB traffic stopped
2026-04-24T09:23:09.488437 [RLC     ] [I] du=0 ue=0 SRB1 DL: TX SDU. sdu_len=8 pdcp_sn=3 is_retx=false queued_sdus=2 queued_bytes=21
2026-04-24T09:23:09.488511 [SCHED   ] [I] [ 1005.16] Slot decisions pci=1 t=19us (1 PDSCH, 0 PUSCHs, 0 PUCCHs): DL: ue=0 c-rnti=0x4603 h_id=3 ss_id=2 rb=[0..2) k1=11 newtx=true rv=0 tbs=46 ri=1 dl_bo=0
2026-04-24T09:23:09.488523 [RLC     ] [I] du=0 ue=0 SRB1 DL: TX status PDU. pdu_len=3 grant_len=28
2026-04-24T09:23:09.488526 [RLC     ] [I] du=0 ue=0 SRB1 DL: TX PDU. dc=data p=0 si=full sn=2 pdu_len=15 grant_len=23
2026-04-24T09:23:09.488527 [RLC     ] [I] du=0 ue=0 SRB1 DL: TX PDU. dc=data p=0 si=first sn=3 pdu_len=6 grant_len=6
2026-04-24T09:23:09.488529 [MAC     ] [I] [ 1005.16] DL PDU: ue=0 rnti=0x4603 size=46: SDU: lcid=1 nof_sdus=3 total_size=30
2026-04-24T09:23:09.488546 [PHY     ] [I] [ 1005.16] PDCCH: rnti=0x4603 ss_id=2 format=1_1 cce=12 al=2 t=11.5us
2026-04-24T09:23:09.488563 [PHY     ] [I] [ 1005.16] PDSCH: rnti=0x4603 h_id=3 k1=11 prb=[0, 2) symb=[2, 8) mod=64QAM rv=0 tbs=46 t=15.3us
2026-04-24T09:23:09.490460 [SCHED   ] [I] [  1006.0] Slot decisions pci=1 t=12us (1 PDSCH, 0 PUSCHs, 0 PUCCHs): DL: ue=0 c-rnti=0x4603 h_id=2 ss_id=2 rb=[20..22) k1=7 newtx=true rv=0 tbs=96 ri=1 dl_bo=0
2026-04-24T09:23:09.490473 [RLC     ] [I] du=0 ue=0 SRB1 DL: TX PDU. dc=data p=1 si=last sn=3 so=4 pdu_len=8 grant_len=8
2026-04-24T09:23:09.490475 [MAC     ] [I] [  1006.0] DL PDU: ue=0 rnti=0x4603 size=96: SDU: lcid=1 nof_sdus=1 total_size=10
2026-04-24T09:23:09.490500 [PHY     ] [I] [  1006.0] PDCCH: rnti=0x4603 ss_id=2 format=1_1 cce=6 al=2 t=11.3us
2026-04-24T09:23:09.490520 [PHY     ] [I] [  1006.0] PDSCH: rnti=0x4603 h_id=2 k1=7 prb=[20, 22) symb=[2, 14) mod=64QAM rv=0 tbs=96 t=17.5us
2026-04-24T09:23:09.498000 [PHY     ] [I] [  1006.7] PUCCH: rnti=0x4603 format=1 prb1=0 prb2=na symb=[0, 14) cs=0 occ=0 ack=11 metric=860.6 sinr=15.1dB t=16.3us
2026-04-24T09:23:09.498278 [PHY     ] [I] [  1006.8] PUCCH: rnti=0x4603 format=2 prb=[7, 8) prb2=na symb=[6, 8) csi1=1011 sinr=31.4dB t=11.8us
2026-04-24T09:23:09.499103 [PHY     ] [I] [  1006.9] PUCCH: rnti=0x4603 format=1 prb1=4 prb2=na symb=[0, 14) cs=0 occ=0 sr=yes metric=917.6 sinr=15.4dB t=14.7us
2026-04-24T09:23:09.502002 [PHY     ] [I] [  1007.3] PDCCH: rnti=0x4603 ss_id=2 format=0_1 cce=2 al=2 t=11.8us
2026-04-24T09:23:09.503984 [SCHED   ] [I] [  1007.7] Slot decisions pci=1 t=1us (0 PDSCHs, 1 PUSCH, 0 PUCCHs): UL: ue=0 rnti=0x4603 h_id=0 ss_id=2 rb=[0..6) newtx=true rv=0 tbs=544 k2=4
2026-04-24T09:23:09.508056 [PHY     ] [I] [  1007.7] PUSCH: rnti=0x4603 h_id=0 prb=[0, 6) symb=[0, 14) mod=64QAM rv=0 tbs=544 crc=OK iter=2.0 sinr=25.5dB t=77.5us uci_t=0.0us ret_t=3.5us
2026-04-24T09:23:09.508065 [MAC     ] [I] [ 1007.15] UL rnti=0x4603 ue=0 subPDUs: [lcid=1: len=3, SBSR: lcg=0 bs=0, SE_PHR: ph=[-14..-13)dB p_cmax=[20..21)dBm, PAD: len=533]
2026-04-24T09:23:09.508067 [RLC     ] [I] du=0 ue=0 SRB1 UL: RX status PDU. ack_sn=4 n_nack=0
2026-04-24T09:23:09.508072 [RLC     ] [I] du=0 ue=0 SRB1 DL: Handled status report. t=1us ack_sn=4 n_nack=0
2026-04-24T09:23:09.508080 [DU-MNG  ] [I] ue=0 proc="UE Delete": Procedure started....
2026-04-24T09:23:09.508085 [DU-MNG  ] [I] ue=0: SRB and DRB traffic stopped
2026-04-24T09:23:09.508088 [DU-F1   ] [I] ue=0 c-rnti=0x4603 du_ue=2 cu_ue=2: F1 UE context removed.
2026-04-24T09:23:09.518308 [PHY     ] [I] [  1008.8] PUCCH: rnti=0x4603 format=2 prb=[7, 8) prb2=na symb=[6, 8) csi1=2222 sinr=-8.6dB t=15.5us
2026-04-24T09:23:09.518990 [PHY     ] [I] [  1008.9] PUCCH: rnti=0x4603 format=1 prb1=4 prb2=na symb=[0, 14) cs=0 occ=0 sr=no metric=0.5 sinr=-14.1dB t=12.9us
2026-04-24T09:23:09.524470 [MAC     ] [I] [  1009.8] ue=0 crnti=0x4603 proc="MAC UE Removal": finished successfully
2026-04-24T09:23:09.584478 [DU-MNG  ] [I] ue=0 proc="UE Delete": Procedure finished successfully.
2026-04-24T09:23:09.584488 [DU-F1   ] [I] Tx PDU du=0 cu_ue=2 du_ue=2: UEContextReleaseComplete
2026-04-24T09:23:09.584500 [CU-CP-F1] [I] Rx PDU du=0 ue=2 cu_ue=2 du_ue=2: UEContextReleaseComplete
2026-04-24T09:23:09.584563 [CU-CP   ] [I] ue=2: "UE Removal Routine" finished successfully
2026-04-24T09:23:09.584578 [NGAP    ] [I] Tx PDU ran_ue=2 amf_ue=3: UEContextReleaseComplete
2026-04-24T09:23:19.534142 [PHY     ] [I] [  985.19] PRACH: rsi=1 rssi=-50.2dB detected_preambles=[{idx=23 ta=7.42us detection_metric=13.5 power_dB=-51.30}] t=149.5us
2026-04-24T09:23:19.534613 [SCHED   ] [I] [   986.8] Processed slot events pci=1: prach(ra-rnti=0x10b preamble=23 tc-rnti=0x4604)
2026-04-24T09:23:19.535568 [SCHED   ] [I] [  986.10] Slot decisions pci=1 t=2us (1 PDSCH, 0 PUSCHs, 0 PUCCHs): RAR: ra-rnti=0x10b rb=[0..3) tbs=9
2026-04-24T09:23:19.535599 [PHY     ] [I] [  986.10] PDCCH: rnti=0x010b ss_id=1 format=1_0 cce=0 al=4 t=17.9us
2026-04-24T09:23:19.535622 [PHY     ] [I] [  986.10] PDSCH: rnti=0x010b prb=[0, 3) symb=[2, 14) mod=QPSK rv=0 tbs=9 t=19.6us
2026-04-24T09:23:19.539030 [SCHED   ] [I] [  986.17] Slot decisions pci=1 t=1us (0 PDSCHs, 1 PUSCH, 0 PUCCHs): UL: ue=1024 rnti=0x4604 h_id=0 ss_id=1 rb=[8..11) newtx=true rv=0 tbs=11 msg3_delay=7
2026-04-24T09:23:19.543160 [PHY     ] [I] [  986.17] PUSCH: rnti=0x4604 h_id=0 prb=[8, 11) symb=[0, 14) mod=QPSK rv=0 tbs=11 crc=OK iter=1.0 sinr=28.9dB t=72.9us uci_t=0.0us ret_t=4.9us
2026-04-24T09:23:19.543176 [MAC     ] [I] [   987.5] UL rnti=0x4604 subPDUs: [CCCH48: len=6, SE_PHR: ph=[-4..-3)dB p_cmax=[20..21)dBm, PAD: len=0]
2026-04-24T09:23:19.543183 [DU-MNG  ] [I] ue=0 rnti=0x4604 proc="UE Create": Procedure started....
2026-04-24T09:23:19.543303 [DU-F1   ] [I] ue=0 c-rnti=0x4604 du_ue=3: F1 UE context created successfully.
2026-04-24T09:23:19.543319 [RLC     ] [I] du=0 ue=0 SRB0 DL: RLC TM created. queue_size=8
2026-04-24T09:23:19.543320 [RLC     ] [I] du=0 ue=0 SRB0 UL: RLC TM created. 
2026-04-24T09:23:19.543340 [RLC     ] [I] du=0 ue=0 SRB1 DL: RLC AM configured. tx_sn_size=12 pdcp_sn_len=12 t_poll_retx=45 max_retx=8 poll_pdu=-1 poll_byte=-1 queue_size=32 queue_size_bytes=64000 max_window=0
2026-04-24T09:23:19.543358 [RLC     ] [I] du=0 ue=0 SRB1 UL: RLC AM configured. rx_sn_size=12 t_reassembly=35 t_status_prohibit=0 max_sn_per_status={na}
2026-04-24T09:23:19.544095 [MAC     ] [I] [   987.7] ue=0 crnti=0x4604 proc="MAC UE Creation": finished successfully
2026-04-24T09:23:19.544100 [DU-MNG  ] [I] ue=0 rnti=0x4604 proc="UE Create": Procedure finished successfully.
2026-04-24T09:23:19.544103 [RLC     ] [I] du=0 ue=0 SRB0 UL: RX SDU. sdu_len=6
2026-04-24T09:23:19.544114 [DU-F1   ] [I] Tx PDU du=0 tid=4 ue=0 du_ue=3: InitialULRRCMessageTransfer
2026-04-24T09:23:19.544122 [CU-CP-F1] [I] Rx PDU du=0 tid=4 du_ue=3: InitialULRRCMessageTransfer
2026-04-24T09:23:19.544133 [CU-UEMNG] [I] ue=3 du_index=0 gnb_du_id=0 pci=1 rnti=0x4604 pcell_index=0: Created new CU-CP UE
2026-04-24T09:23:19.544195 [CU-CP   ] [I] ue=3 c-rnti=0x4604: UE created
2026-04-24T09:23:19.544198 [CU-CP-F1] [I] ue=3 du_ue=3 cu_ue=3: Added UE context
2026-04-24T09:23:19.544203 [RRC     ] [I] ue=3 c-rnti=0x4604: CCCH UL rrcSetupRequest
2026-04-24T09:23:19.544233 [PDCP    ] [I] ue=3 SRB1 DL: PDCP configured. rb_type=SRB rlc_mode=AM sn_size=12 discard_timer=infinity count_notify=3221225472 count_max=4294967294 warn_on_drop=false test_mode=false
2026-04-24T09:23:19.544251 [PDCP    ] [I] ue=3 SRB1 UL: PDCP configured. rb_type=SRB rlc_mode=AM sn_size=12 t_reordering=infinity count_notify=3221225472 count_max=4294967294
2026-04-24T09:23:19.544264 [RRC     ] [I] ue=3 c-rnti=0x4604: CCCH DL rrcSetup
2026-04-24T09:23:19.544273 [CU-CP-F1] [I] Tx PDU du=0 ue=3 cu_ue=3 du_ue=3: DLRRCMessageTransfer
2026-04-24T09:23:19.544277 [DU-F1   ] [I] Rx PDU du=0 ue=0 cu_ue=3 du_ue=3: DLRRCMessageTransfer
2026-04-24T09:23:19.544281 [RLC     ] [I] du=0 ue=0 SRB0 DL: TX SDU. sdu_len=301 queued_sdus=1 queued_bytes=301
2026-04-24T09:23:19.545577 [SCHED   ] [I] [  987.10] Slot decisions pci=1 t=13us (1 PDSCH, 0 PUSCHs, 0 PUCCHs): DL: ue=0 c-rnti=0x4604 h_id=0 ss_id=1 rb=[0..23) k1=7 newtx=true rv=0 tbs=317 ri=1 dl_bo=0
2026-04-24T09:23:19.545590 [RLC     ] [I] du=0 ue=0 SRB0 DL: TX PDU. pdu_len=301 grant_len=301
2026-04-24T09:23:19.545592 [MAC     ] [I] [  987.10] DL PDU: ue=0 rnti=0x4604 size=317: CON_RES: id=15bc692b5a6, SDU: lcid=0 nof_sdus=1 total_size=304
2026-04-24T09:23:19.545615 [PHY     ] [I] [  987.10] PDCCH: rnti=0x4604 ss_id=1 format=1_0 cce=0 al=4 t=17.7us
2026-04-24T09:23:19.545624 [PHY     ] [I] [  987.10] PDSCH: rnti=0x4604 h_id=0 k1=7 prb=[0, 23) symb=[2, 14) mod=QPSK rv=0 tbs=317 t=27.1us
2026-04-24T09:23:19.553157 [PHY     ] [I] [  987.17] PUCCH: rnti=0x4604 format=1 prb1=0 prb2=50 symb=[0, 14) cs=0 occ=0 ack=1 metric=18350.8 sinr=30.6dB t=31.3us
2026-04-24T09:23:19.558441 [PHY     ] [I] [   988.8] PUCCH: rnti=0x4604 format=2 prb=[7, 8) prb2=na symb=[8, 10) csi1=2222 sinr=-6.9dB t=27.7us
2026-04-24T09:23:19.563192 [PHY     ] [I] [  988.17] PUCCH: rnti=0x4604 format=1 prb1=4 prb2=na symb=[0, 14) cs=0 occ=0 sr=yes metric=24366.4 sinr=29.6dB t=25.9us
2026-04-24T09:23:19.567133 [PHY     ] [I] [  989.13] PDCCH: rnti=0x4604 ss_id=1 format=0_0 cce=0 al=4 t=15.9us
2026-04-24T09:23:19.569050 [SCHED   ] [I] [  989.17] Slot decisions pci=1 t=1us (0 PDSCHs, 1 PUSCH, 0 PUCCHs): UL: ue=0 rnti=0x4604 h_id=0 ss_id=1 rb=[8..32) newtx=true rv=0 tbs=528 k2=4
2026-04-24T09:23:19.573163 [PHY     ] [I] [  989.17] PUSCH: rnti=0x4604 h_id=0 prb=[8, 32) symb=[0, 14) mod=QPSK rv=0 tbs=528 crc=OK iter=2.0 sinr=23.8dB t=113.8us uci_t=0.0us ret_t=4.2us
2026-04-24T09:23:19.573173 [MAC     ] [I] [   990.5] UL rnti=0x4604 ue=0 subPDUs: [lcid=1: len=93, SBSR: lcg=0 bs=0, SE_PHR: ph=[-13..-12)dB p_cmax=[20..21)dBm, PAD: len=427]
2026-04-24T09:23:19.573176 [RLC     ] [I] du=0 ue=0 SRB1 UL: RX PDU. pdu_len=93 dc=data p=1 si=full sn=0
2026-04-24T09:23:19.573179 [RLC     ] [I] du=0 ue=0 SRB1 UL: RX SDU. sn=0 sdu_len=91
2026-04-24T09:23:19.573193 [DU-F1   ] [I] Tx PDU du=0 ue=0 cu_ue=3 du_ue=3: ULRRCMessageTransfer
2026-04-24T09:23:19.573200 [CU-CP-F1] [I] Rx PDU du=0 ue=3 cu_ue=3 du_ue=3: ULRRCMessageTransfer
2026-04-24T09:23:19.573204 [PDCP    ] [I] ue=3 SRB1 UL: RX PDU. type=data pdu_len=91 sn=0 count=0
2026-04-24T09:23:19.573206 [PDCP    ] [I] ue=3 SRB1 UL: RX SDU. count=0
2026-04-24T09:23:19.573218 [RRC     ] [I] ue=3 c-rnti=0x4604: DCCH UL rrcSetupComplete
2026-04-24T09:23:19.573240 [NGAP    ] [I] Tx PDU ue=3 ran_ue=3: InitialUEMessage
2026-04-24T09:23:19.573608 [SCHED   ] [I] [   990.6] Slot decisions pci=1 t=33us (1 PDSCH, 0 PUSCHs, 0 PUCCHs): DL: ue=0 c-rnti=0x4604 h_id=0 ss_id=2 rb=[0..2) k1=11 newtx=true rv=0 tbs=5 ri=1 dl_bo=5
2026-04-24T09:23:19.573618 [MAC     ] [I] [   990.6] DL PDU: ue=0 rnti=0x4604 size=5: 
2026-04-24T09:23:19.573639 [PHY     ] [I] [   990.6] PDCCH: rnti=0x4604 ss_id=2 format=1_1 cce=12 al=4 t=16.7us
2026-04-24T09:23:19.573647 [PHY     ] [I] [   990.6] PDSCH: rnti=0x4604 h_id=0 k1=11 prb=[0, 2) symb=[2, 8) mod=QPSK rv=0 tbs=5 t=18.9us
2026-04-24T09:23:19.575550 [NGAP    ] [I] Rx PDU ue=3 ran_ue=3 amf_ue=4: DownlinkNASTransport
2026-04-24T09:23:19.575562 [RRC     ] [I] ue=3 c-rnti=0x4604: DCCH DL dlInformationTransfer
2026-04-24T09:23:19.575567 [PDCP    ] [I] ue=3 SRB1 DL: TX PDU. type=data pdu_len=51 sn=0 count=0 is_retx=false
2026-04-24T09:23:19.575572 [CU-CP-F1] [I] Tx PDU du=0 ue=3 cu_ue=3 du_ue=3: DLRRCMessageTransfer
2026-04-24T09:23:19.575576 [DU-F1   ] [I] Rx PDU du=0 ue=0 cu_ue=3 du_ue=3: DLRRCMessageTransfer
2026-04-24T09:23:19.575583 [RLC     ] [I] du=0 ue=0 SRB1 DL: TX SDU. sdu_len=51 pdcp_sn=0 is_retx=false queued_sdus=1 queued_bytes=51
2026-04-24T09:23:19.575592 [SCHED   ] [I] [  990.10] Slot decisions pci=1 t=11us (1 PDSCH, 0 PUSCHs, 0 PUCCHs): DL: ue=0 c-rnti=0x4604 h_id=1 ss_id=2 rb=[0..2) k1=7 newtx=true rv=0 tbs=11 ri=1 dl_bo=0
2026-04-24T09:23:19.575602 [RLC     ] [I] du=0 ue=0 SRB1 DL: TX status PDU. pdu_len=3 grant_len=9
2026-04-24T09:23:19.575607 [RLC     ] [I] du=0 ue=0 SRB1 DL: TX PDU. dc=data p=0 si=first sn=0 pdu_len=4 grant_len=4
2026-04-24T09:23:19.575608 [MAC     ] [I] [  990.10] DL PDU: ue=0 rnti=0x4604 size=11: SDU: lcid=1 nof_sdus=2 total_size=11
2026-04-24T09:23:19.575632 [PHY     ] [I] [  990.10] PDCCH: rnti=0x4604 ss_id=2 format=1_1 cce=0 al=4 t=18.2us
2026-04-24T09:23:19.575651 [PHY     ] [I] [  990.10] PDSCH: rnti=0x4604 h_id=1 k1=7 prb=[0, 2) symb=[2, 14) mod=QPSK rv=0 tbs=11 t=17.4us
2026-04-24T09:23:19.576075 [SCHED   ] [I] [  990.11] Slot decisions pci=1 t=10us (1 PDSCH, 0 PUSCHs, 0 PUCCHs): DL: ue=0 c-rnti=0x4604 h_id=2 ss_id=2 rb=[0..10) k1=6 newtx=true rv=0 tbs=60 ri=1 dl_bo=0
2026-04-24T09:23:19.576082 [RLC     ] [I] du=0 ue=0 SRB1 DL: TX PDU. dc=data p=1 si=last sn=0 so=2 pdu_len=53 grant_len=58
2026-04-24T09:23:19.576084 [MAC     ] [I] [  990.11] DL PDU: ue=0 rnti=0x4604 size=60: SDU: lcid=1 nof_sdus=1 total_size=55
2026-04-24T09:23:19.576105 [PHY     ] [I] [  990.11] PDCCH: rnti=0x4604 ss_id=2 format=1_1 cce=0 al=4 t=16.6us
2026-04-24T09:23:19.576132 [PHY     ] [I] [  990.11] PDSCH: rnti=0x4604 h_id=2 k1=6 prb=[0, 10) symb=[2, 14) mod=QPSK rv=0 tbs=60 t=21.4us
2026-04-24T09:23:19.578454 [PHY     ] [I] [   990.8] PUCCH: rnti=0x4604 format=2 prb=[7, 8) prb2=na symb=[8, 10) csi1=2222 sinr=-8.1dB t=17.3us
2026-04-24T09:23:19.582703 [PHY     ] [I] [  990.17] PUCCH: rnti=0x4604 format=2 prb=[44, 45) prb2=na symb=[2, 4) ack=111 sr=1 sinr=38.3dB t=12.1us
2026-04-24T09:23:19.583068 [PHY     ] [I] [   991.5] PDCCH: rnti=0x4604 ss_id=2 format=0_1 cce=4 al=4 t=17.1us
2026-04-24T09:23:19.585059 [SCHED   ] [I] [   991.9] Slot decisions pci=1 t=1us (0 PDSCHs, 1 PUSCH, 0 PUCCHs): UL: ue=0 rnti=0x4604 h_id=0 ss_id=2 rb=[0..6) newtx=true rv=0 tbs=544 k2=4
2026-04-24T09:23:19.585593 [SCHED   ] [I] [  991.10] Slot decisions pci=1 t=8us (1 PDSCH, 0 PUSCHs, 0 PUCCHs): DL: ue=0 c-rnti=0x4604 h_id=2 ss_id=2 rb=[0..2) k1=7 newtx=true rv=0 tbs=11 ri=1 dl_bo=0
2026-04-24T09:23:19.585601 [MAC     ] [I] [  991.10] DL PDU: ue=0 rnti=0x4604 size=11: TA_CMD: tag_id=0, ta_cmd=30
2026-04-24T09:23:19.585620 [PHY     ] [I] [  991.10] PDCCH: rnti=0x4604 ss_id=2 format=1_1 cce=0 al=4 t=15.9us
2026-04-24T09:23:19.585636 [PHY     ] [I] [  991.10] PDSCH: rnti=0x4604 h_id=2 k1=7 prb=[0, 2) symb=[2, 14) mod=QPSK rv=0 tbs=11 t=14.3us
2026-04-24T09:23:19.589154 [PHY     ] [I] [   991.9] PUSCH: rnti=0x4604 h_id=0 prb=[0, 6) symb=[0, 14) mod=64QAM rv=0 tbs=544 crc=OK iter=2.0 sinr=26.3dB t=76.1us uci_t=0.0us ret_t=3.0us
2026-04-24T09:23:19.589162 [MAC     ] [I] [  991.17] UL rnti=0x4604 ue=0 subPDUs: [lcid=1: len=3, SBSR: lcg=0 bs=0, SE_PHR: ph=[-7..-6)dB p_cmax=[20..21)dBm, PAD: len=533]
2026-04-24T09:23:19.589164 [RLC     ] [I] du=0 ue=0 SRB1 UL: RX status PDU. ack_sn=1 n_nack=0
2026-04-24T09:23:19.589172 [RLC     ] [I] du=0 ue=0 SRB1 DL: Handled status report. t=3us ack_sn=1 n_nack=0
2026-04-24T09:23:19.593064 [PHY     ] [I] [  991.17] PUCCH: rnti=0x4604 format=1 prb1=2 prb2=na symb=[0, 14) cs=0 occ=0 ack=1 metric=778.9 sinr=14.7dB t=16.0us
2026-04-24T09:23:19.598436 [PHY     ] [I] [   992.8] PUCCH: rnti=0x4604 format=2 prb=[7, 8) prb2=na symb=[8, 10) csi1=1101 sinr=34.8dB t=11.5us
2026-04-24T09:23:19.603120 [PHY     ] [I] [  992.17] PUCCH: rnti=0x4604 format=1 prb1=4 prb2=na symb=[0, 14) cs=0 occ=0 sr=no metric=0.3 sinr=-17.5dB t=29.0us
2026-04-24T09:23:19.618445 [PHY     ] [I] [   994.8] PUCCH: rnti=0x4604 format=2 prb=[7, 8) prb2=na symb=[8, 10) csi1=1101 sinr=33.2dB t=7.2us
2026-04-24T09:23:19.623095 [PHY     ] [I] [  994.17] PUCCH: rnti=0x4604 format=1 prb1=4 prb2=na symb=[0, 14) cs=0 occ=0 sr=no metric=0.3 sinr=-32.4dB t=14.5us
2026-04-24T09:23:19.638483 [PHY     ] [I] [   996.8] PUCCH: rnti=0x4604 format=2 prb=[7, 8) prb2=na symb=[8, 10) csi1=1100 sinr=35.5dB t=28.7us
2026-04-24T09:23:19.643133 [PHY     ] [I] [  996.17] PUCCH: rnti=0x4604 format=1 prb1=4 prb2=na symb=[0, 14) cs=0 occ=0 sr=no metric=0.1 sinr=-21.8dB t=29.9us
2026-04-24T09:23:19.658480 [PHY     ] [I] [   998.8] PUCCH: rnti=0x4604 format=2 prb=[7, 8) prb2=na symb=[8, 10) csi1=1100 sinr=35.8dB t=23.6us
2026-04-24T09:23:19.663106 [PHY     ] [I] [  998.17] PUCCH: rnti=0x4604 format=1 prb1=4 prb2=na symb=[0, 14) cs=0 occ=0 sr=no metric=0.2 sinr=-16.2dB t=28.6us
2026-04-24T09:23:19.678424 [PHY     ] [I] [  1000.8] PUCCH: rnti=0x4604 format=2 prb=[7, 8) prb2=na symb=[8, 10) csi1=1100 sinr=33.4dB t=10.2us
2026-04-24T09:23:19.683127 [PHY     ] [I] [ 1000.17] PUCCH: rnti=0x4604 format=1 prb1=4 prb2=na symb=[0, 14) cs=0 occ=0 sr=no metric=0.1 sinr=-23.7dB t=19.4us
2026-04-24T09:23:19.698416 [PHY     ] [I] [  1002.8] PUCCH: rnti=0x4604 format=2 prb=[7, 8) prb2=na symb=[8, 10) csi1=1100 sinr=35.3dB t=7.7us
2026-04-24T09:23:19.703145 [PHY     ] [I] [ 1002.17] PUCCH: rnti=0x4604 format=1 prb1=4 prb2=na symb=[0, 14) cs=0 occ=0 sr=no metric=0.3 sinr=-20.2dB t=29.8us
2026-04-24T09:23:19.718437 [PHY     ] [I] [  1004.8] PUCCH: rnti=0x4604 format=2 prb=[7, 8) prb2=na symb=[8, 10) csi1=1100 sinr=35.8dB t=20.5us
2026-04-24T09:23:19.723153 [PHY     ] [I] [ 1004.17] PUCCH: rnti=0x4604 format=1 prb1=4 prb2=na symb=[0, 14) cs=0 occ=0 sr=no metric=0.1 sinr=-25.3dB t=24.1us
2026-04-24T09:23:19.738423 [PHY     ] [I] [  1006.8] PUCCH: rnti=0x4604 format=2 prb=[7, 8) prb2=na symb=[8, 10) csi1=1100 sinr=35.8dB t=8.5us
2026-04-24T09:23:19.743075 [PHY     ] [I] [ 1006.17] PUCCH: rnti=0x4604 format=1 prb1=4 prb2=na symb=[0, 14) cs=0 occ=0 sr=no metric=0.1 sinr=-22.5dB t=15.5us
2026-04-24T09:23:19.758440 [PHY     ] [I] [  1008.8] PUCCH: rnti=0x4604 format=2 prb=[7, 8) prb2=na symb=[8, 10) csi1=1100 sinr=36.6dB t=16.6us
2026-04-24T09:23:19.763098 [PHY     ] [I] [ 1008.17] PUCCH: rnti=0x4604 format=1 prb1=4 prb2=na symb=[0, 14) cs=0 occ=0 sr=no metric=0.5 sinr=-21.6dB t=19.2us
2026-04-24T09:23:19.778461 [PHY     ] [I] [  1010.8] PUCCH: rnti=0x4604 format=2 prb=[7, 8) prb2=na symb=[8, 10) csi1=1100 sinr=36.3dB t=16.9us
2026-04-24T09:23:19.783100 [PHY     ] [I] [ 1010.17] PUCCH: rnti=0x4604 format=1 prb1=4 prb2=na symb=[0, 14) cs=0 occ=0 sr=no metric=0.7 sinr=-22.5dB t=20.7us
2026-04-24T09:23:19.798482 [PHY     ] [I] [  1012.8] PUCCH: rnti=0x4604 format=2 prb=[7, 8) prb2=na symb=[8, 10) csi1=1100 sinr=35.8dB t=18.3us
2026-04-24T09:23:19.803087 [PHY     ] [I] [ 1012.17] PUCCH: rnti=0x4604 format=1 prb1=4 prb2=na symb=[0, 14) cs=0 occ=0 sr=no metric=0.1 sinr=-19.6dB t=14.1us
2026-04-24T09:23:19.818468 [PHY     ] [I] [  1014.8] PUCCH: rnti=0x4604 format=2 prb=[7, 8) prb2=na symb=[8, 10) csi1=1100 sinr=33.6dB t=8.8us
2026-04-24T09:23:19.823097 [PHY     ] [I] [ 1014.17] PUCCH: rnti=0x4604 format=1 prb1=4 prb2=na symb=[0, 14) cs=0 occ=0 sr=no metric=0.0 sinr=-26.7dB t=23.6us
2026-04-24T09:23:19.838412 [PHY     ] [I] [  1016.8] PUCCH: rnti=0x4604 format=2 prb=[7, 8) prb2=na symb=[8, 10) csi1=1100 sinr=32.9dB t=24.9us
2026-04-24T09:23:19.843158 [PHY     ] [I] [ 1016.17] PUCCH: rnti=0x4604 format=1 prb1=4 prb2=na symb=[0, 14) cs=0 occ=0 sr=no metric=0.2 sinr=-22.8dB t=34.4us
2026-04-24T09:23:19.858421 [PHY     ] [I] [  1018.8] PUCCH: rnti=0x4604 format=2 prb=[7, 8) prb2=na symb=[8, 10) csi1=1100 sinr=36.8dB t=21.1us
2026-04-24T09:23:19.863117 [PHY     ] [I] [ 1018.17] PUCCH: rnti=0x4604 format=1 prb1=4 prb2=na symb=[0, 14) cs=0 occ=0 sr=no metric=0.3 sinr=-17.4dB t=26.4us
2026-04-24T09:23:19.878432 [PHY     ] [I] [  1020.8] PUCCH: rnti=0x4604 format=2 prb=[7, 8) prb2=na symb=[8, 10) csi1=1100 sinr=34.3dB t=16.1us
2026-04-24T09:23:19.883127 [PHY     ] [I] [ 1020.17] PUCCH: rnti=0x4604 format=1 prb1=4 prb2=na symb=[0, 14) cs=0 occ=0 sr=no metric=0.1 sinr=-20.9dB t=26.2us
2026-04-24T09:23:19.898419 [PHY     ] [I] [  1022.8] PUCCH: rnti=0x4604 format=2 prb=[7, 8) prb2=na symb=[8, 10) csi1=1100 sinr=35.2dB t=7.9us
2026-04-24T09:23:19.903182 [PHY     ] [I] [ 1022.17] PUCCH: rnti=0x4604 format=1 prb1=4 prb2=na symb=[0, 14) cs=0 occ=0 sr=yes metric=765.8 sinr=14.6dB t=17.7us
2026-04-24T09:23:19.907135 [PHY     ] [I] [ 1023.13] PDCCH: rnti=0x4604 ss_id=2 format=0_1 cce=6 al=2 t=14.4us
2026-04-24T09:23:19.909051 [SCHED   ] [I] [ 1023.17] Slot decisions pci=1 t=1us (0 PDSCHs, 1 PUSCH, 0 PUCCHs): UL: ue=0 rnti=0x4604 h_id=0 ss_id=2 rb=[0..6) newtx=true rv=0 tbs=544 k2=4
2026-04-24T09:23:19.913143 [PHY     ] [I] [ 1023.17] PUSCH: rnti=0x4604 h_id=0 prb=[0, 6) symb=[0, 14) mod=64QAM rv=0 tbs=544 crc=OK iter=2.0 sinr=25.6dB t=85.7us uci_t=0.0us ret_t=4.8us
2026-04-24T09:23:19.913157 [MAC     ] [I] [     0.5] UL rnti=0x4604 ue=0 subPDUs: [lcid=1: len=39, SBSR: lcg=0 bs=0, SE_PHR: ph=[-6..-5)dB p_cmax=[20..21)dBm, PAD: len=497]
2026-04-24T09:23:19.913160 [RLC     ] [I] du=0 ue=0 SRB1 UL: RX PDU. pdu_len=39 dc=data p=1 si=full sn=1
2026-04-24T09:23:19.913163 [RLC     ] [I] du=0 ue=0 SRB1 UL: RX SDU. sn=1 sdu_len=37
2026-04-24T09:23:19.913179 [DU-F1   ] [I] Tx PDU du=0 ue=0 cu_ue=3 du_ue=3: ULRRCMessageTransfer
2026-04-24T09:23:19.913187 [CU-CP-F1] [I] Rx PDU du=0 ue=3 cu_ue=3 du_ue=3: ULRRCMessageTransfer
2026-04-24T09:23:19.913191 [PDCP    ] [I] ue=3 SRB1 UL: RX PDU. type=data pdu_len=37 sn=1 count=1
2026-04-24T09:23:19.913195 [PDCP    ] [I] ue=3 SRB1 UL: RX SDU. count=1
2026-04-24T09:23:19.913202 [RRC     ] [I] ue=3 c-rnti=0x4604: DCCH UL ulInformationTransfer
2026-04-24T09:23:19.913214 [NGAP    ] [I] Tx PDU ue=3 ran_ue=3 amf_ue=4: UplinkNASTransport
2026-04-24T09:23:19.913571 [SCHED   ] [I] [     0.6] Slot decisions pci=1 t=25us (1 PDSCH, 0 PUSCHs, 0 PUCCHs): DL: ue=0 c-rnti=0x4604 h_id=2 ss_id=2 rb=[0..2) k1=11 newtx=true rv=0 tbs=60 ri=1 dl_bo=0
2026-04-24T09:23:19.913586 [RLC     ] [I] du=0 ue=0 SRB1 DL: TX status PDU. pdu_len=3 grant_len=4
2026-04-24T09:23:19.913591 [MAC     ] [I] [     0.6] DL PDU: ue=0 rnti=0x4604 size=60: SDU: lcid=1 nof_sdus=1 total_size=5
2026-04-24T09:23:19.913609 [PHY     ] [I] [     0.6] PDCCH: rnti=0x4604 ss_id=2 format=1_1 cce=14 al=2 t=12.9us
2026-04-24T09:23:19.913620 [PHY     ] [I] [     0.6] PDSCH: rnti=0x4604 h_id=2 k1=11 prb=[0, 2) symb=[2, 8) mod=64QAM rv=0 tbs=60 t=21.1us
2026-04-24T09:23:19.916387 [NGAP    ] [I] Rx PDU ue=3 ran_ue=3 amf_ue=4: DownlinkNASTransport
2026-04-24T09:23:19.916397 [RRC     ] [I] ue=3 c-rnti=0x4604: DCCH DL dlInformationTransfer
2026-04-24T09:23:19.916401 [PDCP    ] [I] ue=3 SRB1 DL: TX PDU. type=data pdu_len=28 sn=1 count=1 is_retx=false
2026-04-24T09:23:19.916407 [CU-CP-F1] [I] Tx PDU du=0 ue=3 cu_ue=3 du_ue=3: DLRRCMessageTransfer
2026-04-24T09:23:19.916414 [DU-F1   ] [I] Rx PDU du=0 ue=0 cu_ue=3 du_ue=3: DLRRCMessageTransfer
2026-04-24T09:23:19.916419 [RLC     ] [I] du=0 ue=0 SRB1 DL: TX SDU. sdu_len=28 pdcp_sn=1 is_retx=false queued_sdus=1 queued_bytes=28
2026-04-24T09:23:19.916595 [SCHED   ] [I] [    0.12] Slot decisions pci=1 t=13us (1 PDSCH, 0 PUSCHs, 0 PUCCHs): DL: ue=0 c-rnti=0x4604 h_id=1 ss_id=2 rb=[0..2) k1=5 newtx=true rv=0 tbs=123 ri=1 dl_bo=0
2026-04-24T09:23:19.916609 [RLC     ] [I] du=0 ue=0 SRB1 DL: TX PDU. dc=data p=1 si=full sn=1 pdu_len=30 grant_len=30
2026-04-24T09:23:19.916611 [MAC     ] [I] [    0.12] DL PDU: ue=0 rnti=0x4604 size=123: SDU: lcid=1 nof_sdus=1 total_size=32
2026-04-24T09:23:19.916628 [PHY     ] [I] [    0.12] PDCCH: rnti=0x4604 ss_id=2 format=1_1 cce=4 al=2 t=11.4us
2026-04-24T09:23:19.916646 [PHY     ] [I] [    0.12] PDSCH: rnti=0x4604 h_id=1 k1=5 prb=[0, 2) symb=[2, 14) mod=64QAM rv=0 tbs=123 t=16.3us
2026-04-24T09:23:19.918439 [PHY     ] [I] [     0.8] PUCCH: rnti=0x4604 format=2 prb=[7, 8) prb2=na symb=[8, 10) csi1=1100 sinr=37.0dB t=14.9us
2026-04-24T09:23:19.923088 [PHY     ] [I] [    0.17] PUCCH: rnti=0x4604 format=1 prb1=2 prb2=na symb=[0, 14) cs=0 occ=0 ack=10 metric=813.7 sinr=14.9dB t=20.2us
2026-04-24T09:23:19.923102 [PHY     ] [I] [    0.17] PUCCH: rnti=0x4604 format=1 prb1=4 prb2=na symb=[0, 14) cs=0 occ=0 ack=22 metric=0.0 sinr=-29.2dB t=27.2us
2026-04-24T09:23:19.925640 [SCHED   ] [I] [    1.10] Slot decisions pci=1 t=10us (1 PDSCH, 0 PUSCHs, 0 PUCCHs): DL: ue=0 c-rnti=0x4604 h_id=1 ss_id=2 rb=[0..2) k1=7 newtx=false rv=2 tbs=123
2026-04-24T09:23:19.925668 [PHY     ] [I] [    1.10] PDCCH: rnti=0x4604 ss_id=2 format=1_1 cce=0 al=2 t=13.9us
2026-04-24T09:23:19.925690 [PHY     ] [I] [    1.10] PDSCH: rnti=0x4604 h_id=1 k1=7 prb=[0, 2) symb=[2, 14) mod=64QAM rv=2 tbs=123 t=19.5us
2026-04-24T09:23:19.933058 [PHY     ] [I] [    1.17] PUCCH: rnti=0x4604 format=1 prb1=2 prb2=na symb=[0, 14) cs=0 occ=0 ack=1 metric=779.7 sinr=14.7dB t=13.6us
2026-04-24T09:23:19.938459 [PHY     ] [I] [     2.8] PUCCH: rnti=0x4604 format=2 prb=[7, 8) prb2=na symb=[8, 10) csi1=1101 sinr=29.1dB t=13.7us
2026-04-24T09:23:19.943082 [PHY     ] [I] [    2.17] PUCCH: rnti=0x4604 format=1 prb1=4 prb2=na symb=[0, 14) cs=0 occ=0 sr=yes metric=791.7 sinr=14.8dB t=14.8us
2026-04-24T09:23:19.947047 [PHY     ] [I] [    3.13] PDCCH: rnti=0x4604 ss_id=2 format=0_1 cce=6 al=2 t=10.9us
2026-04-24T09:23:19.949065 [SCHED   ] [I] [    3.17] Slot decisions pci=1 t=2us (0 PDSCHs, 1 PUSCH, 0 PUCCHs): UL: ue=0 rnti=0x4604 h_id=0 ss_id=2 rb=[0..6) newtx=true rv=0 tbs=544 k2=4
2026-04-24T09:23:19.953141 [PHY     ] [I] [    3.17] PUSCH: rnti=0x4604 h_id=0 prb=[0, 6) symb=[0, 14) mod=64QAM rv=0 tbs=544 crc=OK iter=2.0 sinr=24.1dB t=74.9us uci_t=0.0us ret_t=4.1us
2026-04-24T09:23:19.953151 [MAC     ] [I] [     4.5] UL rnti=0x4604 ue=0 subPDUs: [lcid=1: len=3, lcid=1: len=84, SBSR: lcg=0 bs=0, SE_PHR: ph=[-5..-4)dB p_cmax=[20..21)dBm, PAD: len=447]
2026-04-24T09:23:19.953154 [RLC     ] [I] du=0 ue=0 SRB1 UL: RX status PDU. ack_sn=2 n_nack=0
2026-04-24T09:23:19.953155 [RLC     ] [I] du=0 ue=0 SRB1 UL: RX PDU. pdu_len=84 dc=data p=1 si=full sn=2
2026-04-24T09:23:19.953157 [RLC     ] [I] du=0 ue=0 SRB1 UL: RX SDU. sn=2 sdu_len=82
2026-04-24T09:23:19.953164 [RLC     ] [I] du=0 ue=0 SRB1 DL: Handled status report. t=1us ack_sn=2 n_nack=0
2026-04-24T09:23:19.953166 [DU-F1   ] [I] Tx PDU du=0 ue=0 cu_ue=3 du_ue=3: ULRRCMessageTransfer
2026-04-24T09:23:19.953174 [CU-CP-F1] [I] Rx PDU du=0 ue=3 cu_ue=3 du_ue=3: ULRRCMessageTransfer
2026-04-24T09:23:19.953177 [PDCP    ] [I] ue=3 SRB1 UL: RX PDU. type=data pdu_len=82 sn=2 count=2
2026-04-24T09:23:19.953179 [PDCP    ] [I] ue=3 SRB1 UL: RX SDU. count=2
2026-04-24T09:23:19.953184 [RRC     ] [I] ue=3 c-rnti=0x4604: DCCH UL ulInformationTransfer
2026-04-24T09:23:19.953191 [NGAP    ] [I] Tx PDU ue=3 ran_ue=3 amf_ue=4: UplinkNASTransport
2026-04-24T09:23:19.953400 [NGAP    ] [I] Rx PDU ue=3 ran_ue=3 amf_ue=4: DownlinkNASTransport
2026-04-24T09:23:19.953404 [RRC     ] [I] ue=3 c-rnti=0x4604: DCCH DL dlInformationTransfer
2026-04-24T09:23:19.953406 [PDCP    ] [I] ue=3 SRB1 DL: TX PDU. type=data pdu_len=13 sn=2 count=2 is_retx=false
2026-04-24T09:23:19.953409 [CU-CP-F1] [I] Tx PDU du=0 ue=3 cu_ue=3 du_ue=3: DLRRCMessageTransfer
2026-04-24T09:23:19.953412 [DU-F1   ] [I] Rx PDU du=0 ue=0 cu_ue=3 du_ue=3: DLRRCMessageTransfer
2026-04-24T09:23:19.953414 [RLC     ] [I] du=0 ue=0 SRB1 DL: TX SDU. sdu_len=13 pdcp_sn=2 is_retx=false queued_sdus=1 queued_bytes=13
2026-04-24T09:23:19.953477 [NGAP    ] [I] Rx PDU ue=3 ran_ue=3 amf_ue=4: UEContextReleaseCommand
2026-04-24T09:23:19.953486 [PDCP    ] [I] ue=3 SRB1 DL: TX PDU. type=data pdu_len=8 sn=3 count=3 is_retx=false
2026-04-24T09:23:19.953487 [RRC     ] [I] ue=3 c-rnti=0x4604: DCCH DL rrcRelease
2026-04-24T09:23:19.953492 [CU-CP-F1] [I] Tx PDU du=0 ue=3 cu_ue=3 du_ue=3: UEContextReleaseCommand
2026-04-24T09:23:19.953495 [DU-F1   ] [I] Rx PDU du=0 ue=0 cu_ue=3 du_ue=3: UEContextReleaseCommand
2026-04-24T09:23:19.953503 [DU-MNG  ] [I] ue=0: DRB traffic stopped
2026-04-24T09:23:19.953508 [RLC     ] [I] du=0 ue=0 SRB1 DL: TX SDU. sdu_len=8 pdcp_sn=3 is_retx=false queued_sdus=2 queued_bytes=21
2026-04-24T09:23:19.953584 [SCHED   ] [I] [     4.6] Slot decisions pci=1 t=16us (1 PDSCH, 0 PUSCHs, 0 PUCCHs): DL: ue=0 c-rnti=0x4604 h_id=1 ss_id=2 rb=[0..2) k1=11 newtx=true rv=0 tbs=63 ri=1 dl_bo=0
2026-04-24T09:23:19.953595 [RLC     ] [I] du=0 ue=0 SRB1 DL: TX status PDU. pdu_len=3 grant_len=28
2026-04-24T09:23:19.953596 [RLC     ] [I] du=0 ue=0 SRB1 DL: TX PDU. dc=data p=0 si=full sn=2 pdu_len=15 grant_len=23
2026-04-24T09:23:19.953597 [RLC     ] [I] du=0 ue=0 SRB1 DL: TX PDU. dc=data p=0 si=first sn=3 pdu_len=6 grant_len=6
2026-04-24T09:23:19.953598 [MAC     ] [I] [     4.6] DL PDU: ue=0 rnti=0x4604 size=63: SDU: lcid=1 nof_sdus=3 total_size=30
2026-04-24T09:23:19.953606 [PHY     ] [I] [     4.6] PDCCH: rnti=0x4604 ss_id=2 format=1_1 cce=14 al=2 t=10.1us
2026-04-24T09:23:19.953621 [PHY     ] [I] [     4.6] PDSCH: rnti=0x4604 h_id=1 k1=11 prb=[0, 2) symb=[2, 8) mod=64QAM rv=0 tbs=63 t=17.6us
2026-04-24T09:23:19.955561 [SCHED   ] [I] [    4.10] Slot decisions pci=1 t=12us (1 PDSCH, 0 PUSCHs, 0 PUCCHs): DL: ue=0 c-rnti=0x4604 h_id=2 ss_id=2 rb=[0..2) k1=7 newtx=true rv=0 tbs=133 ri=1 dl_bo=0
2026-04-24T09:23:19.955574 [RLC     ] [I] du=0 ue=0 SRB1 DL: TX PDU. dc=data p=1 si=last sn=3 so=4 pdu_len=8 grant_len=8
2026-04-24T09:23:19.955576 [MAC     ] [I] [    4.10] DL PDU: ue=0 rnti=0x4604 size=133: SDU: lcid=1 nof_sdus=1 total_size=10
2026-04-24T09:23:19.955590 [PHY     ] [I] [    4.10] PDCCH: rnti=0x4604 ss_id=2 format=1_1 cce=0 al=2 t=8.8us
2026-04-24T09:23:19.955611 [PHY     ] [I] [    4.10] PDSCH: rnti=0x4604 h_id=2 k1=7 prb=[0, 2) symb=[2, 14) mod=64QAM rv=0 tbs=133 t=19.9us
2026-04-24T09:23:19.958452 [PHY     ] [I] [     4.8] PUCCH: rnti=0x4604 format=2 prb=[7, 8) prb2=na symb=[8, 10) csi1=1101 sinr=32.6dB t=10.9us
2026-04-24T09:23:19.963093 [PHY     ] [I] [    4.17] PUCCH: rnti=0x4604 format=1 prb1=4 prb2=na symb=[0, 14) cs=0 occ=0 ack=22 metric=0.4 sinr=-25.1dB t=14.8us
2026-04-24T09:23:19.963093 [PHY     ] [I] [    4.17] PUCCH: rnti=0x4604 format=1 prb1=2 prb2=na symb=[0, 14) cs=0 occ=0 ack=10 metric=833.4 sinr=15.0dB t=14.3us
2026-04-24T09:23:19.965520 [SCHED   ] [I] [    5.10] Slot decisions pci=1 t=8us (1 PDSCH, 0 PUSCHs, 0 PUCCHs): DL: ue=0 c-rnti=0x4604 h_id=2 ss_id=2 rb=[0..2) k1=7 newtx=false rv=2 tbs=133
2026-04-24T09:23:19.965545 [PHY     ] [I] [    5.10] PDCCH: rnti=0x4604 ss_id=2 format=1_1 cce=0 al=2 t=11.2us
2026-04-24T09:23:19.965559 [PHY     ] [I] [    5.10] PDSCH: rnti=0x4604 h_id=2 k1=7 prb=[0, 2) symb=[2, 14) mod=64QAM rv=2 tbs=133 t=21.2us
2026-04-24T09:23:19.973090 [PHY     ] [I] [    5.17] PUCCH: rnti=0x4604 format=1 prb1=2 prb2=na symb=[0, 14) cs=0 occ=0 ack=1 metric=788.2 sinr=14.7dB t=14.5us
2026-04-24T09:23:19.978468 [PHY     ] [I] [     6.8] PUCCH: rnti=0x4604 format=2 prb=[7, 8) prb2=na symb=[8, 10) csi1=1101 sinr=32.4dB t=11.1us
2026-04-24T09:23:19.983104 [PHY     ] [I] [    6.17] PUCCH: rnti=0x4604 format=1 prb1=4 prb2=na symb=[0, 14) cs=0 occ=0 sr=yes metric=775.3 sinr=14.6dB t=13.1us
2026-04-24T09:23:19.987075 [PHY     ] [I] [    7.13] PDCCH: rnti=0x4604 ss_id=2 format=0_1 cce=6 al=2 t=11.9us
2026-04-24T09:23:19.989079 [SCHED   ] [I] [    7.17] Slot decisions pci=1 t=4us (0 PDSCHs, 1 PUSCH, 0 PUCCHs): UL: ue=0 rnti=0x4604 h_id=0 ss_id=2 rb=[0..6) newtx=true rv=0 tbs=544 k2=4
2026-04-24T09:23:19.993171 [PHY     ] [I] [    7.17] PUSCH: rnti=0x4604 h_id=0 prb=[0, 6) symb=[0, 14) mod=64QAM rv=0 tbs=544 crc=OK iter=2.0 sinr=24.9dB t=90.8us uci_t=0.0us ret_t=5.3us
2026-04-24T09:23:19.993185 [MAC     ] [I] [     8.5] UL rnti=0x4604 ue=0 subPDUs: [lcid=1: len=3, SBSR: lcg=0 bs=0, SE_PHR: ph=[-5..-4)dB p_cmax=[20..21)dBm, PAD: len=533]
2026-04-24T09:23:19.993188 [RLC     ] [I] du=0 ue=0 SRB1 UL: RX status PDU. ack_sn=4 n_nack=0
2026-04-24T09:23:19.993198 [RLC     ] [I] du=0 ue=0 SRB1 DL: Handled status report. t=5us ack_sn=4 n_nack=0
2026-04-24T09:23:19.993210 [DU-MNG  ] [I] ue=0 proc="UE Delete": Procedure started....
2026-04-24T09:23:19.993218 [DU-MNG  ] [I] ue=0: SRB and DRB traffic stopped
2026-04-24T09:23:19.993222 [DU-F1   ] [I] ue=0 c-rnti=0x4604 du_ue=3 cu_ue=3: F1 UE context removed.
2026-04-24T09:23:19.998508 [PHY     ] [I] [     8.8] PUCCH: rnti=0x4604 format=2 prb=[7, 8) prb2=na symb=[8, 10) csi1=2222 sinr=-2.2dB t=21.4us
2026-04-24T09:23:20.003107 [PHY     ] [I] [    8.17] PUCCH: rnti=0x4604 format=1 prb1=4 prb2=na symb=[0, 14) cs=0 occ=0 sr=no metric=0.7 sinr=-13.8dB t=19.2us
2026-04-24T09:23:20.009559 [MAC     ] [I] [    9.18] ue=0 crnti=0x4604 proc="MAC UE Removal": finished successfully
2026-04-24T09:23:20.069555 [DU-MNG  ] [I] ue=0 proc="UE Delete": Procedure finished successfully.
2026-04-24T09:23:20.069562 [DU-F1   ] [I] Tx PDU du=0 cu_ue=3 du_ue=3: UEContextReleaseComplete
2026-04-24T09:23:20.069594 [CU-CP-F1] [I] Rx PDU du=0 ue=3 cu_ue=3 du_ue=3: UEContextReleaseComplete
2026-04-24T09:23:20.069640 [CU-CP   ] [I] ue=3: "UE Removal Routine" finished successfully
2026-04-24T09:23:20.069653 [NGAP    ] [I] Tx PDU ran_ue=3 amf_ue=4: UEContextReleaseComplete
2026-04-24T09:23:30.024279 [PHY     ] [I] [ 1010.19] PRACH: rsi=1 rssi=-43.7dB detected_preambles=[{idx=33 ta=7.42us detection_metric=81.6 power_dB=-43.91}] t=149.8us
2026-04-24T09:23:30.024663 [SCHED   ] [I] [  1011.8] Processed slot events pci=1: prach(ra-rnti=0x10b preamble=33 tc-rnti=0x4605)
2026-04-24T09:23:30.025606 [SCHED   ] [I] [ 1011.10] Slot decisions pci=1 t=1us (1 PDSCH, 0 PUSCHs, 0 PUCCHs): RAR: ra-rnti=0x10b rb=[0..3) tbs=9
2026-04-24T09:23:30.025636 [PHY     ] [I] [ 1011.10] PDSCH: rnti=0x010b prb=[0, 3) symb=[2, 14) mod=QPSK rv=0 tbs=9 t=18.1us
2026-04-24T09:23:30.025644 [PHY     ] [I] [ 1011.10] PDCCH: rnti=0x010b ss_id=1 format=1_0 cce=0 al=4 t=19.2us
2026-04-24T09:23:30.029141 [SCHED   ] [I] [ 1011.17] Slot decisions pci=1 t=1us (0 PDSCHs, 1 PUSCH, 0 PUCCHs): UL: ue=1024 rnti=0x4605 h_id=0 ss_id=1 rb=[8..11) newtx=true rv=0 tbs=11 msg3_delay=7
2026-04-24T09:23:30.033216 [PHY     ] [I] [ 1011.17] PUSCH: rnti=0x4605 h_id=0 prb=[8, 11) symb=[0, 14) mod=QPSK rv=0 tbs=11 crc=OK iter=1.0 sinr=28.0dB t=76.1us uci_t=0.0us ret_t=6.0us
2026-04-24T09:23:30.033231 [MAC     ] [I] [  1012.5] UL rnti=0x4605 subPDUs: [CCCH48: len=6, SE_PHR: ph=[-7..-6)dB p_cmax=[25..26)dBm, PAD: len=0]
2026-04-24T09:23:30.033240 [DU-MNG  ] [I] ue=0 rnti=0x4605 proc="UE Create": Procedure started....
2026-04-24T09:23:30.033353 [DU-F1   ] [I] ue=0 c-rnti=0x4605 du_ue=4: F1 UE context created successfully.
2026-04-24T09:23:30.033371 [RLC     ] [I] du=0 ue=0 SRB0 DL: RLC TM created. queue_size=8
2026-04-24T09:23:30.033373 [RLC     ] [I] du=0 ue=0 SRB0 UL: RLC TM created. 
2026-04-24T09:23:30.033395 [RLC     ] [I] du=0 ue=0 SRB1 DL: RLC AM configured. tx_sn_size=12 pdcp_sn_len=12 t_poll_retx=45 max_retx=8 poll_pdu=-1 poll_byte=-1 queue_size=32 queue_size_bytes=64000 max_window=0
2026-04-24T09:23:30.033414 [RLC     ] [I] du=0 ue=0 SRB1 UL: RLC AM configured. rx_sn_size=12 t_reassembly=35 t_status_prohibit=0 max_sn_per_status={na}
2026-04-24T09:23:30.034150 [MAC     ] [I] [  1012.7] ue=0 crnti=0x4605 proc="MAC UE Creation": finished successfully
2026-04-24T09:23:30.034156 [DU-MNG  ] [I] ue=0 rnti=0x4605 proc="UE Create": Procedure finished successfully.
2026-04-24T09:23:30.034160 [RLC     ] [I] du=0 ue=0 SRB0 UL: RX SDU. sdu_len=6
2026-04-24T09:23:30.034173 [DU-F1   ] [I] Tx PDU du=0 tid=5 ue=0 du_ue=4: InitialULRRCMessageTransfer
2026-04-24T09:23:30.034186 [CU-CP-F1] [I] Rx PDU du=0 tid=5 du_ue=4: InitialULRRCMessageTransfer
2026-04-24T09:23:30.034201 [CU-UEMNG] [I] ue=4 du_index=0 gnb_du_id=0 pci=1 rnti=0x4605 pcell_index=0: Created new CU-CP UE
2026-04-24T09:23:30.034264 [CU-CP   ] [I] ue=4 c-rnti=0x4605: UE created
2026-04-24T09:23:30.034269 [CU-CP-F1] [I] ue=4 du_ue=4 cu_ue=4: Added UE context
2026-04-24T09:23:30.034275 [RRC     ] [I] ue=4 c-rnti=0x4605: CCCH UL rrcSetupRequest
2026-04-24T09:23:30.034297 [PDCP    ] [I] ue=4 SRB1 DL: PDCP configured. rb_type=SRB rlc_mode=AM sn_size=12 discard_timer=infinity count_notify=3221225472 count_max=4294967294 warn_on_drop=false test_mode=false
2026-04-24T09:23:30.034316 [PDCP    ] [I] ue=4 SRB1 UL: PDCP configured. rb_type=SRB rlc_mode=AM sn_size=12 t_reordering=infinity count_notify=3221225472 count_max=4294967294
2026-04-24T09:23:30.034329 [RRC     ] [I] ue=4 c-rnti=0x4605: CCCH DL rrcSetup
2026-04-24T09:23:30.034333 [CU-CP-F1] [I] Tx PDU du=0 ue=4 cu_ue=4 du_ue=4: DLRRCMessageTransfer
2026-04-24T09:23:30.034339 [DU-F1   ] [I] Rx PDU du=0 ue=0 cu_ue=4 du_ue=4: DLRRCMessageTransfer
2026-04-24T09:23:30.034343 [RLC     ] [I] du=0 ue=0 SRB0 DL: TX SDU. sdu_len=301 queued_sdus=1 queued_bytes=301
2026-04-24T09:23:30.035628 [SCHED   ] [I] [ 1012.10] Slot decisions pci=1 t=12us (1 PDSCH, 0 PUSCHs, 0 PUCCHs): DL: ue=0 c-rnti=0x4605 h_id=0 ss_id=1 rb=[0..23) k1=7 newtx=true rv=0 tbs=317 ri=1 dl_bo=0
2026-04-24T09:23:30.035643 [RLC     ] [I] du=0 ue=0 SRB0 DL: TX PDU. pdu_len=301 grant_len=301
2026-04-24T09:23:30.035646 [MAC     ] [I] [ 1012.10] DL PDU: ue=0 rnti=0x4605 size=317: CON_RES: id=1664804c666, SDU: lcid=0 nof_sdus=1 total_size=304
2026-04-24T09:23:30.035668 [PHY     ] [I] [ 1012.10] PDCCH: rnti=0x4605 ss_id=1 format=1_0 cce=0 al=4 t=17.7us
2026-04-24T09:23:30.035693 [PHY     ] [I] [ 1012.10] PDSCH: rnti=0x4605 h_id=0 k1=7 prb=[0, 23) symb=[2, 14) mod=QPSK rv=0 tbs=317 t=23.7us
2026-04-24T09:23:30.038578 [PHY     ] [I] [  1012.8] PUCCH: rnti=0x4605 format=2 prb=[7, 8) prb2=na symb=[10, 12) csi1=2222 sinr=-4.2dB t=27.4us
2026-04-24T09:23:30.043191 [PHY     ] [I] [ 1012.17] PUCCH: rnti=0x4605 format=1 prb1=0 prb2=50 symb=[0, 14) cs=0 occ=0 ack=1 metric=2219.5 sinr=21.6dB t=35.1us
2026-04-24T09:23:30.043730 [PHY     ] [I] [ 1012.18] PUCCH: rnti=0x4605 format=1 prb1=4 prb2=na symb=[0, 14) cs=0 occ=0 sr=no metric=0.6 sinr=-15.3dB t=32.0us
2026-04-24T09:23:30.058594 [PHY     ] [I] [  1014.8] PUCCH: rnti=0x4605 format=2 prb=[7, 8) prb2=na symb=[10, 12) csi1=2222 sinr=-5.6dB t=19.3us
2026-04-24T09:23:30.063615 [PHY     ] [I] [ 1014.18] PUCCH: rnti=0x4605 format=1 prb1=4 prb2=na symb=[0, 14) cs=0 occ=0 sr=yes metric=1006.0 sinr=15.8dB t=14.6us
2026-04-24T09:23:30.067171 [PHY     ] [I] [ 1015.13] PDCCH: rnti=0x4605 ss_id=1 format=0_0 cce=0 al=4 t=17.7us
2026-04-24T09:23:30.069090 [SCHED   ] [I] [ 1015.17] Slot decisions pci=1 t=1us (0 PDSCHs, 1 PUSCH, 0 PUCCHs): UL: ue=0 rnti=0x4605 h_id=0 ss_id=1 rb=[8..32) newtx=true rv=0 tbs=528 k2=4
2026-04-24T09:23:30.073260 [PHY     ] [I] [ 1015.17] PUSCH: rnti=0x4605 h_id=0 prb=[8, 32) symb=[0, 14) mod=QPSK rv=0 tbs=528 crc=OK iter=2.0 sinr=25.1dB t=103.7us uci_t=0.0us ret_t=2.7us
2026-04-24T09:23:30.073266 [MAC     ] [I] [  1016.5] UL rnti=0x4605 ue=0 subPDUs: [lcid=1: len=93, SBSR: lcg=0 bs=0, SE_PHR: ph=[-21..-20)dB p_cmax=[23..24)dBm, PAD: len=427]
2026-04-24T09:23:30.073269 [RLC     ] [I] du=0 ue=0 SRB1 UL: RX PDU. pdu_len=93 dc=data p=1 si=full sn=0
2026-04-24T09:23:30.073272 [RLC     ] [I] du=0 ue=0 SRB1 UL: RX SDU. sn=0 sdu_len=91
2026-04-24T09:23:30.073283 [DU-F1   ] [I] Tx PDU du=0 ue=0 cu_ue=4 du_ue=4: ULRRCMessageTransfer
2026-04-24T09:23:30.073289 [CU-CP-F1] [I] Rx PDU du=0 ue=4 cu_ue=4 du_ue=4: ULRRCMessageTransfer
2026-04-24T09:23:30.073293 [PDCP    ] [I] ue=4 SRB1 UL: RX PDU. type=data pdu_len=91 sn=0 count=0
2026-04-24T09:23:30.073295 [PDCP    ] [I] ue=4 SRB1 UL: RX SDU. count=0
2026-04-24T09:23:30.073303 [RRC     ] [I] ue=4 c-rnti=0x4605: DCCH UL rrcSetupComplete
2026-04-24T09:23:30.073326 [NGAP    ] [I] Tx PDU ue=4 ran_ue=4: InitialUEMessage
2026-04-24T09:23:30.073637 [SCHED   ] [I] [  1016.6] Slot decisions pci=1 t=32us (1 PDSCH, 0 PUSCHs, 0 PUCCHs): DL: ue=0 c-rnti=0x4605 h_id=0 ss_id=2 rb=[0..2) k1=11 newtx=true rv=0 tbs=5 ri=1 dl_bo=5
2026-04-24T09:23:30.073652 [MAC     ] [I] [  1016.6] DL PDU: ue=0 rnti=0x4605 size=5: 
2026-04-24T09:23:30.073678 [PHY     ] [I] [  1016.6] PDCCH: rnti=0x4605 ss_id=2 format=1_1 cce=8 al=4 t=20.8us
2026-04-24T09:23:30.073702 [PHY     ] [I] [  1016.6] PDSCH: rnti=0x4605 h_id=0 k1=11 prb=[0, 2) symb=[2, 8) mod=QPSK rv=0 tbs=5 t=20.1us
2026-04-24T09:23:30.075570 [NGAP    ] [I] Rx PDU ue=4 ran_ue=4 amf_ue=5: DownlinkNASTransport
2026-04-24T09:23:30.075583 [RRC     ] [I] ue=4 c-rnti=0x4605: DCCH DL dlInformationTransfer
2026-04-24T09:23:30.075588 [PDCP    ] [I] ue=4 SRB1 DL: TX PDU. type=data pdu_len=51 sn=0 count=0 is_retx=false
2026-04-24T09:23:30.075593 [CU-CP-F1] [I] Tx PDU du=0 ue=4 cu_ue=4 du_ue=4: DLRRCMessageTransfer
2026-04-24T09:23:30.075597 [DU-F1   ] [I] Rx PDU du=0 ue=0 cu_ue=4 du_ue=4: DLRRCMessageTransfer
2026-04-24T09:23:30.075602 [RLC     ] [I] du=0 ue=0 SRB1 DL: TX SDU. sdu_len=51 pdcp_sn=0 is_retx=false queued_sdus=1 queued_bytes=51
2026-04-24T09:23:30.075648 [SCHED   ] [I] [ 1016.10] Slot decisions pci=1 t=16us (1 PDSCH, 0 PUSCHs, 0 PUCCHs): DL: ue=0 c-rnti=0x4605 h_id=1 ss_id=2 rb=[0..10) k1=7 newtx=true rv=0 tbs=60 ri=1 dl_bo=0
2026-04-24T09:23:30.075658 [RLC     ] [I] du=0 ue=0 SRB1 DL: TX status PDU. pdu_len=3 grant_len=56
2026-04-24T09:23:30.075662 [RLC     ] [I] du=0 ue=0 SRB1 DL: TX PDU. dc=data p=0 si=first sn=0 pdu_len=51 grant_len=51
2026-04-24T09:23:30.075664 [MAC     ] [I] [ 1016.10] DL PDU: ue=0 rnti=0x4605 size=60: TA_CMD: tag_id=0, ta_cmd=30, SDU: lcid=1 nof_sdus=2 total_size=58
2026-04-24T09:23:30.075680 [PHY     ] [I] [ 1016.10] PDCCH: rnti=0x4605 ss_id=2 format=1_1 cce=4 al=4 t=19.4us
2026-04-24T09:23:30.075701 [PHY     ] [I] [ 1016.10] PDSCH: rnti=0x4605 h_id=1 k1=7 prb=[0, 10) symb=[2, 14) mod=QPSK rv=0 tbs=60 t=30.4us
2026-04-24T09:23:30.076117 [SCHED   ] [I] [ 1016.11] Slot decisions pci=1 t=11us (1 PDSCH, 0 PUSCHs, 0 PUCCHs): DL: ue=0 c-rnti=0x4605 h_id=2 ss_id=2 rb=[0..2) k1=6 newtx=true rv=0 tbs=11 ri=1 dl_bo=0
2026-04-24T09:23:30.076124 [RLC     ] [I] du=0 ue=0 SRB1 DL: TX PDU. dc=data p=1 si=last sn=0 so=49 pdu_len=6 grant_len=9
2026-04-24T09:23:30.076125 [MAC     ] [I] [ 1016.11] DL PDU: ue=0 rnti=0x4605 size=11: SDU: lcid=1 nof_sdus=1 total_size=8
2026-04-24T09:23:30.076147 [PHY     ] [I] [ 1016.11] PDCCH: rnti=0x4605 ss_id=2 format=1_1 cce=12 al=4 t=17.5us
2026-04-24T09:23:30.076168 [PHY     ] [I] [ 1016.11] PDSCH: rnti=0x4605 h_id=2 k1=6 prb=[0, 2) symb=[2, 14) mod=QPSK rv=0 tbs=11 t=18.8us
2026-04-24T09:23:30.078580 [PHY     ] [I] [  1016.8] PUCCH: rnti=0x4605 format=2 prb=[7, 8) prb2=na symb=[10, 12) csi1=1011 sinr=34.5dB t=20.1us
2026-04-24T09:23:30.082744 [PHY     ] [I] [ 1016.17] PUCCH: rnti=0x4605 format=2 prb=[6, 7) prb2=na symb=[0, 2) ack=111 sinr=33.4dB t=7.8us
2026-04-24T09:23:30.083646 [PHY     ] [I] [ 1016.18] PUCCH: rnti=0x4605 format=1 prb1=4 prb2=na symb=[0, 14) cs=0 occ=0 sr=yes metric=485.6 sinr=12.6dB t=20.7us
2026-04-24T09:23:30.087188 [PHY     ] [I] [ 1017.13] PDCCH: rnti=0x4605 ss_id=2 format=0_1 cce=14 al=2 t=10.2us
2026-04-24T09:23:30.089103 [SCHED   ] [I] [ 1017.17] Slot decisions pci=1 t=1us (0 PDSCHs, 1 PUSCH, 0 PUCCHs): UL: ue=0 rnti=0x4605 h_id=0 ss_id=2 rb=[0..6) newtx=true rv=0 tbs=544 k2=4
2026-04-24T09:23:30.093246 [PHY     ] [I] [ 1017.17] PUSCH: rnti=0x4605 h_id=0 prb=[0, 6) symb=[0, 14) mod=64QAM rv=0 tbs=544 crc=OK iter=2.0 sinr=28.9dB t=68.8us uci_t=0.0us ret_t=3.3us
2026-04-24T09:23:30.093254 [MAC     ] [I] [  1018.5] UL rnti=0x4605 ue=0 subPDUs: [lcid=1: len=3, SBSR: lcg=0 bs=0, SE_PHR: ph=[-16..-15)dB p_cmax=[23..24)dBm, PAD: len=533]
2026-04-24T09:23:30.093257 [RLC     ] [I] du=0 ue=0 SRB1 UL: RX status PDU. ack_sn=1 n_nack=0
2026-04-24T09:23:30.093264 [RLC     ] [I] du=0 ue=0 SRB1 DL: Handled status report. t=3us ack_sn=1 n_nack=0
2026-04-24T09:23:30.098580 [PHY     ] [I] [  1018.8] PUCCH: rnti=0x4605 format=2 prb=[7, 8) prb2=na symb=[10, 12) csi1=1011 sinr=32.6dB t=9.3us
2026-04-24T09:23:30.103666 [PHY     ] [I] [ 1018.18] PUCCH: rnti=0x4605 format=1 prb1=4 prb2=na symb=[0, 14) cs=0 occ=0 sr=no metric=0.2 sinr=-21.3dB t=28.6us
2026-04-24T09:23:30.118585 [PHY     ] [I] [  1020.8] PUCCH: rnti=0x4605 format=2 prb=[7, 8) prb2=na symb=[10, 12) csi1=1011 sinr=35.0dB t=16.2us
2026-04-24T09:23:30.123667 [PHY     ] [I] [ 1020.18] PUCCH: rnti=0x4605 format=1 prb1=4 prb2=na symb=[0, 14) cs=0 occ=0 sr=no metric=0.3 sinr=-18.1dB t=21.7us
2026-04-24T09:23:30.138633 [PHY     ] [I] [  1022.8] PUCCH: rnti=0x4605 format=2 prb=[7, 8) prb2=na symb=[10, 12) csi1=1011 sinr=36.9dB t=37.8us
2026-04-24T09:23:30.143729 [PHY     ] [I] [ 1022.18] PUCCH: rnti=0x4605 format=1 prb1=4 prb2=na symb=[0, 14) cs=0 occ=0 sr=no metric=0.2 sinr=-26.7dB t=41.3us
2026-04-24T09:23:30.158634 [PHY     ] [I] [     0.8] PUCCH: rnti=0x4605 format=2 prb=[7, 8) prb2=na symb=[10, 12) csi1=1011 sinr=34.1dB t=26.6us
2026-04-24T09:23:30.163688 [PHY     ] [I] [    0.18] PUCCH: rnti=0x4605 format=1 prb1=4 prb2=na symb=[0, 14) cs=0 occ=0 sr=no metric=0.6 sinr=-18.6dB t=27.8us
2026-04-24T09:23:30.178544 [PHY     ] [I] [     2.8] PUCCH: rnti=0x4605 format=2 prb=[7, 8) prb2=na symb=[10, 12) csi1=1011 sinr=37.5dB t=18.4us
2026-04-24T09:23:30.183703 [PHY     ] [I] [    2.18] PUCCH: rnti=0x4605 format=1 prb1=4 prb2=na symb=[0, 14) cs=0 occ=0 sr=no metric=0.2 sinr=-24.7dB t=28.7us
2026-04-24T09:23:30.198558 [PHY     ] [I] [     4.8] PUCCH: rnti=0x4605 format=2 prb=[7, 8) prb2=na symb=[10, 12) csi1=1011 sinr=36.4dB t=16.2us
2026-04-24T09:23:30.203735 [PHY     ] [I] [    4.18] PUCCH: rnti=0x4605 format=1 prb1=4 prb2=na symb=[0, 14) cs=0 occ=0 sr=no metric=1.0 sinr=-15.8dB t=34.3us
2026-04-24T09:23:30.218592 [PHY     ] [I] [     6.8] PUCCH: rnti=0x4605 format=2 prb=[7, 8) prb2=na symb=[10, 12) csi1=1011 sinr=37.4dB t=27.9us
2026-04-24T09:23:30.223650 [PHY     ] [I] [    6.18] PUCCH: rnti=0x4605 format=1 prb1=4 prb2=na symb=[0, 14) cs=0 occ=0 sr=no metric=0.6 sinr=-14.1dB t=35.0us
2026-04-24T09:23:30.238591 [PHY     ] [I] [     8.8] PUCCH: rnti=0x4605 format=2 prb=[7, 8) prb2=na symb=[10, 12) csi1=1011 sinr=36.0dB t=22.0us
2026-04-24T09:23:30.243634 [PHY     ] [I] [    8.18] PUCCH: rnti=0x4605 format=1 prb1=4 prb2=na symb=[0, 14) cs=0 occ=0 sr=no metric=0.1 sinr=-25.8dB t=17.0us
2026-04-24T09:23:30.258599 [PHY     ] [I] [    10.8] PUCCH: rnti=0x4605 format=2 prb=[7, 8) prb2=na symb=[10, 12) csi1=1011 sinr=37.8dB t=12.1us
2026-04-24T09:23:30.263627 [PHY     ] [I] [   10.18] PUCCH: rnti=0x4605 format=1 prb1=4 prb2=na symb=[0, 14) cs=0 occ=0 sr=no metric=0.1 sinr=-36.8dB t=13.9us
2026-04-24T09:23:30.278579 [PHY     ] [I] [    12.8] PUCCH: rnti=0x4605 format=2 prb=[7, 8) prb2=na symb=[10, 12) csi1=1011 sinr=36.8dB t=16.0us
2026-04-24T09:23:30.283696 [PHY     ] [I] [   12.18] PUCCH: rnti=0x4605 format=1 prb1=4 prb2=na symb=[0, 14) cs=0 occ=0 sr=no metric=0.2 sinr=-20.4dB t=27.2us
2026-04-24T09:23:30.298621 [PHY     ] [I] [    14.8] PUCCH: rnti=0x4605 format=2 prb=[7, 8) prb2=na symb=[10, 12) csi1=1011 sinr=37.4dB t=14.5us
2026-04-24T09:23:30.303669 [PHY     ] [I] [   14.18] PUCCH: rnti=0x4605 format=1 prb1=4 prb2=na symb=[0, 14) cs=0 occ=0 sr=no metric=0.2 sinr=-22.3dB t=19.2us
2026-04-24T09:23:30.318627 [PHY     ] [I] [    16.8] PUCCH: rnti=0x4605 format=2 prb=[7, 8) prb2=na symb=[10, 12) csi1=1011 sinr=39.2dB t=11.1us
2026-04-24T09:23:30.323661 [PHY     ] [I] [   16.18] PUCCH: rnti=0x4605 format=1 prb1=4 prb2=na symb=[0, 14) cs=0 occ=0 sr=no metric=0.4 sinr=-17.8dB t=13.8us
2026-04-24T09:23:30.338606 [PHY     ] [I] [    18.8] PUCCH: rnti=0x4605 format=2 prb=[7, 8) prb2=na symb=[10, 12) csi1=1011 sinr=35.4dB t=11.8us
2026-04-24T09:23:30.343687 [PHY     ] [I] [   18.18] PUCCH: rnti=0x4605 format=1 prb1=4 prb2=na symb=[0, 14) cs=0 occ=0 sr=no metric=0.1 sinr=-23.6dB t=12.6us
2026-04-24T09:23:30.358541 [PHY     ] [I] [    20.8] PUCCH: rnti=0x4605 format=2 prb=[7, 8) prb2=na symb=[10, 12) csi1=1011 sinr=37.2dB t=7.1us
2026-04-24T09:23:30.363705 [PHY     ] [I] [   20.18] PUCCH: rnti=0x4605 format=1 prb1=4 prb2=na symb=[0, 14) cs=0 occ=0 sr=no metric=0.2 sinr=-24.3dB t=19.6us
2026-04-24T09:23:30.378545 [PHY     ] [I] [    22.8] PUCCH: rnti=0x4605 format=2 prb=[7, 8) prb2=na symb=[10, 12) csi1=1011 sinr=37.5dB t=7.5us
2026-04-24T09:23:30.383684 [PHY     ] [I] [   22.18] PUCCH: rnti=0x4605 format=1 prb1=4 prb2=na symb=[0, 14) cs=0 occ=0 sr=no metric=0.4 sinr=-18.3dB t=15.6us
2026-04-24T09:23:30.398576 [PHY     ] [I] [    24.8] PUCCH: rnti=0x4605 format=2 prb=[7, 8) prb2=na symb=[10, 12) csi1=1011 sinr=36.2dB t=15.0us
2026-04-24T09:23:30.403634 [PHY     ] [I] [   24.18] PUCCH: rnti=0x4605 format=1 prb1=4 prb2=na symb=[0, 14) cs=0 occ=0 sr=yes metric=766.0 sinr=14.6dB t=18.8us
2026-04-24T09:23:30.407174 [PHY     ] [I] [   25.13] PDCCH: rnti=0x4605 ss_id=2 format=0_1 cce=14 al=2 t=12.7us
2026-04-24T09:23:30.409086 [SCHED   ] [I] [   25.17] Slot decisions pci=1 t=1us (0 PDSCHs, 1 PUSCH, 0 PUCCHs): UL: ue=0 rnti=0x4605 h_id=0 ss_id=2 rb=[0..6) newtx=true rv=0 tbs=544 k2=4
2026-04-24T09:23:30.413255 [PHY     ] [I] [   25.17] PUSCH: rnti=0x4605 h_id=0 prb=[0, 6) symb=[0, 14) mod=64QAM rv=0 tbs=544 crc=OK iter=2.0 sinr=28.5dB t=89.4us uci_t=0.0us ret_t=5.7us
2026-04-24T09:23:30.413272 [MAC     ] [I] [    26.5] UL rnti=0x4605 ue=0 subPDUs: [lcid=1: len=39, SBSR: lcg=0 bs=0, SE_PHR: ph=[-16..-15)dB p_cmax=[23..24)dBm, PAD: len=497]
2026-04-24T09:23:30.413276 [RLC     ] [I] du=0 ue=0 SRB1 UL: RX PDU. pdu_len=39 dc=data p=1 si=full sn=1
2026-04-24T09:23:30.413279 [RLC     ] [I] du=0 ue=0 SRB1 UL: RX SDU. sn=1 sdu_len=37
2026-04-24T09:23:30.413294 [DU-F1   ] [I] Tx PDU du=0 ue=0 cu_ue=4 du_ue=4: ULRRCMessageTransfer
2026-04-24T09:23:30.413302 [CU-CP-F1] [I] Rx PDU du=0 ue=4 cu_ue=4 du_ue=4: ULRRCMessageTransfer
2026-04-24T09:23:30.413307 [PDCP    ] [I] ue=4 SRB1 UL: RX PDU. type=data pdu_len=37 sn=1 count=1
2026-04-24T09:23:30.413309 [PDCP    ] [I] ue=4 SRB1 UL: RX SDU. count=1
2026-04-24T09:23:30.413318 [RRC     ] [I] ue=4 c-rnti=0x4605: DCCH UL ulInformationTransfer
2026-04-24T09:23:30.413331 [NGAP    ] [I] Tx PDU ue=4 ran_ue=4 amf_ue=5: UplinkNASTransport
2026-04-24T09:23:30.413623 [SCHED   ] [I] [    26.6] Slot decisions pci=1 t=26us (1 PDSCH, 0 PUSCHs, 0 PUCCHs): DL: ue=0 c-rnti=0x4605 h_id=2 ss_id=2 rb=[0..2) k1=11 newtx=true rv=0 tbs=51 ri=1 dl_bo=0
2026-04-24T09:23:30.413643 [RLC     ] [I] du=0 ue=0 SRB1 DL: TX status PDU. pdu_len=3 grant_len=4
2026-04-24T09:23:30.413646 [MAC     ] [I] [    26.6] DL PDU: ue=0 rnti=0x4605 size=51: SDU: lcid=1 nof_sdus=1 total_size=5
2026-04-24T09:23:30.413657 [PHY     ] [I] [    26.6] PDCCH: rnti=0x4605 ss_id=2 format=1_1 cce=4 al=2 t=12.7us
2026-04-24T09:23:30.413682 [PHY     ] [I] [    26.6] PDSCH: rnti=0x4605 h_id=2 k1=11 prb=[0, 2) symb=[2, 8) mod=64QAM rv=0 tbs=51 t=28.9us
2026-04-24T09:23:30.416093 [NGAP    ] [I] Rx PDU ue=4 ran_ue=4 amf_ue=5: DownlinkNASTransport
2026-04-24T09:23:30.416102 [RRC     ] [I] ue=4 c-rnti=0x4605: DCCH DL dlInformationTransfer
2026-04-24T09:23:30.416107 [PDCP    ] [I] ue=4 SRB1 DL: TX PDU. type=data pdu_len=28 sn=1 count=1 is_retx=false
2026-04-24T09:23:30.416114 [CU-CP-F1] [I] Tx PDU du=0 ue=4 cu_ue=4 du_ue=4: DLRRCMessageTransfer
2026-04-24T09:23:30.416119 [DU-F1   ] [I] Rx PDU du=0 ue=0 cu_ue=4 du_ue=4: DLRRCMessageTransfer
2026-04-24T09:23:30.416124 [RLC     ] [I] du=0 ue=0 SRB1 DL: TX SDU. sdu_len=28 pdcp_sn=1 is_retx=false queued_sdus=1 queued_bytes=28
2026-04-24T09:23:30.416617 [SCHED   ] [I] [   26.12] Slot decisions pci=1 t=11us (1 PDSCH, 0 PUSCHs, 0 PUCCHs): DL: ue=0 c-rnti=0x4605 h_id=1 ss_id=2 rb=[0..2) k1=5 newtx=true rv=0 tbs=106 ri=1 dl_bo=0
2026-04-24T09:23:30.416630 [RLC     ] [I] du=0 ue=0 SRB1 DL: TX PDU. dc=data p=1 si=full sn=1 pdu_len=30 grant_len=30
2026-04-24T09:23:30.416631 [MAC     ] [I] [   26.12] DL PDU: ue=0 rnti=0x4605 size=106: SDU: lcid=1 nof_sdus=1 total_size=32
2026-04-24T09:23:30.416656 [PHY     ] [I] [   26.12] PDCCH: rnti=0x4605 ss_id=2 format=1_1 cce=10 al=2 t=20.2us
2026-04-24T09:23:30.416680 [PHY     ] [I] [   26.12] PDSCH: rnti=0x4605 h_id=1 k1=5 prb=[0, 2) symb=[2, 14) mod=64QAM rv=0 tbs=106 t=24.9us
2026-04-24T09:23:30.418593 [PHY     ] [I] [    26.8] PUCCH: rnti=0x4605 format=2 prb=[7, 8) prb2=na symb=[10, 12) csi1=1011 sinr=34.9dB t=31.3us
2026-04-24T09:23:30.423186 [PHY     ] [I] [   26.17] PUCCH: rnti=0x4605 format=1 prb1=0 prb2=na symb=[0, 14) cs=0 occ=0 ack=01 metric=914.5 sinr=15.4dB t=20.0us
2026-04-24T09:23:30.423627 [SCHED   ] [I] [    27.6] Slot decisions pci=1 t=26us (1 PDSCH, 0 PUSCHs, 0 PUCCHs): DL: ue=0 c-rnti=0x4605 h_id=2 ss_id=2 rb=[0..2) k1=11 newtx=false rv=2 tbs=51
2026-04-24T09:23:30.423632 [PHY     ] [I] [   26.18] PUCCH: rnti=0x4605 format=1 prb1=4 prb2=na symb=[0, 14) cs=0 occ=0 sr=yes metric=963.3 sinr=15.6dB t=13.6us
2026-04-24T09:23:30.423662 [PHY     ] [I] [    27.6] PDCCH: rnti=0x4605 ss_id=2 format=1_1 cce=4 al=2 t=15.0us
2026-04-24T09:23:30.423672 [PHY     ] [I] [    27.6] PDSCH: rnti=0x4605 h_id=2 k1=11 prb=[0, 2) symb=[2, 8) mod=64QAM rv=2 tbs=51 t=22.9us
2026-04-24T09:23:30.427190 [PHY     ] [I] [   27.13] PDCCH: rnti=0x4605 ss_id=2 format=0_1 cce=14 al=2 t=13.4us
2026-04-24T09:23:30.429126 [SCHED   ] [I] [   27.17] Slot decisions pci=1 t=1us (0 PDSCHs, 1 PUSCH, 0 PUCCHs): UL: ue=0 rnti=0x4605 h_id=0 ss_id=2 rb=[2..8) newtx=true rv=0 tbs=544 k2=4
2026-04-24T09:23:30.433293 [PHY     ] [I] [   27.17] PUSCH: rnti=0x4605 h_id=0 prb=[2, 8) symb=[0, 14) mod=64QAM rv=0 tbs=544 crc=OK iter=2.0 ack=1 sinr=29.0dB t=101.6us uci_t=46.6us ret_t=4.4us
2026-04-24T09:23:30.433306 [MAC     ] [I] [    28.5] UL rnti=0x4605 ue=0 subPDUs: [lcid=1: len=3, lcid=1: len=84, SBSR: lcg=0 bs=0, SE_PHR: ph=[-16..-15)dB p_cmax=[23..24)dBm, PAD: len=447]
2026-04-24T09:23:30.433309 [RLC     ] [I] du=0 ue=0 SRB1 UL: RX status PDU. ack_sn=2 n_nack=0
2026-04-24T09:23:30.433311 [RLC     ] [I] du=0 ue=0 SRB1 UL: RX PDU. pdu_len=84 dc=data p=1 si=full sn=2
2026-04-24T09:23:30.433316 [RLC     ] [I] du=0 ue=0 SRB1 UL: RX SDU. sn=2 sdu_len=82
2026-04-24T09:23:30.433327 [RLC     ] [I] du=0 ue=0 SRB1 DL: Handled status report. t=3us ack_sn=2 n_nack=0
2026-04-24T09:23:30.433331 [DU-F1   ] [I] Tx PDU du=0 ue=0 cu_ue=4 du_ue=4: ULRRCMessageTransfer
2026-04-24T09:23:30.433337 [CU-CP-F1] [I] Rx PDU du=0 ue=4 cu_ue=4 du_ue=4: ULRRCMessageTransfer
2026-04-24T09:23:30.433340 [PDCP    ] [I] ue=4 SRB1 UL: RX PDU. type=data pdu_len=82 sn=2 count=2
2026-04-24T09:23:30.433343 [PDCP    ] [I] ue=4 SRB1 UL: RX SDU. count=2
2026-04-24T09:23:30.433349 [RRC     ] [I] ue=4 c-rnti=0x4605: DCCH UL ulInformationTransfer
2026-04-24T09:23:30.433359 [NGAP    ] [I] Tx PDU ue=4 ran_ue=4 amf_ue=5: UplinkNASTransport
2026-04-24T09:23:30.433637 [SCHED   ] [I] [    28.6] Slot decisions pci=1 t=23us (1 PDSCH, 0 PUSCHs, 0 PUCCHs): DL: ue=0 c-rnti=0x4605 h_id=2 ss_id=2 rb=[0..2) k1=11 newtx=true rv=0 tbs=46 ri=1 dl_bo=0
2026-04-24T09:23:30.433645 [NGAP    ] [I] Rx PDU ue=4 ran_ue=4 amf_ue=5: DownlinkNASTransport
2026-04-24T09:23:30.433650 [RRC     ] [I] ue=4 c-rnti=0x4605: DCCH DL dlInformationTransfer
2026-04-24T09:23:30.433651 [RLC     ] [I] du=0 ue=0 SRB1 DL: TX status PDU. pdu_len=3 grant_len=4
2026-04-24T09:23:30.433653 [PDCP    ] [I] ue=4 SRB1 DL: TX PDU. type=data pdu_len=13 sn=2 count=2 is_retx=false
2026-04-24T09:23:30.433653 [MAC     ] [I] [    28.6] DL PDU: ue=0 rnti=0x4605 size=46: SDU: lcid=1 nof_sdus=1 total_size=5
2026-04-24T09:23:30.433657 [CU-CP-F1] [I] Tx PDU du=0 ue=4 cu_ue=4 du_ue=4: DLRRCMessageTransfer
2026-04-24T09:23:30.433670 [DU-F1   ] [I] Rx PDU du=0 ue=0 cu_ue=4 du_ue=4: DLRRCMessageTransfer
2026-04-24T09:23:30.433671 [PHY     ] [I] [    28.6] PDCCH: rnti=0x4605 ss_id=2 format=1_1 cce=4 al=2 t=11.7us
2026-04-24T09:23:30.433674 [RLC     ] [I] du=0 ue=0 SRB1 DL: TX SDU. sdu_len=13 pdcp_sn=2 is_retx=false queued_sdus=1 queued_bytes=13
2026-04-24T09:23:30.433682 [PHY     ] [I] [    28.6] PDSCH: rnti=0x4605 h_id=2 k1=11 prb=[0, 2) symb=[2, 8) mod=64QAM rv=0 tbs=46 t=17.3us
2026-04-24T09:23:30.433732 [NGAP    ] [I] Rx PDU ue=4 ran_ue=4 amf_ue=5: UEContextReleaseCommand
2026-04-24T09:23:30.433742 [PDCP    ] [I] ue=4 SRB1 DL: TX PDU. type=data pdu_len=8 sn=3 count=3 is_retx=false
2026-04-24T09:23:30.433743 [RRC     ] [I] ue=4 c-rnti=0x4605: DCCH DL rrcRelease
2026-04-24T09:23:30.433748 [CU-CP-F1] [I] Tx PDU du=0 ue=4 cu_ue=4 du_ue=4: UEContextReleaseCommand
2026-04-24T09:23:30.433750 [DU-F1   ] [I] Rx PDU du=0 ue=0 cu_ue=4 du_ue=4: UEContextReleaseCommand
2026-04-24T09:23:30.433759 [DU-MNG  ] [I] ue=0: DRB traffic stopped
2026-04-24T09:23:30.433765 [RLC     ] [I] du=0 ue=0 SRB1 DL: TX SDU. sdu_len=8 pdcp_sn=3 is_retx=false queued_sdus=2 queued_bytes=21
2026-04-24T09:23:30.435652 [SCHED   ] [I] [   28.10] Slot decisions pci=1 t=14us (1 PDSCH, 0 PUSCHs, 0 PUCCHs): DL: ue=0 c-rnti=0x4605 h_id=1 ss_id=2 rb=[0..2) k1=7 newtx=true rv=0 tbs=96 ri=1 dl_bo=0
2026-04-24T09:23:30.435664 [RLC     ] [I] du=0 ue=0 SRB1 DL: TX PDU. dc=data p=0 si=full sn=2 pdu_len=15 grant_len=25
2026-04-24T09:23:30.435666 [RLC     ] [I] du=0 ue=0 SRB1 DL: TX PDU. dc=data p=0 si=first sn=3 pdu_len=8 grant_len=8
2026-04-24T09:23:30.435667 [MAC     ] [I] [   28.10] DL PDU: ue=0 rnti=0x4605 size=96: SDU: lcid=1 nof_sdus=2 total_size=27
2026-04-24T09:23:30.435677 [PHY     ] [I] [   28.10] PDCCH: rnti=0x4605 ss_id=2 format=1_1 cce=10 al=2 t=12.4us
2026-04-24T09:23:30.435692 [PHY     ] [I] [   28.10] PDSCH: rnti=0x4605 h_id=1 k1=7 prb=[0, 2) symb=[2, 14) mod=64QAM rv=0 tbs=96 t=19.5us
2026-04-24T09:23:30.436109 [SCHED   ] [I] [   28.11] Slot decisions pci=1 t=14us (1 PDSCH, 0 PUSCHs, 0 PUCCHs): DL: ue=0 c-rnti=0x4605 h_id=0 ss_id=2 rb=[0..2) k1=6 newtx=true rv=0 tbs=96 ri=1 dl_bo=0
2026-04-24T09:23:30.436121 [RLC     ] [I] du=0 ue=0 SRB1 DL: TX PDU. dc=data p=1 si=last sn=3 so=6 pdu_len=6 grant_len=6
2026-04-24T09:23:30.436122 [MAC     ] [I] [   28.11] DL PDU: ue=0 rnti=0x4605 size=96: SDU: lcid=1 nof_sdus=1 total_size=8
2026-04-24T09:23:30.436138 [PHY     ] [I] [   28.11] PDCCH: rnti=0x4605 ss_id=2 format=1_1 cce=14 al=2 t=10.8us
2026-04-24T09:23:30.436157 [PHY     ] [I] [   28.11] PDSCH: rnti=0x4605 h_id=0 k1=6 prb=[0, 2) symb=[2, 14) mod=64QAM rv=0 tbs=96 t=17.3us
2026-04-24T09:23:30.438590 [PHY     ] [I] [    28.8] PUCCH: rnti=0x4605 format=2 prb=[7, 8) prb2=na symb=[10, 12) csi1=1011 sinr=34.6dB t=19.9us
2026-04-24T09:23:30.442767 [PHY     ] [I] [   28.17] PUCCH: rnti=0x4605 format=2 prb=[6, 7) prb2=na symb=[0, 2) ack=111 sinr=33.1dB t=16.2us
2026-04-24T09:23:30.443658 [PHY     ] [I] [   28.18] PUCCH: rnti=0x4605 format=1 prb1=4 prb2=na symb=[0, 14) cs=0 occ=0 sr=yes metric=845.5 sinr=15.0dB t=19.3us
2026-04-24T09:23:30.447203 [PHY     ] [I] [   29.13] PDCCH: rnti=0x4605 ss_id=2 format=0_1 cce=14 al=2 t=10.4us
2026-04-24T09:23:30.449095 [SCHED   ] [I] [   29.17] Slot decisions pci=1 t=1us (0 PDSCHs, 1 PUSCH, 0 PUCCHs): UL: ue=0 rnti=0x4605 h_id=0 ss_id=2 rb=[0..6) newtx=true rv=0 tbs=544 k2=4
2026-04-24T09:23:30.453204 [PHY     ] [I] [   29.17] PUSCH: rnti=0x4605 h_id=0 prb=[0, 6) symb=[0, 14) mod=64QAM rv=0 tbs=544 crc=OK iter=2.0 sinr=29.0dB t=75.5us uci_t=0.0us ret_t=2.8us
2026-04-24T09:23:30.453213 [MAC     ] [I] [    30.5] UL rnti=0x4605 ue=0 subPDUs: [lcid=1: len=3, SBSR: lcg=0 bs=0, SE_PHR: ph=[-16..-15)dB p_cmax=[23..24)dBm, PAD: len=533]
2026-04-24T09:23:30.453214 [RLC     ] [I] du=0 ue=0 SRB1 UL: RX status PDU. ack_sn=4 n_nack=0
2026-04-24T09:23:30.453220 [RLC     ] [I] du=0 ue=0 SRB1 DL: Handled status report. t=1us ack_sn=4 n_nack=0
2026-04-24T09:23:30.453227 [DU-MNG  ] [I] ue=0 proc="UE Delete": Procedure started....
2026-04-24T09:23:30.453233 [DU-MNG  ] [I] ue=0: SRB and DRB traffic stopped
2026-04-24T09:23:30.453236 [DU-F1   ] [I] ue=0 c-rnti=0x4605 du_ue=4 cu_ue=4: F1 UE context removed.
2026-04-24T09:23:30.458605 [PHY     ] [I] [    30.8] PUCCH: rnti=0x4605 format=2 prb=[7, 8) prb2=na symb=[10, 12) csi1=2222 sinr=-3.3dB t=12.0us
2026-04-24T09:23:30.463661 [PHY     ] [I] [   30.18] PUCCH: rnti=0x4605 format=1 prb1=4 prb2=na symb=[0, 14) cs=0 occ=0 sr=no metric=0.4 sinr=-23.9dB t=24.3us
2026-04-24T09:23:30.469671 [MAC     ] [I] [   31.18] ue=0 crnti=0x4605 proc="MAC UE Removal": finished successfully
2026-04-24T09:23:30.529623 [DU-MNG  ] [I] ue=0 proc="UE Delete": Procedure finished successfully.
2026-04-24T09:23:30.529628 [DU-F1   ] [I] Tx PDU du=0 cu_ue=4 du_ue=4: UEContextReleaseComplete
2026-04-24T09:23:30.529668 [CU-CP-F1] [I] Rx PDU du=0 ue=4 cu_ue=4 du_ue=4: UEContextReleaseComplete
2026-04-24T09:23:30.529707 [CU-CP   ] [I] ue=4: "UE Removal Routine" finished successfully
2026-04-24T09:23:30.529718 [NGAP    ] [I] Tx PDU ran_ue=4 amf_ue=5: UEContextReleaseComplete
2026-04-24T09:23:40.484316 [PHY     ] [I] [    8.19] PRACH: rsi=1 rssi=-46.6dB detected_preambles=[{idx=35 ta=7.55us detection_metric=13.1 power_dB=-47.48}] t=149.0us
2026-04-24T09:23:40.484681 [SCHED   ] [I] [     9.8] Processed slot events pci=1: prach(ra-rnti=0x10b preamble=35 tc-rnti=0x4606)
2026-04-24T09:23:40.485724 [SCHED   ] [I] [    9.10] Slot decisions pci=1 t=2us (1 PDSCH, 0 PUSCHs, 0 PUCCHs): RAR: ra-rnti=0x10b rb=[0..3) tbs=9
2026-04-24T09:23:40.485755 [PHY     ] [I] [    9.10] PDCCH: rnti=0x010b ss_id=1 format=1_0 cce=0 al=4 t=18.8us
2026-04-24T09:23:40.485758 [PHY     ] [I] [    9.10] PDSCH: rnti=0x010b prb=[0, 3) symb=[2, 14) mod=QPSK rv=0 tbs=9 t=18.6us
2026-04-24T09:23:40.489212 [SCHED   ] [I] [    9.17] Slot decisions pci=1 t=2us (0 PDSCHs, 1 PUSCH, 0 PUCCHs): UL: ue=1024 rnti=0x4606 h_id=0 ss_id=1 rb=[8..11) newtx=true rv=0 tbs=11 msg3_delay=7
2026-04-24T09:23:40.493249 [PHY     ] [I] [    9.17] PUSCH: rnti=0x4606 h_id=0 prb=[8, 11) symb=[0, 14) mod=QPSK rv=0 tbs=11 crc=OK iter=1.0 sinr=28.6dB t=74.2us uci_t=0.0us ret_t=4.9us
2026-04-24T09:23:40.493261 [MAC     ] [I] [    10.5] UL rnti=0x4606 subPDUs: [CCCH48: len=6, SE_PHR: ph=[-3..-2)dB p_cmax=[25..26)dBm, PAD: len=0]
2026-04-24T09:23:40.493269 [DU-MNG  ] [I] ue=0 rnti=0x4606 proc="UE Create": Procedure started....
2026-04-24T09:23:40.493379 [DU-F1   ] [I] ue=0 c-rnti=0x4606 du_ue=5: F1 UE context created successfully.
2026-04-24T09:23:40.493394 [RLC     ] [I] du=0 ue=0 SRB0 DL: RLC TM created. queue_size=8
2026-04-24T09:23:40.493395 [RLC     ] [I] du=0 ue=0 SRB0 UL: RLC TM created. 
2026-04-24T09:23:40.493418 [RLC     ] [I] du=0 ue=0 SRB1 DL: RLC AM configured. tx_sn_size=12 pdcp_sn_len=12 t_poll_retx=45 max_retx=8 poll_pdu=-1 poll_byte=-1 queue_size=32 queue_size_bytes=64000 max_window=0
2026-04-24T09:23:40.493439 [RLC     ] [I] du=0 ue=0 SRB1 UL: RLC AM configured. rx_sn_size=12 t_reassembly=35 t_status_prohibit=0 max_sn_per_status={na}
2026-04-24T09:23:40.493716 [MAC     ] [I] [    10.6] ue=0 crnti=0x4606 proc="MAC UE Creation": finished successfully
2026-04-24T09:23:40.493719 [DU-MNG  ] [I] ue=0 rnti=0x4606 proc="UE Create": Procedure finished successfully.
2026-04-24T09:23:40.493723 [RLC     ] [I] du=0 ue=0 SRB0 UL: RX SDU. sdu_len=6
2026-04-24T09:23:40.493733 [DU-F1   ] [I] Tx PDU du=0 tid=6 ue=0 du_ue=5: InitialULRRCMessageTransfer
2026-04-24T09:23:40.493740 [CU-CP-F1] [I] Rx PDU du=0 tid=6 du_ue=5: InitialULRRCMessageTransfer
2026-04-24T09:23:40.493752 [CU-UEMNG] [I] ue=5 du_index=0 gnb_du_id=0 pci=1 rnti=0x4606 pcell_index=0: Created new CU-CP UE
2026-04-24T09:23:40.493803 [CU-CP   ] [I] ue=5 c-rnti=0x4606: UE created
2026-04-24T09:23:40.493808 [CU-CP-F1] [I] ue=5 du_ue=5 cu_ue=5: Added UE context
2026-04-24T09:23:40.493812 [RRC     ] [I] ue=5 c-rnti=0x4606: CCCH UL rrcSetupRequest
2026-04-24T09:23:40.493854 [PDCP    ] [I] ue=5 SRB1 DL: PDCP configured. rb_type=SRB rlc_mode=AM sn_size=12 discard_timer=infinity count_notify=3221225472 count_max=4294967294 warn_on_drop=false test_mode=false
2026-04-24T09:23:40.493891 [PDCP    ] [I] ue=5 SRB1 UL: PDCP configured. rb_type=SRB rlc_mode=AM sn_size=12 t_reordering=infinity count_notify=3221225472 count_max=4294967294
2026-04-24T09:23:40.493903 [RRC     ] [I] ue=5 c-rnti=0x4606: CCCH DL rrcSetup
2026-04-24T09:23:40.493907 [CU-CP-F1] [I] Tx PDU du=0 ue=5 cu_ue=5 du_ue=5: DLRRCMessageTransfer
2026-04-24T09:23:40.493911 [DU-F1   ] [I] Rx PDU du=0 ue=0 cu_ue=5 du_ue=5: DLRRCMessageTransfer
2026-04-24T09:23:40.493915 [RLC     ] [I] du=0 ue=0 SRB0 DL: TX SDU. sdu_len=301 queued_sdus=1 queued_bytes=301
2026-04-24T09:23:40.495759 [SCHED   ] [I] [   10.10] Slot decisions pci=1 t=15us (1 PDSCH, 0 PUSCHs, 0 PUCCHs): DL: ue=0 c-rnti=0x4606 h_id=0 ss_id=1 rb=[0..23) k1=7 newtx=true rv=0 tbs=317 ri=1 dl_bo=0
2026-04-24T09:23:40.495771 [RLC     ] [I] du=0 ue=0 SRB0 DL: TX PDU. pdu_len=301 grant_len=301
2026-04-24T09:23:40.495774 [MAC     ] [I] [   10.10] DL PDU: ue=0 rnti=0x4606 size=317: CON_RES: id=17c2422976, SDU: lcid=0 nof_sdus=1 total_size=304
2026-04-24T09:23:40.495798 [PHY     ] [I] [   10.10] PDCCH: rnti=0x4606 ss_id=1 format=1_0 cce=0 al=4 t=17.8us
2026-04-24T09:23:40.495824 [PHY     ] [I] [   10.10] PDSCH: rnti=0x4606 h_id=0 k1=7 prb=[0, 23) symb=[2, 14) mod=QPSK rv=0 tbs=317 t=27.3us
2026-04-24T09:23:40.498775 [PHY     ] [I] [    10.8] PUCCH: rnti=0x4606 format=2 prb=[7, 8) prb2=na symb=[12, 14) csi1=2222 sinr=-6.1dB t=24.4us
2026-04-24T09:23:40.503229 [PHY     ] [I] [   10.17] PUCCH: rnti=0x4606 format=1 prb1=0 prb2=50 symb=[0, 14) cs=0 occ=0 ack=1 metric=529.1 sinr=15.3dB t=34.2us
2026-04-24T09:23:40.504251 [PHY     ] [I] [   10.19] PUCCH: rnti=0x4606 format=1 prb1=4 prb2=na symb=[0, 14) cs=0 occ=0 sr=no metric=0.1 sinr=-27.8dB t=13.6us
2026-04-24T09:23:40.518698 [PHY     ] [I] [    12.8] PUCCH: rnti=0x4606 format=2 prb=[7, 8) prb2=na symb=[12, 14) csi1=2222 sinr=-5.2dB t=20.3us
2026-04-24T09:23:40.524292 [PHY     ] [I] [   12.19] PUCCH: rnti=0x4606 format=1 prb1=4 prb2=na symb=[0, 14) cs=0 occ=0 sr=yes metric=906.9 sinr=15.3dB t=13.4us
2026-04-24T09:23:40.527192 [PHY     ] [I] [   13.13] PDCCH: rnti=0x4606 ss_id=1 format=0_0 cce=0 al=4 t=19.2us
2026-04-24T09:23:40.529227 [SCHED   ] [I] [   13.17] Slot decisions pci=1 t=1us (0 PDSCHs, 1 PUSCH, 0 PUCCHs): UL: ue=0 rnti=0x4606 h_id=0 ss_id=1 rb=[8..32) newtx=true rv=0 tbs=528 k2=4
2026-04-24T09:23:40.533291 [PHY     ] [I] [   13.17] PUSCH: rnti=0x4606 h_id=0 prb=[8, 32) symb=[0, 14) mod=QPSK rv=0 tbs=528 crc=OK iter=2.0 sinr=24.5dB t=111.0us uci_t=0.0us ret_t=3.4us
2026-04-24T09:23:40.533299 [MAC     ] [I] [    14.5] UL rnti=0x4606 ue=0 subPDUs: [lcid=1: len=93, SBSR: lcg=0 bs=0, SE_PHR: ph=[-17..-16)dB p_cmax=[23..24)dBm, PAD: len=427]
2026-04-24T09:23:40.533301 [RLC     ] [I] du=0 ue=0 SRB1 UL: RX PDU. pdu_len=93 dc=data p=1 si=full sn=0
2026-04-24T09:23:40.533305 [RLC     ] [I] du=0 ue=0 SRB1 UL: RX SDU. sn=0 sdu_len=91
2026-04-24T09:23:40.533314 [DU-F1   ] [I] Tx PDU du=0 ue=0 cu_ue=5 du_ue=5: ULRRCMessageTransfer
2026-04-24T09:23:40.533320 [CU-CP-F1] [I] Rx PDU du=0 ue=5 cu_ue=5 du_ue=5: ULRRCMessageTransfer
2026-04-24T09:23:40.533323 [PDCP    ] [I] ue=5 SRB1 UL: RX PDU. type=data pdu_len=91 sn=0 count=0
2026-04-24T09:23:40.533326 [PDCP    ] [I] ue=5 SRB1 UL: RX SDU. count=0
2026-04-24T09:23:40.533333 [RRC     ] [I] ue=5 c-rnti=0x4606: DCCH UL rrcSetupComplete
2026-04-24T09:23:40.533354 [NGAP    ] [I] Tx PDU ue=5 ran_ue=5: InitialUEMessage
2026-04-24T09:23:40.533742 [SCHED   ] [I] [    14.6] Slot decisions pci=1 t=34us (1 PDSCH, 0 PUSCHs, 0 PUCCHs): DL: ue=0 c-rnti=0x4606 h_id=0 ss_id=2 rb=[0..3) k1=11 newtx=true rv=0 tbs=8 ri=1 dl_bo=0
2026-04-24T09:23:40.533754 [RLC     ] [I] du=0 ue=0 SRB1 DL: TX status PDU. pdu_len=3 grant_len=4
2026-04-24T09:23:40.533756 [MAC     ] [I] [    14.6] DL PDU: ue=0 rnti=0x4606 size=8: TA_CMD: tag_id=0, ta_cmd=29, SDU: lcid=1 nof_sdus=1 total_size=5
2026-04-24T09:23:40.533778 [PHY     ] [I] [    14.6] PDCCH: rnti=0x4606 ss_id=2 format=1_1 cce=0 al=4 t=17.9us
2026-04-24T09:23:40.533784 [PHY     ] [I] [    14.6] PDSCH: rnti=0x4606 h_id=0 k1=11 prb=[0, 3) symb=[2, 8) mod=QPSK rv=0 tbs=8 t=18.3us
2026-04-24T09:23:40.535696 [NGAP    ] [I] Rx PDU ue=5 ran_ue=5 amf_ue=6: DownlinkNASTransport
2026-04-24T09:23:40.535706 [RRC     ] [I] ue=5 c-rnti=0x4606: DCCH DL dlInformationTransfer
2026-04-24T09:23:40.535711 [PDCP    ] [I] ue=5 SRB1 DL: TX PDU. type=data pdu_len=51 sn=0 count=0 is_retx=false
2026-04-24T09:23:40.535715 [CU-CP-F1] [I] Tx PDU du=0 ue=5 cu_ue=5 du_ue=5: DLRRCMessageTransfer
2026-04-24T09:23:40.535720 [DU-F1   ] [I] Rx PDU du=0 ue=0 cu_ue=5 du_ue=5: DLRRCMessageTransfer
2026-04-24T09:23:40.535724 [RLC     ] [I] du=0 ue=0 SRB1 DL: TX SDU. sdu_len=51 pdcp_sn=0 is_retx=false queued_sdus=1 queued_bytes=51
2026-04-24T09:23:40.536215 [SCHED   ] [I] [   14.11] Slot decisions pci=1 t=19us (1 PDSCH, 0 PUSCHs, 0 PUCCHs): DL: ue=0 c-rnti=0x4606 h_id=1 ss_id=2 rb=[0..10) k1=6 newtx=true rv=0 tbs=60 ri=1 dl_bo=0
2026-04-24T09:23:40.536233 [RLC     ] [I] du=0 ue=0 SRB1 DL: TX PDU. dc=data p=1 si=full sn=0 pdu_len=53 grant_len=58
2026-04-24T09:23:40.536235 [MAC     ] [I] [   14.11] DL PDU: ue=0 rnti=0x4606 size=60: SDU: lcid=1 nof_sdus=1 total_size=55
2026-04-24T09:23:40.536261 [PHY     ] [I] [   14.11] PDCCH: rnti=0x4606 ss_id=2 format=1_1 cce=8 al=4 t=20.5us
2026-04-24T09:23:40.536280 [PHY     ] [I] [   14.11] PDSCH: rnti=0x4606 h_id=1 k1=6 prb=[0, 10) symb=[2, 14) mod=QPSK rv=0 tbs=60 t=27.5us
2026-04-24T09:23:40.538706 [PHY     ] [I] [    14.8] PUCCH: rnti=0x4606 format=2 prb=[7, 8) prb2=na symb=[12, 14) csi1=1100 sinr=31.1dB t=11.1us
2026-04-24T09:23:40.543229 [PHY     ] [I] [   14.17] PUCCH: rnti=0x4606 format=1 prb1=2 prb2=na symb=[0, 14) cs=0 occ=0 ack=11 metric=681.9 sinr=14.1dB t=28.6us
2026-04-24T09:23:40.544227 [PHY     ] [I] [   14.19] PUCCH: rnti=0x4606 format=1 prb1=4 prb2=na symb=[0, 14) cs=0 occ=0 sr=yes metric=632.3 sinr=13.8dB t=31.0us
2026-04-24T09:23:40.547203 [PHY     ] [I] [   15.13] PDCCH: rnti=0x4606 ss_id=2 format=0_1 cce=6 al=2 t=9.4us
2026-04-24T09:23:40.549230 [SCHED   ] [I] [   15.17] Slot decisions pci=1 t=1us (0 PDSCHs, 1 PUSCH, 0 PUCCHs): UL: ue=0 rnti=0x4606 h_id=0 ss_id=2 rb=[0..6) newtx=true rv=0 tbs=544 k2=4
2026-04-24T09:23:40.553275 [PHY     ] [I] [   15.17] PUSCH: rnti=0x4606 h_id=0 prb=[0, 6) symb=[0, 14) mod=64QAM rv=0 tbs=544 crc=OK iter=2.0 sinr=28.5dB t=72.1us uci_t=0.0us ret_t=2.6us
2026-04-24T09:23:40.553282 [MAC     ] [I] [    16.5] UL rnti=0x4606 ue=0 subPDUs: [lcid=1: len=3, SBSR: lcg=0 bs=0, SE_PHR: ph=[-12..-11)dB p_cmax=[23..24)dBm, PAD: len=533]
2026-04-24T09:23:40.553284 [RLC     ] [I] du=0 ue=0 SRB1 UL: RX status PDU. ack_sn=1 n_nack=0
2026-04-24T09:23:40.553290 [RLC     ] [I] du=0 ue=0 SRB1 DL: Handled status report. t=1us ack_sn=1 n_nack=0
2026-04-24T09:23:40.558695 [PHY     ] [I] [    16.8] PUCCH: rnti=0x4606 format=2 prb=[7, 8) prb2=na symb=[12, 14) csi1=1100 sinr=31.5dB t=13.1us
2026-04-24T09:23:40.564204 [PHY     ] [I] [   16.19] PUCCH: rnti=0x4606 format=1 prb1=4 prb2=na symb=[0, 14) cs=0 occ=0 sr=no metric=0.2 sinr=-21.0dB t=14.0us
2026-04-24T09:23:40.575708 [SCHED   ] [I] [   18.10] Slot decisions pci=1 t=23us (1 PDSCH, 0 PUSCHs, 0 PUCCHs): DL: ue=0 c-rnti=0x4606 h_id=1 ss_id=2 rb=[0..2) k1=7 newtx=true rv=0 tbs=123 ri=1 dl_bo=0
2026-04-24T09:23:40.575730 [MAC     ] [I] [   18.10] DL PDU: ue=0 rnti=0x4606 size=123: TA_CMD: tag_id=0, ta_cmd=30
2026-04-24T09:23:40.575751 [PHY     ] [I] [   18.10] PDCCH: rnti=0x4606 ss_id=2 format=1_1 cce=6 al=2 t=13.8us
2026-04-24T09:23:40.575781 [PHY     ] [I] [   18.10] PDSCH: rnti=0x4606 h_id=1 k1=7 prb=[0, 2) symb=[2, 14) mod=64QAM rv=0 tbs=123 t=27.9us
2026-04-24T09:23:40.578731 [PHY     ] [I] [    18.8] PUCCH: rnti=0x4606 format=2 prb=[7, 8) prb2=na symb=[12, 14) csi1=1011 sinr=31.9dB t=28.1us
2026-04-24T09:23:40.583267 [PHY     ] [I] [   18.17] PUCCH: rnti=0x4606 format=1 prb1=2 prb2=na symb=[0, 14) cs=0 occ=0 ack=0 metric=635.2 sinr=13.8dB t=30.7us
2026-04-24T09:23:40.584198 [PHY     ] [I] [   18.19] PUCCH: rnti=0x4606 format=1 prb1=4 prb2=na symb=[0, 14) cs=0 occ=0 sr=no metric=0.3 sinr=-17.6dB t=12.4us
2026-04-24T09:23:40.585699 [SCHED   ] [I] [   19.10] Slot decisions pci=1 t=9us (1 PDSCH, 0 PUSCHs, 0 PUCCHs): DL: ue=0 c-rnti=0x4606 h_id=1 ss_id=2 rb=[0..2) k1=7 newtx=false rv=2 tbs=123
2026-04-24T09:23:40.585729 [PHY     ] [I] [   19.10] PDCCH: rnti=0x4606 ss_id=2 format=1_1 cce=6 al=2 t=13.0us
2026-04-24T09:23:40.585746 [PHY     ] [I] [   19.10] PDSCH: rnti=0x4606 h_id=1 k1=7 prb=[0, 2) symb=[2, 14) mod=64QAM rv=2 tbs=123 t=26.0us
2026-04-24T09:23:40.593260 [PHY     ] [I] [   19.17] PUCCH: rnti=0x4606 format=1 prb1=2 prb2=na symb=[0, 14) cs=0 occ=0 ack=1 metric=183.2 sinr=8.4dB t=24.3us
2026-04-24T09:23:40.598713 [PHY     ] [I] [    20.8] PUCCH: rnti=0x4606 format=2 prb=[7, 8) prb2=na symb=[12, 14) csi1=1100 sinr=26.6dB t=14.3us
2026-04-24T09:23:40.604241 [PHY     ] [I] [   20.19] PUCCH: rnti=0x4606 format=1 prb1=4 prb2=na symb=[0, 14) cs=0 occ=0 sr=no metric=0.4 sinr=-17.6dB t=14.1us
2026-04-24T09:23:40.615707 [SCHED   ] [I] [   22.10] Slot decisions pci=1 t=9us (1 PDSCH, 0 PUSCHs, 0 PUCCHs): DL: ue=0 c-rnti=0x4606 h_id=1 ss_id=2 rb=[0..2) k1=7 newtx=true rv=0 tbs=116 ri=1 dl_bo=0
2026-04-24T09:23:40.615716 [MAC     ] [I] [   22.10] DL PDU: ue=0 rnti=0x4606 size=116: TA_CMD: tag_id=0, ta_cmd=32
2026-04-24T09:23:40.615730 [PHY     ] [I] [   22.10] PDCCH: rnti=0x4606 ss_id=2 format=1_1 cce=6 al=2 t=10.3us
2026-04-24T09:23:40.615760 [PHY     ] [I] [   22.10] PDSCH: rnti=0x4606 h_id=1 k1=7 prb=[0, 2) symb=[2, 14) mod=64QAM rv=0 tbs=116 t=22.4us
2026-04-24T09:23:40.618731 [PHY     ] [I] [    22.8] PUCCH: rnti=0x4606 format=2 prb=[7, 8) prb2=na symb=[12, 14) csi1=1100 sinr=27.3dB t=20.6us
2026-04-24T09:23:40.623239 [PHY     ] [I] [   22.17] PUCCH: rnti=0x4606 format=1 prb1=2 prb2=na symb=[0, 14) cs=0 occ=0 ack=0 metric=183.0 sinr=8.4dB t=12.4us
2026-04-24T09:23:40.624220 [PHY     ] [I] [   22.19] PUCCH: rnti=0x4606 format=1 prb1=4 prb2=na symb=[0, 14) cs=0 occ=0 sr=no metric=0.3 sinr=-15.5dB t=14.3us
2026-04-24T09:23:40.625710 [SCHED   ] [I] [   23.10] Slot decisions pci=1 t=7us (1 PDSCH, 0 PUSCHs, 0 PUCCHs): DL: ue=0 c-rnti=0x4606 h_id=1 ss_id=2 rb=[0..2) k1=7 newtx=false rv=2 tbs=116
2026-04-24T09:23:40.625730 [PHY     ] [I] [   23.10] PDCCH: rnti=0x4606 ss_id=2 format=1_1 cce=6 al=2 t=9.3us
2026-04-24T09:23:40.625746 [PHY     ] [I] [   23.10] PDSCH: rnti=0x4606 h_id=1 k1=7 prb=[0, 2) symb=[2, 14) mod=64QAM rv=2 tbs=116 t=23.3us
2026-04-24T09:23:40.633294 [PHY     ] [I] [   23.17] PUCCH: rnti=0x4606 format=1 prb1=2 prb2=na symb=[0, 14) cs=0 occ=0 ack=1 metric=678.8 sinr=14.1dB t=26.1us
2026-04-24T09:23:40.638739 [PHY     ] [I] [    24.8] PUCCH: rnti=0x4606 format=2 prb=[7, 8) prb2=na symb=[12, 14) csi1=1100 sinr=31.4dB t=18.2us
2026-04-24T09:23:40.644259 [PHY     ] [I] [   24.19] PUCCH: rnti=0x4606 format=1 prb1=4 prb2=na symb=[0, 14) cs=0 occ=0 sr=no metric=0.4 sinr=-13.4dB t=15.8us
2026-04-24T09:23:40.655741 [SCHED   ] [I] [   26.10] Slot decisions pci=1 t=17us (1 PDSCH, 0 PUSCHs, 0 PUCCHs): DL: ue=0 c-rnti=0x4606 h_id=1 ss_id=2 rb=[0..2) k1=7 newtx=true rv=0 tbs=116 ri=1 dl_bo=0
2026-04-24T09:23:40.655757 [MAC     ] [I] [   26.10] DL PDU: ue=0 rnti=0x4606 size=116: TA_CMD: tag_id=0, ta_cmd=32
2026-04-24T09:23:40.655767 [PHY     ] [I] [   26.10] PDCCH: rnti=0x4606 ss_id=2 format=1_1 cce=6 al=2 t=9.2us
2026-04-24T09:23:40.655780 [PHY     ] [I] [   26.10] PDSCH: rnti=0x4606 h_id=1 k1=7 prb=[0, 2) symb=[2, 14) mod=64QAM rv=0 tbs=116 t=17.1us
2026-04-24T09:23:40.658768 [PHY     ] [I] [    26.8] PUCCH: rnti=0x4606 format=2 prb=[7, 8) prb2=na symb=[12, 14) csi1=1011 sinr=32.4dB t=8.3us
2026-04-24T09:23:40.663215 [PHY     ] [I] [   26.17] PUCCH: rnti=0x4606 format=1 prb1=2 prb2=na symb=[0, 14) cs=0 occ=0 ack=0 metric=690.7 sinr=14.1dB t=19.6us
2026-04-24T09:23:40.664249 [PHY     ] [I] [   26.19] PUCCH: rnti=0x4606 format=1 prb1=4 prb2=na symb=[0, 14) cs=0 occ=0 sr=no metric=0.2 sinr=-25.2dB t=12.4us
2026-04-24T09:23:40.665731 [SCHED   ] [I] [   27.10] Slot decisions pci=1 t=8us (1 PDSCH, 0 PUSCHs, 0 PUCCHs): DL: ue=0 c-rnti=0x4606 h_id=1 ss_id=2 rb=[0..2) k1=7 newtx=false rv=2 tbs=116
2026-04-24T09:23:40.665757 [PHY     ] [I] [   27.10] PDCCH: rnti=0x4606 ss_id=2 format=1_1 cce=6 al=2 t=12.6us
2026-04-24T09:23:40.665773 [PHY     ] [I] [   27.10] PDSCH: rnti=0x4606 h_id=1 k1=7 prb=[0, 2) symb=[2, 14) mod=64QAM rv=2 tbs=116 t=14.6us
2026-04-24T09:23:40.673227 [PHY     ] [I] [   27.17] PUCCH: rnti=0x4606 format=1 prb1=2 prb2=na symb=[0, 14) cs=0 occ=0 ack=1 metric=6079.0 sinr=23.6dB t=16.4us
2026-04-24T09:23:40.678710 [PHY     ] [I] [    28.8] PUCCH: rnti=0x4606 format=2 prb=[7, 8) prb2=na symb=[12, 14) csi1=1011 sinr=32.4dB t=27.3us
2026-04-24T09:23:40.684297 [PHY     ] [I] [   28.19] PUCCH: rnti=0x4606 format=1 prb1=4 prb2=na symb=[0, 14) cs=0 occ=0 sr=no metric=0.3 sinr=-19.6dB t=26.1us
2026-04-24T09:23:40.698681 [PHY     ] [I] [    30.8] PUCCH: rnti=0x4606 format=2 prb=[7, 8) prb2=na symb=[12, 14) csi1=1011 sinr=30.2dB t=11.0us
2026-04-24T09:23:40.704221 [PHY     ] [I] [   30.19] PUCCH: rnti=0x4606 format=1 prb1=4 prb2=na symb=[0, 14) cs=0 occ=0 sr=no metric=0.5 sinr=-16.4dB t=25.6us
2026-04-24T09:23:40.718725 [PHY     ] [I] [    32.8] PUCCH: rnti=0x4606 format=2 prb=[7, 8) prb2=na symb=[12, 14) csi1=1011 sinr=33.6dB t=18.7us
2026-04-24T09:23:40.724218 [PHY     ] [I] [   32.19] PUCCH: rnti=0x4606 format=1 prb1=4 prb2=na symb=[0, 14) cs=0 occ=0 sr=no metric=0.4 sinr=-20.0dB t=26.7us
2026-04-24T09:23:40.736246 [SCHED   ] [I] [   34.11] Slot decisions pci=1 t=19us (1 PDSCH, 0 PUSCHs, 0 PUCCHs): DL: ue=0 c-rnti=0x4606 h_id=1 ss_id=2 rb=[0..2) k1=6 newtx=true rv=0 tbs=96 ri=1 dl_bo=0
2026-04-24T09:23:40.736259 [MAC     ] [I] [   34.11] DL PDU: ue=0 rnti=0x4606 size=96: TA_CMD: tag_id=0, ta_cmd=30
2026-04-24T09:23:40.736276 [PHY     ] [I] [   34.11] PDCCH: rnti=0x4606 ss_id=2 format=1_1 cce=12 al=2 t=12.6us
2026-04-24T09:23:40.736300 [PHY     ] [I] [   34.11] PDSCH: rnti=0x4606 h_id=1 k1=6 prb=[0, 2) symb=[2, 14) mod=64QAM rv=0 tbs=96 t=21.4us
2026-04-24T09:23:40.738717 [PHY     ] [I] [    34.8] PUCCH: rnti=0x4606 format=2 prb=[7, 8) prb2=na symb=[12, 14) csi1=1011 sinr=32.6dB t=12.6us
2026-04-24T09:23:40.743254 [PHY     ] [I] [   34.17] PUCCH: rnti=0x4606 format=1 prb1=2 prb2=na symb=[0, 14) cs=0 occ=0 ack=1 metric=695.3 sinr=14.2dB t=15.7us
2026-04-24T09:23:40.744235 [PHY     ] [I] [   34.19] PUCCH: rnti=0x4606 format=1 prb1=4 prb2=na symb=[0, 14) cs=0 occ=0 sr=no metric=0.1 sinr=-19.8dB t=24.6us
2026-04-24T09:23:40.758751 [PHY     ] [I] [    36.8] PUCCH: rnti=0x4606 format=2 prb=[7, 8) prb2=na symb=[12, 14) csi1=1011 sinr=33.5dB t=36.6us
2026-04-24T09:23:40.764291 [PHY     ] [I] [   36.19] PUCCH: rnti=0x4606 format=1 prb1=4 prb2=na symb=[0, 14) cs=0 occ=0 sr=no metric=0.2 sinr=-19.2dB t=44.5us
2026-04-24T09:23:40.778761 [PHY     ] [I] [    38.8] PUCCH: rnti=0x4606 format=2 prb=[7, 8) prb2=na symb=[12, 14) csi1=1011 sinr=31.4dB t=35.7us
2026-04-24T09:23:40.784246 [PHY     ] [I] [   38.19] PUCCH: rnti=0x4606 format=1 prb1=4 prb2=na symb=[0, 14) cs=0 occ=0 sr=no metric=0.1 sinr=-28.5dB t=31.9us
2026-04-24T09:23:40.798733 [PHY     ] [I] [    40.8] PUCCH: rnti=0x4606 format=2 prb=[7, 8) prb2=na symb=[12, 14) csi1=1011 sinr=31.8dB t=15.5us
2026-04-24T09:23:40.804256 [PHY     ] [I] [   40.19] PUCCH: rnti=0x4606 format=1 prb1=4 prb2=na symb=[0, 14) cs=0 occ=0 sr=no metric=0.3 sinr=-29.7dB t=29.2us
2026-04-24T09:23:40.818728 [PHY     ] [I] [    42.8] PUCCH: rnti=0x4606 format=2 prb=[7, 8) prb2=na symb=[12, 14) csi1=1011 sinr=32.3dB t=8.6us
2026-04-24T09:23:40.824272 [PHY     ] [I] [   42.19] PUCCH: rnti=0x4606 format=1 prb1=4 prb2=na symb=[0, 14) cs=0 occ=0 sr=no metric=0.1 sinr=-19.9dB t=16.0us
2026-04-24T09:23:40.838779 [PHY     ] [I] [    44.8] PUCCH: rnti=0x4606 format=2 prb=[7, 8) prb2=na symb=[12, 14) csi1=1011 sinr=32.8dB t=8.9us
2026-04-24T09:23:40.844270 [PHY     ] [I] [   44.19] PUCCH: rnti=0x4606 format=1 prb1=4 prb2=na symb=[0, 14) cs=0 occ=0 sr=no metric=0.3 sinr=-19.9dB t=12.6us
2026-04-24T09:23:40.858677 [PHY     ] [I] [    46.8] PUCCH: rnti=0x4606 format=2 prb=[7, 8) prb2=na symb=[12, 14) csi1=1011 sinr=31.2dB t=7.9us
2026-04-24T09:23:40.864313 [PHY     ] [I] [   46.19] PUCCH: rnti=0x4606 format=1 prb1=4 prb2=na symb=[0, 14) cs=0 occ=0 sr=yes metric=733.2 sinr=14.4dB t=24.0us
2026-04-24T09:23:40.867212 [PHY     ] [I] [   47.13] PDCCH: rnti=0x4606 ss_id=2 format=0_1 cce=6 al=2 t=13.0us
2026-04-24T09:23:40.869192 [SCHED   ] [I] [   47.17] Slot decisions pci=1 t=1us (0 PDSCHs, 1 PUSCH, 0 PUCCHs): UL: ue=0 rnti=0x4606 h_id=0 ss_id=2 rb=[0..6) newtx=true rv=0 tbs=544 k2=4
2026-04-24T09:23:40.873287 [PHY     ] [I] [   47.17] PUSCH: rnti=0x4606 h_id=0 prb=[0, 6) symb=[0, 14) mod=64QAM rv=0 tbs=544 crc=OK iter=2.0 sinr=27.4dB t=88.7us uci_t=0.0us ret_t=6.2us
2026-04-24T09:23:40.873300 [MAC     ] [I] [    48.5] UL rnti=0x4606 ue=0 subPDUs: [lcid=1: len=39, SBSR: lcg=0 bs=0, SE_PHR: ph=[-16..-15)dB p_cmax=[23..24)dBm, PAD: len=497]
2026-04-24T09:23:40.873303 [RLC     ] [I] du=0 ue=0 SRB1 UL: RX PDU. pdu_len=39 dc=data p=1 si=full sn=1
2026-04-24T09:23:40.873306 [RLC     ] [I] du=0 ue=0 SRB1 UL: RX SDU. sn=1 sdu_len=37
2026-04-24T09:23:40.873323 [DU-F1   ] [I] Tx PDU du=0 ue=0 cu_ue=5 du_ue=5: ULRRCMessageTransfer
2026-04-24T09:23:40.873329 [CU-CP-F1] [I] Rx PDU du=0 ue=5 cu_ue=5 du_ue=5: ULRRCMessageTransfer
2026-04-24T09:23:40.873335 [PDCP    ] [I] ue=5 SRB1 UL: RX PDU. type=data pdu_len=37 sn=1 count=1
2026-04-24T09:23:40.873337 [PDCP    ] [I] ue=5 SRB1 UL: RX SDU. count=1
2026-04-24T09:23:40.873346 [RRC     ] [I] ue=5 c-rnti=0x4606: DCCH UL ulInformationTransfer
2026-04-24T09:23:40.873357 [NGAP    ] [I] Tx PDU ue=5 ran_ue=5 amf_ue=6: UplinkNASTransport
2026-04-24T09:23:40.873751 [SCHED   ] [I] [    48.6] Slot decisions pci=1 t=27us (1 PDSCH, 0 PUSCHs, 0 PUCCHs): DL: ue=0 c-rnti=0x4606 h_id=1 ss_id=2 rb=[0..2) k1=11 newtx=true rv=0 tbs=46 ri=1 dl_bo=0
2026-04-24T09:23:40.873769 [RLC     ] [I] du=0 ue=0 SRB1 DL: TX status PDU. pdu_len=3 grant_len=4
2026-04-24T09:23:40.873773 [MAC     ] [I] [    48.6] DL PDU: ue=0 rnti=0x4606 size=46: SDU: lcid=1 nof_sdus=1 total_size=5
2026-04-24T09:23:40.873791 [PHY     ] [I] [    48.6] PDCCH: rnti=0x4606 ss_id=2 format=1_1 cce=8 al=2 t=11.3us
2026-04-24T09:23:40.873806 [PHY     ] [I] [    48.6] PDSCH: rnti=0x4606 h_id=1 k1=11 prb=[0, 2) symb=[2, 8) mod=64QAM rv=0 tbs=46 t=24.9us
2026-04-24T09:23:40.875694 [NGAP    ] [I] Rx PDU ue=5 ran_ue=5 amf_ue=6: DownlinkNASTransport
2026-04-24T09:23:40.875703 [RRC     ] [I] ue=5 c-rnti=0x4606: DCCH DL dlInformationTransfer
2026-04-24T09:23:40.875708 [PDCP    ] [I] ue=5 SRB1 DL: TX PDU. type=data pdu_len=28 sn=1 count=1 is_retx=false
2026-04-24T09:23:40.875713 [CU-CP-F1] [I] Tx PDU du=0 ue=5 cu_ue=5 du_ue=5: DLRRCMessageTransfer
2026-04-24T09:23:40.875719 [DU-F1   ] [I] Rx PDU du=0 ue=0 cu_ue=5 du_ue=5: DLRRCMessageTransfer
2026-04-24T09:23:40.875724 [RLC     ] [I] du=0 ue=0 SRB1 DL: TX SDU. sdu_len=28 pdcp_sn=1 is_retx=false queued_sdus=1 queued_bytes=28
2026-04-24T09:23:40.876225 [SCHED   ] [I] [   48.11] Slot decisions pci=1 t=19us (1 PDSCH, 0 PUSCHs, 0 PUCCHs): DL: ue=0 c-rnti=0x4606 h_id=0 ss_id=2 rb=[0..2) k1=6 newtx=true rv=0 tbs=96 ri=1 dl_bo=0
2026-04-24T09:23:40.876242 [RLC     ] [I] du=0 ue=0 SRB1 DL: TX PDU. dc=data p=1 si=full sn=1 pdu_len=30 grant_len=30
2026-04-24T09:23:40.876244 [MAC     ] [I] [   48.11] DL PDU: ue=0 rnti=0x4606 size=96: SDU: lcid=1 nof_sdus=1 total_size=32
2026-04-24T09:23:40.876264 [PHY     ] [I] [   48.11] PDCCH: rnti=0x4606 ss_id=2 format=1_1 cce=12 al=2 t=13.8us
2026-04-24T09:23:40.876289 [PHY     ] [I] [   48.11] PDSCH: rnti=0x4606 h_id=0 k1=6 prb=[0, 2) symb=[2, 14) mod=64QAM rv=0 tbs=96 t=22.2us
2026-04-24T09:23:40.878705 [PHY     ] [I] [    48.8] PUCCH: rnti=0x4606 format=2 prb=[7, 8) prb2=na symb=[12, 14) csi1=1011 sinr=31.3dB t=20.2us
2026-04-24T09:23:40.883245 [PHY     ] [I] [   48.17] PUCCH: rnti=0x4606 format=1 prb1=2 prb2=na symb=[0, 14) cs=0 occ=0 ack=01 metric=704.4 sinr=14.2dB t=14.0us
2026-04-24T09:23:40.883743 [SCHED   ] [I] [    49.6] Slot decisions pci=1 t=18us (1 PDSCH, 0 PUSCHs, 0 PUCCHs): DL: ue=0 c-rnti=0x4606 h_id=1 ss_id=2 rb=[0..2) k1=11 newtx=false rv=2 tbs=46
2026-04-24T09:23:40.883766 [PHY     ] [I] [    49.6] PDCCH: rnti=0x4606 ss_id=2 format=1_1 cce=8 al=2 t=9.9us
2026-04-24T09:23:40.883773 [PHY     ] [I] [    49.6] PDSCH: rnti=0x4606 h_id=1 k1=11 prb=[0, 2) symb=[2, 8) mod=64QAM rv=2 tbs=46 t=16.7us
2026-04-24T09:23:40.884200 [PHY     ] [I] [   48.19] PUCCH: rnti=0x4606 format=1 prb1=4 prb2=na symb=[0, 14) cs=0 occ=0 sr=yes metric=676.8 sinr=14.1dB t=14.7us
2026-04-24T09:23:40.887208 [PHY     ] [I] [   49.13] PDCCH: rnti=0x4606 ss_id=2 format=0_1 cce=6 al=2 t=9.7us
2026-04-24T09:23:40.889248 [SCHED   ] [I] [   49.17] Slot decisions pci=1 t=1us (0 PDSCHs, 1 PUSCH, 0 PUCCHs): UL: ue=0 rnti=0x4606 h_id=0 ss_id=2 rb=[4..10) newtx=true rv=0 tbs=544 k2=4
2026-04-24T09:23:40.893292 [PHY     ] [I] [   49.17] PUSCH: rnti=0x4606 h_id=0 prb=[4, 10) symb=[0, 14) mod=64QAM rv=0 tbs=544 crc=OK iter=2.0 ack=1 sinr=29.4dB t=89.6us uci_t=37.0us ret_t=3.8us
2026-04-24T09:23:40.893301 [MAC     ] [I] [    50.5] UL rnti=0x4606 ue=0 subPDUs: [lcid=1: len=3, lcid=1: len=84, SBSR: lcg=0 bs=0, SE_PHR: ph=[-16..-15)dB p_cmax=[23..24)dBm, PAD: len=447]
2026-04-24T09:23:40.893303 [RLC     ] [I] du=0 ue=0 SRB1 UL: RX status PDU. ack_sn=2 n_nack=0
2026-04-24T09:23:40.893304 [RLC     ] [I] du=0 ue=0 SRB1 UL: RX PDU. pdu_len=84 dc=data p=1 si=full sn=2
2026-04-24T09:23:40.893306 [RLC     ] [I] du=0 ue=0 SRB1 UL: RX SDU. sn=2 sdu_len=82
2026-04-24T09:23:40.893311 [DU-F1   ] [I] Tx PDU du=0 ue=0 cu_ue=5 du_ue=5: ULRRCMessageTransfer
2026-04-24T09:23:40.893314 [RLC     ] [I] du=0 ue=0 SRB1 DL: Handled status report. t=4us ack_sn=2 n_nack=0
2026-04-24T09:23:40.893315 [CU-CP-F1] [I] Rx PDU du=0 ue=5 cu_ue=5 du_ue=5: ULRRCMessageTransfer
2026-04-24T09:23:40.893317 [PDCP    ] [I] ue=5 SRB1 UL: RX PDU. type=data pdu_len=82 sn=2 count=2
2026-04-24T09:23:40.893318 [PDCP    ] [I] ue=5 SRB1 UL: RX SDU. count=2
2026-04-24T09:23:40.893322 [RRC     ] [I] ue=5 c-rnti=0x4606: DCCH UL ulInformationTransfer
2026-04-24T09:23:40.893327 [NGAP    ] [I] Tx PDU ue=5 ran_ue=5 amf_ue=6: UplinkNASTransport
2026-04-24T09:23:40.893543 [NGAP    ] [I] Rx PDU ue=5 ran_ue=5 amf_ue=6: DownlinkNASTransport
2026-04-24T09:23:40.893549 [RRC     ] [I] ue=5 c-rnti=0x4606: DCCH DL dlInformationTransfer
2026-04-24T09:23:40.893553 [PDCP    ] [I] ue=5 SRB1 DL: TX PDU. type=data pdu_len=13 sn=2 count=2 is_retx=false
2026-04-24T09:23:40.893558 [CU-CP-F1] [I] Tx PDU du=0 ue=5 cu_ue=5 du_ue=5: DLRRCMessageTransfer
2026-04-24T09:23:40.893562 [DU-F1   ] [I] Rx PDU du=0 ue=0 cu_ue=5 du_ue=5: DLRRCMessageTransfer
2026-04-24T09:23:40.893575 [NGAP    ] [I] Rx PDU ue=5 ran_ue=5 amf_ue=6: UEContextReleaseCommand
2026-04-24T09:23:40.893577 [RLC     ] [I] du=0 ue=0 SRB1 DL: TX SDU. sdu_len=13 pdcp_sn=2 is_retx=false queued_sdus=1 queued_bytes=13
2026-04-24T09:23:40.893584 [PDCP    ] [I] ue=5 SRB1 DL: TX PDU. type=data pdu_len=8 sn=3 count=3 is_retx=false
2026-04-24T09:23:40.893585 [RRC     ] [I] ue=5 c-rnti=0x4606: DCCH DL rrcRelease
2026-04-24T09:23:40.893591 [CU-CP-F1] [I] Tx PDU du=0 ue=5 cu_ue=5 du_ue=5: UEContextReleaseCommand
2026-04-24T09:23:40.893593 [DU-F1   ] [I] Rx PDU du=0 ue=0 cu_ue=5 du_ue=5: UEContextReleaseCommand
2026-04-24T09:23:40.893600 [DU-MNG  ] [I] ue=0: DRB traffic stopped
2026-04-24T09:23:40.893606 [RLC     ] [I] du=0 ue=0 SRB1 DL: TX SDU. sdu_len=8 pdcp_sn=3 is_retx=false queued_sdus=2 queued_bytes=21
2026-04-24T09:23:40.893740 [SCHED   ] [I] [    50.6] Slot decisions pci=1 t=19us (1 PDSCH, 0 PUSCHs, 0 PUCCHs): DL: ue=0 c-rnti=0x4606 h_id=1 ss_id=2 rb=[0..2) k1=11 newtx=true rv=0 tbs=46 ri=1 dl_bo=0
2026-04-24T09:23:40.893750 [RLC     ] [I] du=0 ue=0 SRB1 DL: TX status PDU. pdu_len=3 grant_len=28
2026-04-24T09:23:40.893752 [RLC     ] [I] du=0 ue=0 SRB1 DL: TX PDU. dc=data p=0 si=full sn=2 pdu_len=15 grant_len=23
2026-04-24T09:23:40.893753 [RLC     ] [I] du=0 ue=0 SRB1 DL: TX PDU. dc=data p=0 si=first sn=3 pdu_len=6 grant_len=6
2026-04-24T09:23:40.893755 [MAC     ] [I] [    50.6] DL PDU: ue=0 rnti=0x4606 size=46: SDU: lcid=1 nof_sdus=3 total_size=30
2026-04-24T09:23:40.893771 [PHY     ] [I] [    50.6] PDCCH: rnti=0x4606 ss_id=2 format=1_1 cce=8 al=2 t=11.0us
2026-04-24T09:23:40.893788 [PHY     ] [I] [    50.6] PDSCH: rnti=0x4606 h_id=1 k1=11 prb=[0, 2) symb=[2, 8) mod=64QAM rv=0 tbs=46 t=15.3us
2026-04-24T09:23:40.895713 [SCHED   ] [I] [   50.10] Slot decisions pci=1 t=13us (1 PDSCH, 0 PUSCHs, 0 PUCCHs): DL: ue=0 c-rnti=0x4606 h_id=0 ss_id=2 rb=[0..2) k1=7 newtx=true rv=0 tbs=96 ri=1 dl_bo=0
2026-04-24T09:23:40.895724 [RLC     ] [I] du=0 ue=0 SRB1 DL: TX PDU. dc=data p=1 si=last sn=3 so=4 pdu_len=8 grant_len=8
2026-04-24T09:23:40.895725 [MAC     ] [I] [   50.10] DL PDU: ue=0 rnti=0x4606 size=96: SDU: lcid=1 nof_sdus=1 total_size=10
2026-04-24T09:23:40.895741 [PHY     ] [I] [   50.10] PDCCH: rnti=0x4606 ss_id=2 format=1_1 cce=6 al=2 t=10.8us
2026-04-24T09:23:40.895759 [PHY     ] [I] [   50.10] PDSCH: rnti=0x4606 h_id=0 k1=7 prb=[0, 2) symb=[2, 14) mod=64QAM rv=0 tbs=96 t=16.8us
2026-04-24T09:23:40.898715 [PHY     ] [I] [    50.8] PUCCH: rnti=0x4606 format=2 prb=[7, 8) prb2=na symb=[12, 14) csi1=1011 sinr=32.3dB t=14.1us
2026-04-24T09:23:40.903255 [PHY     ] [I] [   50.17] PUCCH: rnti=0x4606 format=1 prb1=2 prb2=na symb=[0, 14) cs=0 occ=0 ack=11 metric=692.3 sinr=14.2dB t=16.9us
2026-04-24T09:23:40.904195 [PHY     ] [I] [   50.19] PUCCH: rnti=0x4606 format=1 prb1=4 prb2=na symb=[0, 14) cs=0 occ=0 sr=yes metric=726.8 sinr=14.4dB t=14.4us
2026-04-24T09:23:40.907212 [PHY     ] [I] [   51.13] PDCCH: rnti=0x4606 ss_id=2 format=0_1 cce=6 al=2 t=11.5us
2026-04-24T09:23:40.909234 [SCHED   ] [I] [   51.17] Slot decisions pci=1 t=1us (0 PDSCHs, 1 PUSCH, 0 PUCCHs): UL: ue=0 rnti=0x4606 h_id=0 ss_id=2 rb=[0..6) newtx=true rv=0 tbs=544 k2=4
2026-04-24T09:23:40.913278 [PHY     ] [I] [   51.17] PUSCH: rnti=0x4606 h_id=0 prb=[0, 6) symb=[0, 14) mod=64QAM rv=0 tbs=544 crc=OK iter=2.0 sinr=28.0dB t=76.2us uci_t=0.0us ret_t=3.9us
2026-04-24T09:23:40.913288 [MAC     ] [I] [    52.5] UL rnti=0x4606 ue=0 subPDUs: [lcid=1: len=3, SBSR: lcg=0 bs=0, SE_PHR: ph=[-17..-16)dB p_cmax=[23..24)dBm, PAD: len=533]
2026-04-24T09:23:40.913290 [RLC     ] [I] du=0 ue=0 SRB1 UL: RX status PDU. ack_sn=4 n_nack=0
2026-04-24T09:23:40.913295 [RLC     ] [I] du=0 ue=0 SRB1 DL: Handled status report. t=2us ack_sn=4 n_nack=0
2026-04-24T09:23:40.913303 [DU-MNG  ] [I] ue=0 proc="UE Delete": Procedure started....
2026-04-24T09:23:40.913309 [DU-MNG  ] [I] ue=0: SRB and DRB traffic stopped
2026-04-24T09:23:40.913313 [DU-F1   ] [I] ue=0 c-rnti=0x4606 du_ue=5 cu_ue=5: F1 UE context removed.
2026-04-24T09:23:40.918703 [PHY     ] [I] [    52.8] PUCCH: rnti=0x4606 format=2 prb=[7, 8) prb2=na symb=[12, 14) csi1=2222 sinr=-6.2dB t=12.1us
2026-04-24T09:23:40.924239 [PHY     ] [I] [   52.19] PUCCH: rnti=0x4606 format=1 prb1=4 prb2=na symb=[0, 14) cs=0 occ=0 sr=no metric=0.4 sinr=-23.3dB t=26.4us
2026-04-24T09:23:40.929713 [MAC     ] [I] [   53.18] ue=0 crnti=0x4606 proc="MAC UE Removal": finished successfully
2026-04-24T09:23:40.989737 [DU-MNG  ] [I] ue=0 proc="UE Delete": Procedure finished successfully.
2026-04-24T09:23:40.989746 [DU-F1   ] [I] Tx PDU du=0 cu_ue=5 du_ue=5: UEContextReleaseComplete
2026-04-24T09:23:40.989786 [CU-CP-F1] [I] Rx PDU du=0 ue=5 cu_ue=5 du_ue=5: UEContextReleaseComplete
2026-04-24T09:23:40.989834 [CU-CP   ] [I] ue=5: "UE Removal Routine" finished successfully
2026-04-24T09:23:40.989847 [NGAP    ] [I] Tx PDU ran_ue=5 amf_ue=6: UEContextReleaseComplete
2026-04-24T09:23:50.934419 [PHY     ] [I] [   29.19] PRACH: rsi=1 rssi=-44.8dB detected_preambles=[{idx=13 ta=7.55us detection_metric=85.8 power_dB=-45.03}] t=170.2us
2026-04-24T09:23:50.934782 [SCHED   ] [I] [    30.8] Processed slot events pci=1: prach(ra-rnti=0x10b preamble=13 tc-rnti=0x4607)
2026-04-24T09:23:50.935734 [SCHED   ] [I] [   30.10] Slot decisions pci=1 t=1us (1 PDSCH, 0 PUSCHs, 0 PUCCHs): RAR: ra-rnti=0x10b rb=[0..3) tbs=9
2026-04-24T09:23:50.935763 [PHY     ] [I] [   30.10] PDCCH: rnti=0x010b ss_id=1 format=1_0 cce=0 al=4 t=17.0us
2026-04-24T09:23:50.935780 [PHY     ] [I] [   30.10] PDSCH: rnti=0x010b prb=[0, 3) symb=[2, 14) mod=QPSK rv=0 tbs=9 t=30.4us
2026-04-24T09:23:50.939282 [SCHED   ] [I] [   30.17] Slot decisions pci=1 t=1us (0 PDSCHs, 1 PUSCH, 0 PUCCHs): UL: ue=1024 rnti=0x4607 h_id=0 ss_id=1 rb=[8..11) newtx=true rv=0 tbs=11 msg3_delay=7
2026-04-24T09:23:50.943396 [PHY     ] [I] [   30.17] PUSCH: rnti=0x4607 h_id=0 prb=[8, 11) symb=[0, 14) mod=QPSK rv=0 tbs=11 crc=OK iter=1.0 sinr=27.8dB t=84.5us uci_t=0.0us ret_t=5.6us
2026-04-24T09:23:50.943410 [MAC     ] [I] [    31.5] UL rnti=0x4607 subPDUs: [CCCH48: len=6, SE_PHR: ph=[-4..-3)dB p_cmax=[25..26)dBm, PAD: len=0]
2026-04-24T09:23:50.943418 [DU-MNG  ] [I] ue=0 rnti=0x4607 proc="UE Create": Procedure started....
2026-04-24T09:23:50.943561 [DU-F1   ] [I] ue=0 c-rnti=0x4607 du_ue=6: F1 UE context created successfully.
2026-04-24T09:23:50.943587 [RLC     ] [I] du=0 ue=0 SRB0 DL: RLC TM created. queue_size=8
2026-04-24T09:23:50.943588 [RLC     ] [I] du=0 ue=0 SRB0 UL: RLC TM created. 
2026-04-24T09:23:50.943622 [RLC     ] [I] du=0 ue=0 SRB1 DL: RLC AM configured. tx_sn_size=12 pdcp_sn_len=12 t_poll_retx=45 max_retx=8 poll_pdu=-1 poll_byte=-1 queue_size=32 queue_size_bytes=64000 max_window=0
2026-04-24T09:23:50.943643 [RLC     ] [I] du=0 ue=0 SRB1 UL: RLC AM configured. rx_sn_size=12 t_reassembly=35 t_status_prohibit=0 max_sn_per_status={na}
2026-04-24T09:23:50.944262 [MAC     ] [I] [    31.7] ue=0 crnti=0x4607 proc="MAC UE Creation": finished successfully
2026-04-24T09:23:50.944267 [DU-MNG  ] [I] ue=0 rnti=0x4607 proc="UE Create": Procedure finished successfully.
2026-04-24T09:23:50.944272 [RLC     ] [I] du=0 ue=0 SRB0 UL: RX SDU. sdu_len=6
2026-04-24T09:23:50.944283 [DU-F1   ] [I] Tx PDU du=0 tid=7 ue=0 du_ue=6: InitialULRRCMessageTransfer
2026-04-24T09:23:50.944292 [CU-CP-F1] [I] Rx PDU du=0 tid=7 du_ue=6: InitialULRRCMessageTransfer
2026-04-24T09:23:50.944302 [CU-UEMNG] [I] ue=6 du_index=0 gnb_du_id=0 pci=1 rnti=0x4607 pcell_index=0: Created new CU-CP UE
2026-04-24T09:23:50.944364 [CU-CP   ] [I] ue=6 c-rnti=0x4607: UE created
2026-04-24T09:23:50.944369 [CU-CP-F1] [I] ue=6 du_ue=6 cu_ue=6: Added UE context
2026-04-24T09:23:50.944373 [RRC     ] [I] ue=6 c-rnti=0x4607: CCCH UL rrcSetupRequest
2026-04-24T09:23:50.944397 [PDCP    ] [I] ue=6 SRB1 DL: PDCP configured. rb_type=SRB rlc_mode=AM sn_size=12 discard_timer=infinity count_notify=3221225472 count_max=4294967294 warn_on_drop=false test_mode=false
2026-04-24T09:23:50.944424 [PDCP    ] [I] ue=6 SRB1 UL: PDCP configured. rb_type=SRB rlc_mode=AM sn_size=12 t_reordering=infinity count_notify=3221225472 count_max=4294967294
2026-04-24T09:23:50.944439 [RRC     ] [I] ue=6 c-rnti=0x4607: CCCH DL rrcSetup
2026-04-24T09:23:50.944443 [CU-CP-F1] [I] Tx PDU du=0 ue=6 cu_ue=6 du_ue=6: DLRRCMessageTransfer
2026-04-24T09:23:50.944448 [DU-F1   ] [I] Rx PDU du=0 ue=0 cu_ue=6 du_ue=6: DLRRCMessageTransfer
2026-04-24T09:23:50.944452 [RLC     ] [I] du=0 ue=0 SRB0 DL: TX SDU. sdu_len=301 queued_sdus=1 queued_bytes=301
2026-04-24T09:23:50.945752 [SCHED   ] [I] [   31.10] Slot decisions pci=1 t=14us (1 PDSCH, 0 PUSCHs, 0 PUCCHs): DL: ue=0 c-rnti=0x4607 h_id=0 ss_id=1 rb=[0..23) k1=7 newtx=true rv=0 tbs=317 ri=1 dl_bo=0
2026-04-24T09:23:50.945769 [RLC     ] [I] du=0 ue=0 SRB0 DL: TX PDU. pdu_len=301 grant_len=301
2026-04-24T09:23:50.945772 [MAC     ] [I] [   31.10] DL PDU: ue=0 rnti=0x4607 size=317: CON_RES: id=17b3c84067a6, SDU: lcid=0 nof_sdus=1 total_size=304
2026-04-24T09:23:50.945800 [PHY     ] [I] [   31.10] PDCCH: rnti=0x4607 ss_id=1 format=1_0 cce=0 al=4 t=21.5us
2026-04-24T09:23:50.945819 [PHY     ] [I] [   31.10] PDSCH: rnti=0x4607 h_id=0 k1=7 prb=[0, 23) symb=[2, 14) mod=QPSK rv=0 tbs=317 t=31.2us
2026-04-24T09:23:50.948284 [PHY     ] [I] [    31.7] PUCCH: rnti=0x4607 format=1 prb1=4 prb2=na symb=[0, 14) cs=0 occ=0 sr=no metric=0.5 sinr=-19.9dB t=30.8us
2026-04-24T09:23:50.953304 [PHY     ] [I] [   31.17] PUCCH: rnti=0x4607 format=1 prb1=0 prb2=50 symb=[0, 14) cs=0 occ=0 ack=1 metric=462.7 sinr=14.5dB t=15.1us
2026-04-24T09:23:50.958359 [PHY     ] [I] [    32.8] PUCCH: rnti=0x4607 format=2 prb=[43, 44) prb2=na symb=[0, 2) csi1=2222 sinr=-4.5dB t=26.3us
2026-04-24T09:23:50.968288 [PHY     ] [I] [    33.7] PUCCH: rnti=0x4607 format=1 prb1=4 prb2=na symb=[0, 14) cs=0 occ=0 sr=yes metric=745.0 sinr=14.5dB t=34.0us
2026-04-24T09:23:50.972248 [PHY     ] [I] [    34.3] PDCCH: rnti=0x4607 ss_id=1 format=0_0 cce=0 al=4 t=16.8us
2026-04-24T09:23:50.974272 [SCHED   ] [I] [    34.7] Slot decisions pci=1 t=1us (0 PDSCHs, 1 PUSCH, 0 PUCCHs): UL: ue=0 rnti=0x4607 h_id=0 ss_id=1 rb=[8..32) newtx=true rv=0 tbs=528 k2=4
2026-04-24T09:23:50.978379 [PHY     ] [I] [    34.7] PUSCH: rnti=0x4607 h_id=0 prb=[8, 32) symb=[0, 14) mod=QPSK rv=0 tbs=528 crc=OK iter=2.0 sinr=24.8dB t=113.4us uci_t=0.0us ret_t=3.6us
2026-04-24T09:23:50.978379 [PHY     ] [I] [    34.8] PUCCH: rnti=0x4607 format=2 prb=[43, 44) prb2=na symb=[0, 2) csi1=2222 sinr=-10.2dB t=11.0us
2026-04-24T09:23:50.978387 [MAC     ] [I] [   34.15] UL rnti=0x4607 ue=0 subPDUs: [lcid=1: len=93, SBSR: lcg=0 bs=0, SE_PHR: ph=[-17..-16)dB p_cmax=[23..24)dBm, PAD: len=427]
2026-04-24T09:23:50.978389 [RLC     ] [I] du=0 ue=0 SRB1 UL: RX PDU. pdu_len=93 dc=data p=1 si=full sn=0
2026-04-24T09:23:50.978393 [RLC     ] [I] du=0 ue=0 SRB1 UL: RX SDU. sn=0 sdu_len=91
2026-04-24T09:23:50.978404 [DU-F1   ] [I] Tx PDU du=0 ue=0 cu_ue=6 du_ue=6: ULRRCMessageTransfer
2026-04-24T09:23:50.978410 [CU-CP-F1] [I] Rx PDU du=0 ue=6 cu_ue=6 du_ue=6: ULRRCMessageTransfer
2026-04-24T09:23:50.978414 [PDCP    ] [I] ue=6 SRB1 UL: RX PDU. type=data pdu_len=91 sn=0 count=0
2026-04-24T09:23:50.978416 [PDCP    ] [I] ue=6 SRB1 UL: RX SDU. count=0
2026-04-24T09:23:50.978424 [RRC     ] [I] ue=6 c-rnti=0x4607: DCCH UL rrcSetupComplete
2026-04-24T09:23:50.978449 [NGAP    ] [I] Tx PDU ue=6 ran_ue=6: InitialUEMessage
2026-04-24T09:23:50.978808 [SCHED   ] [I] [   34.16] Slot decisions pci=1 t=41us (1 PDSCH, 0 PUSCHs, 0 PUCCHs): DL: ue=0 c-rnti=0x4607 h_id=0 ss_id=2 rb=[0..2) k1=11 newtx=true rv=0 tbs=5 ri=1 dl_bo=5
2026-04-24T09:23:50.978821 [MAC     ] [I] [   34.16] DL PDU: ue=0 rnti=0x4607 size=5: 
2026-04-24T09:23:50.978851 [PHY     ] [I] [   34.16] PDCCH: rnti=0x4607 ss_id=2 format=1_1 cce=0 al=4 t=25.1us
2026-04-24T09:23:50.978862 [PHY     ] [I] [   34.16] PDSCH: rnti=0x4607 h_id=0 k1=11 prb=[0, 2) symb=[2, 8) mod=QPSK rv=0 tbs=5 t=17.8us
2026-04-24T09:23:50.980697 [NGAP    ] [I] Rx PDU ue=6 ran_ue=6 amf_ue=7: DownlinkNASTransport
2026-04-24T09:23:50.980707 [RRC     ] [I] ue=6 c-rnti=0x4607: DCCH DL dlInformationTransfer
2026-04-24T09:23:50.980711 [PDCP    ] [I] ue=6 SRB1 DL: TX PDU. type=data pdu_len=51 sn=0 count=0 is_retx=false
2026-04-24T09:23:50.980716 [CU-CP-F1] [I] Tx PDU du=0 ue=6 cu_ue=6 du_ue=6: DLRRCMessageTransfer
2026-04-24T09:23:50.980720 [DU-F1   ] [I] Rx PDU du=0 ue=0 cu_ue=6 du_ue=6: DLRRCMessageTransfer
2026-04-24T09:23:50.980724 [RLC     ] [I] du=0 ue=0 SRB1 DL: TX SDU. sdu_len=51 pdcp_sn=0 is_retx=false queued_sdus=1 queued_bytes=51
2026-04-24T09:23:50.980743 [SCHED   ] [I] [    35.0] Slot decisions pci=1 t=23us (1 PDSCH, 0 PUSCHs, 0 PUCCHs): DL: ue=0 c-rnti=0x4607 h_id=1 ss_id=2 rb=[20..22) k1=7 newtx=true rv=0 tbs=11 ri=1 dl_bo=0
2026-04-24T09:23:50.980760 [RLC     ] [I] du=0 ue=0 SRB1 DL: TX status PDU. pdu_len=3 grant_len=9
2026-04-24T09:23:50.980765 [RLC     ] [I] du=0 ue=0 SRB1 DL: TX PDU. dc=data p=0 si=first sn=0 pdu_len=4 grant_len=4
2026-04-24T09:23:50.980767 [MAC     ] [I] [    35.0] DL PDU: ue=0 rnti=0x4607 size=11: SDU: lcid=1 nof_sdus=2 total_size=11
2026-04-24T09:23:50.980789 [PHY     ] [I] [    35.0] PDCCH: rnti=0x4607 ss_id=2 format=1_1 cce=4 al=4 t=17.4us
2026-04-24T09:23:50.980794 [PHY     ] [I] [    35.0] PDSCH: rnti=0x4607 h_id=1 k1=7 prb=[20, 22) symb=[2, 14) mod=QPSK rv=0 tbs=11 t=20.9us
2026-04-24T09:23:50.981271 [SCHED   ] [I] [    35.1] Slot decisions pci=1 t=19us (1 PDSCH, 0 PUSCHs, 0 PUCCHs): DL: ue=0 c-rnti=0x4607 h_id=2 ss_id=2 rb=[0..10) k1=6 newtx=true rv=0 tbs=60 ri=1 dl_bo=0
2026-04-24T09:23:50.981282 [RLC     ] [I] du=0 ue=0 SRB1 DL: TX PDU. dc=data p=1 si=last sn=0 so=2 pdu_len=53 grant_len=58
2026-04-24T09:23:50.981284 [MAC     ] [I] [    35.1] DL PDU: ue=0 rnti=0x4607 size=60: SDU: lcid=1 nof_sdus=1 total_size=55
2026-04-24T09:23:50.981305 [PHY     ] [I] [    35.1] PDCCH: rnti=0x4607 ss_id=2 format=1_1 cce=8 al=4 t=17.2us
2026-04-24T09:23:50.981330 [PHY     ] [I] [    35.1] PDSCH: rnti=0x4607 h_id=2 k1=6 prb=[0, 10) symb=[2, 14) mod=QPSK rv=0 tbs=60 t=25.5us
2026-04-24T09:23:50.985787 [SCHED   ] [I] [   35.10] Slot decisions pci=1 t=11us (1 PDSCH, 0 PUSCHs, 0 PUCCHs): DL: ue=0 c-rnti=0x4607 h_id=3 ss_id=2 rb=[0..2) k1=7 newtx=true rv=0 tbs=11 ri=1 dl_bo=0
2026-04-24T09:23:50.985802 [MAC     ] [I] [   35.10] DL PDU: ue=0 rnti=0x4607 size=11: TA_CMD: tag_id=0, ta_cmd=29
2026-04-24T09:23:50.985823 [PHY     ] [I] [   35.10] PDCCH: rnti=0x4607 ss_id=2 format=1_1 cce=0 al=4 t=17.6us
2026-04-24T09:23:50.985851 [PHY     ] [I] [   35.10] PDSCH: rnti=0x4607 h_id=3 k1=7 prb=[0, 2) symb=[2, 14) mod=QPSK rv=0 tbs=11 t=26.5us
2026-04-24T09:23:50.987840 [PHY     ] [I] [    35.7] PUCCH: rnti=0x4607 format=2 prb=[6, 7) prb2=na symb=[0, 2) ack=111 sr=1 sinr=29.7dB t=17.1us
2026-04-24T09:23:50.988288 [PHY     ] [I] [   35.15] PDCCH: rnti=0x4607 ss_id=2 format=0_1 cce=0 al=4 t=17.1us
2026-04-24T09:23:50.990277 [SCHED   ] [I] [   35.19] Slot decisions pci=1 t=1us (0 PDSCHs, 1 PUSCH, 0 PUCCHs): UL: ue=0 rnti=0x4607 h_id=0 ss_id=2 rb=[0..6) newtx=true rv=0 tbs=544 k2=4
2026-04-24T09:23:50.993303 [PHY     ] [I] [   35.17] PUCCH: rnti=0x4607 format=1 prb1=0 prb2=na symb=[0, 14) cs=0 occ=0 ack=1 metric=795.8 sinr=14.8dB t=15.1us
2026-04-24T09:23:50.994350 [PHY     ] [I] [   35.19] PUSCH: rnti=0x4607 h_id=0 prb=[0, 6) symb=[0, 14) mod=64QAM rv=0 tbs=544 crc=OK iter=2.0 sinr=29.3dB t=74.6us uci_t=0.0us ret_t=2.7us
2026-04-24T09:23:50.994358 [MAC     ] [I] [    36.7] UL rnti=0x4607 ue=0 subPDUs: [lcid=1: len=3, SBSR: lcg=0 bs=0, SE_PHR: ph=[-12..-11)dB p_cmax=[23..24)dBm, PAD: len=533]
2026-04-24T09:23:50.994360 [RLC     ] [I] du=0 ue=0 SRB1 UL: RX status PDU. ack_sn=1 n_nack=0
2026-04-24T09:23:50.994365 [RLC     ] [I] du=0 ue=0 SRB1 DL: Handled status report. t=2us ack_sn=1 n_nack=0
2026-04-24T09:23:50.998374 [PHY     ] [I] [    36.8] PUCCH: rnti=0x4607 format=2 prb=[43, 44) prb2=na symb=[0, 2) csi1=1011 sinr=33.6dB t=10.4us
2026-04-24T09:23:51.008302 [PHY     ] [I] [    37.7] PUCCH: rnti=0x4607 format=1 prb1=4 prb2=na symb=[0, 14) cs=0 occ=0 sr=no metric=0.5 sinr=-15.6dB t=28.4us
2026-04-24T09:23:51.018396 [PHY     ] [I] [    38.8] PUCCH: rnti=0x4607 format=2 prb=[43, 44) prb2=na symb=[0, 2) csi1=1011 sinr=34.5dB t=13.2us
2026-04-24T09:23:51.028334 [PHY     ] [I] [    39.7] PUCCH: rnti=0x4607 format=1 prb1=4 prb2=na symb=[0, 14) cs=0 occ=0 sr=no metric=0.2 sinr=-43.9dB t=41.1us
2026-04-24T09:23:51.038409 [PHY     ] [I] [    40.8] PUCCH: rnti=0x4607 format=2 prb=[43, 44) prb2=na symb=[0, 2) csi1=1011 sinr=34.2dB t=26.3us
2026-04-24T09:23:51.048316 [PHY     ] [I] [    41.7] PUCCH: rnti=0x4607 format=1 prb1=4 prb2=na symb=[0, 14) cs=0 occ=0 sr=no metric=0.7 sinr=-13.2dB t=24.4us
2026-04-24T09:23:51.058419 [PHY     ] [I] [    42.8] PUCCH: rnti=0x4607 format=2 prb=[43, 44) prb2=na symb=[0, 2) csi1=1011 sinr=34.1dB t=10.2us
2026-04-24T09:23:51.068305 [PHY     ] [I] [    43.7] PUCCH: rnti=0x4607 format=1 prb1=4 prb2=na symb=[0, 14) cs=0 occ=0 sr=no metric=0.4 sinr=-28.9dB t=14.1us
2026-04-24T09:23:51.078346 [PHY     ] [I] [    44.8] PUCCH: rnti=0x4607 format=2 prb=[43, 44) prb2=na symb=[0, 2) csi1=1011 sinr=35.9dB t=24.8us
2026-04-24T09:23:51.088379 [PHY     ] [I] [    45.7] PUCCH: rnti=0x4607 format=1 prb1=4 prb2=na symb=[0, 14) cs=0 occ=0 sr=no metric=0.2 sinr=-18.1dB t=32.4us
2026-04-24T09:23:51.098353 [PHY     ] [I] [    46.8] PUCCH: rnti=0x4607 format=2 prb=[43, 44) prb2=na symb=[0, 2) csi1=1011 sinr=34.9dB t=12.1us
2026-04-24T09:23:51.108248 [PHY     ] [I] [    47.7] PUCCH: rnti=0x4607 format=1 prb1=4 prb2=na symb=[0, 14) cs=0 occ=0 sr=no metric=0.3 sinr=-15.9dB t=12.8us
2026-04-24T09:23:51.118316 [PHY     ] [I] [    48.8] PUCCH: rnti=0x4607 format=2 prb=[43, 44) prb2=na symb=[0, 2) csi1=1011 sinr=34.5dB t=7.3us
2026-04-24T09:23:51.128267 [PHY     ] [I] [    49.7] PUCCH: rnti=0x4607 format=1 prb1=4 prb2=na symb=[0, 14) cs=0 occ=0 sr=no metric=0.2 sinr=-20.8dB t=22.8us
2026-04-24T09:23:51.138355 [PHY     ] [I] [    50.8] PUCCH: rnti=0x4607 format=2 prb=[43, 44) prb2=na symb=[0, 2) csi1=1011 sinr=34.9dB t=15.3us
2026-04-24T09:23:51.148292 [PHY     ] [I] [    51.7] PUCCH: rnti=0x4607 format=1 prb1=4 prb2=na symb=[0, 14) cs=0 occ=0 sr=no metric=0.2 sinr=-18.8dB t=29.5us
2026-04-24T09:23:51.158361 [PHY     ] [I] [    52.8] PUCCH: rnti=0x4607 format=2 prb=[43, 44) prb2=na symb=[0, 2) csi1=1011 sinr=34.7dB t=11.2us
2026-04-24T09:23:51.168272 [PHY     ] [I] [    53.7] PUCCH: rnti=0x4607 format=1 prb1=4 prb2=na symb=[0, 14) cs=0 occ=0 sr=no metric=0.7 sinr=-13.7dB t=14.6us
2026-04-24T09:23:51.178369 [PHY     ] [I] [    54.8] PUCCH: rnti=0x4607 format=2 prb=[43, 44) prb2=na symb=[0, 2) csi1=1011 sinr=33.3dB t=15.9us
2026-04-24T09:23:51.188287 [PHY     ] [I] [    55.7] PUCCH: rnti=0x4607 format=1 prb1=4 prb2=na symb=[0, 14) cs=0 occ=0 sr=no metric=0.4 sinr=-15.9dB t=12.9us
2026-04-24T09:23:51.198400 [PHY     ] [I] [    56.8] PUCCH: rnti=0x4607 format=2 prb=[43, 44) prb2=na symb=[0, 2) csi1=1011 sinr=33.6dB t=10.4us
2026-04-24T09:23:51.208310 [PHY     ] [I] [    57.7] PUCCH: rnti=0x4607 format=1 prb1=4 prb2=na symb=[0, 14) cs=0 occ=0 sr=no metric=0.1 sinr=-19.9dB t=24.1us
2026-04-24T09:23:51.218411 [PHY     ] [I] [    58.8] PUCCH: rnti=0x4607 format=2 prb=[43, 44) prb2=na symb=[0, 2) csi1=1011 sinr=34.2dB t=9.2us
2026-04-24T09:23:51.228304 [PHY     ] [I] [    59.7] PUCCH: rnti=0x4607 format=1 prb1=4 prb2=na symb=[0, 14) cs=0 occ=0 sr=no metric=0.4 sinr=-12.4dB t=14.6us
2026-04-24T09:23:51.238417 [PHY     ] [I] [    60.8] PUCCH: rnti=0x4607 format=2 prb=[43, 44) prb2=na symb=[0, 2) csi1=1011 sinr=34.1dB t=28.6us
2026-04-24T09:23:51.248339 [PHY     ] [I] [    61.7] PUCCH: rnti=0x4607 format=1 prb1=4 prb2=na symb=[0, 14) cs=0 occ=0 sr=no metric=0.2 sinr=-19.4dB t=19.0us
2026-04-24T09:23:51.258372 [PHY     ] [I] [    62.8] PUCCH: rnti=0x4607 format=2 prb=[43, 44) prb2=na symb=[0, 2) csi1=1011 sinr=33.9dB t=26.0us
2026-04-24T09:23:51.268334 [PHY     ] [I] [    63.7] PUCCH: rnti=0x4607 format=1 prb1=4 prb2=na symb=[0, 14) cs=0 occ=0 sr=no metric=0.1 sinr=-23.4dB t=14.3us
2026-04-24T09:23:51.278345 [PHY     ] [I] [    64.8] PUCCH: rnti=0x4607 format=2 prb=[43, 44) prb2=na symb=[0, 2) csi1=1011 sinr=34.0dB t=13.6us
2026-04-24T09:23:51.288244 [PHY     ] [I] [    65.7] PUCCH: rnti=0x4607 format=1 prb1=4 prb2=na symb=[0, 14) cs=0 occ=0 sr=no metric=0.1 sinr=-23.9dB t=12.8us
2026-04-24T09:23:51.298350 [PHY     ] [I] [    66.8] PUCCH: rnti=0x4607 format=2 prb=[43, 44) prb2=na symb=[0, 2) csi1=1011 sinr=33.0dB t=12.8us
2026-04-24T09:23:51.308295 [PHY     ] [I] [    67.7] PUCCH: rnti=0x4607 format=1 prb1=4 prb2=na symb=[0, 14) cs=0 occ=0 sr=yes metric=552.3 sinr=13.2dB t=18.1us
2026-04-24T09:23:51.312265 [PHY     ] [I] [    68.3] PDCCH: rnti=0x4607 ss_id=2 format=0_1 cce=10 al=2 t=17.4us
2026-04-24T09:23:51.314278 [SCHED   ] [I] [    68.7] Slot decisions pci=1 t=0us (0 PDSCHs, 1 PUSCH, 0 PUCCHs): UL: ue=0 rnti=0x4607 h_id=0 ss_id=2 rb=[0..6) newtx=true rv=0 tbs=544 k2=4
2026-04-24T09:23:51.318349 [PHY     ] [I] [    68.7] PUSCH: rnti=0x4607 h_id=0 prb=[0, 6) symb=[0, 14) mod=64QAM rv=0 tbs=544 crc=OK iter=2.0 sinr=28.7dB t=103.6us uci_t=0.0us ret_t=5.8us
2026-04-24T09:23:51.318368 [PHY     ] [I] [    68.8] PUCCH: rnti=0x4607 format=2 prb=[43, 44) prb2=na symb=[0, 2) csi1=1011 sinr=34.7dB t=8.7us
2026-04-24T09:23:51.318374 [MAC     ] [I] [   68.15] UL rnti=0x4607 ue=0 subPDUs: [lcid=1: len=39, SBSR: lcg=0 bs=0, SE_PHR: ph=[-12..-11)dB p_cmax=[23..24)dBm, PAD: len=497]
2026-04-24T09:23:51.318377 [RLC     ] [I] du=0 ue=0 SRB1 UL: RX PDU. pdu_len=39 dc=data p=1 si=full sn=1
2026-04-24T09:23:51.318381 [RLC     ] [I] du=0 ue=0 SRB1 UL: RX SDU. sn=1 sdu_len=37
2026-04-24T09:23:51.318398 [DU-F1   ] [I] Tx PDU du=0 ue=0 cu_ue=6 du_ue=6: ULRRCMessageTransfer
2026-04-24T09:23:51.318404 [CU-CP-F1] [I] Rx PDU du=0 ue=6 cu_ue=6 du_ue=6: ULRRCMessageTransfer
2026-04-24T09:23:51.318409 [PDCP    ] [I] ue=6 SRB1 UL: RX PDU. type=data pdu_len=37 sn=1 count=1
2026-04-24T09:23:51.318411 [PDCP    ] [I] ue=6 SRB1 UL: RX SDU. count=1
2026-04-24T09:23:51.318418 [RRC     ] [I] ue=6 c-rnti=0x4607: DCCH UL ulInformationTransfer
2026-04-24T09:23:51.318433 [NGAP    ] [I] Tx PDU ue=6 ran_ue=6 amf_ue=7: UplinkNASTransport
2026-04-24T09:23:51.318825 [SCHED   ] [I] [   68.16] Slot decisions pci=1 t=28us (1 PDSCH, 0 PUSCHs, 0 PUCCHs): DL: ue=0 c-rnti=0x4607 h_id=3 ss_id=2 rb=[0..2) k1=11 newtx=true rv=0 tbs=51 ri=1 dl_bo=0
2026-04-24T09:23:51.318839 [RLC     ] [I] du=0 ue=0 SRB1 DL: TX status PDU. pdu_len=3 grant_len=4
2026-04-24T09:23:51.318842 [MAC     ] [I] [   68.16] DL PDU: ue=0 rnti=0x4607 size=51: SDU: lcid=1 nof_sdus=1 total_size=5
2026-04-24T09:23:51.318860 [PHY     ] [I] [   68.16] PDCCH: rnti=0x4607 ss_id=2 format=1_1 cce=0 al=2 t=12.0us
2026-04-24T09:23:51.318868 [PHY     ] [I] [   68.16] PDSCH: rnti=0x4607 h_id=3 k1=11 prb=[0, 2) symb=[2, 8) mod=64QAM rv=0 tbs=51 t=19.3us
2026-04-24T09:23:51.321108 [NGAP    ] [I] Rx PDU ue=6 ran_ue=6 amf_ue=7: DownlinkNASTransport
2026-04-24T09:23:51.321116 [RRC     ] [I] ue=6 c-rnti=0x4607: DCCH DL dlInformationTransfer
2026-04-24T09:23:51.321120 [PDCP    ] [I] ue=6 SRB1 DL: TX PDU. type=data pdu_len=28 sn=1 count=1 is_retx=false
2026-04-24T09:23:51.321127 [CU-CP-F1] [I] Tx PDU du=0 ue=6 cu_ue=6 du_ue=6: DLRRCMessageTransfer
2026-04-24T09:23:51.321132 [DU-F1   ] [I] Rx PDU du=0 ue=0 cu_ue=6 du_ue=6: DLRRCMessageTransfer
2026-04-24T09:23:51.321137 [RLC     ] [I] du=0 ue=0 SRB1 DL: TX SDU. sdu_len=28 pdcp_sn=1 is_retx=false queued_sdus=1 queued_bytes=28
2026-04-24T09:23:51.321254 [SCHED   ] [I] [    69.1] Slot decisions pci=1 t=10us (1 PDSCH, 0 PUSCHs, 0 PUCCHs): DL: ue=0 c-rnti=0x4607 h_id=2 ss_id=2 rb=[0..2) k1=6 newtx=true rv=0 tbs=106 ri=1 dl_bo=0
2026-04-24T09:23:51.321265 [RLC     ] [I] du=0 ue=0 SRB1 DL: TX PDU. dc=data p=1 si=full sn=1 pdu_len=30 grant_len=30
2026-04-24T09:23:51.321267 [MAC     ] [I] [    69.1] DL PDU: ue=0 rnti=0x4607 size=106: SDU: lcid=1 nof_sdus=1 total_size=32
2026-04-24T09:23:51.321283 [PHY     ] [I] [    69.1] PDCCH: rnti=0x4607 ss_id=2 format=1_1 cce=4 al=2 t=11.9us
2026-04-24T09:23:51.321306 [PHY     ] [I] [    69.1] PDSCH: rnti=0x4607 h_id=2 k1=6 prb=[0, 2) symb=[2, 14) mod=64QAM rv=0 tbs=106 t=21.3us
2026-04-24T09:23:51.328299 [PHY     ] [I] [    69.7] PUCCH: rnti=0x4607 format=1 prb1=4 prb2=na symb=[0, 14) cs=0 occ=0 ack=01 metric=595.6 sinr=13.5dB t=16.2us
2026-04-24T09:23:51.328318 [PHY     ] [I] [    69.7] PUCCH: rnti=0x4607 format=1 prb1=0 prb2=na symb=[0, 14) cs=0 occ=0 ack=22 metric=0.1 sinr=-17.9dB t=24.0us
2026-04-24T09:23:51.328791 [SCHED   ] [I] [   69.16] Slot decisions pci=1 t=13us (1 PDSCH, 0 PUSCHs, 0 PUCCHs): DL: ue=0 c-rnti=0x4607 h_id=3 ss_id=2 rb=[0..2) k1=11 newtx=false rv=2 tbs=51
2026-04-24T09:23:51.328819 [PHY     ] [I] [   69.16] PDCCH: rnti=0x4607 ss_id=2 format=1_1 cce=0 al=2 t=12.0us
2026-04-24T09:23:51.328834 [PHY     ] [I] [   69.16] PDSCH: rnti=0x4607 h_id=3 k1=11 prb=[0, 2) symb=[2, 8) mod=64QAM rv=2 tbs=51 t=18.6us
2026-04-24T09:23:51.332276 [PHY     ] [I] [    70.3] PDCCH: rnti=0x4607 ss_id=2 format=0_1 cce=10 al=2 t=8.9us
2026-04-24T09:23:51.334252 [SCHED   ] [I] [    70.7] Slot decisions pci=1 t=1us (0 PDSCHs, 1 PUSCH, 0 PUCCHs): UL: ue=0 rnti=0x4607 h_id=0 ss_id=2 rb=[2..8) newtx=true rv=0 tbs=544 k2=4
2026-04-24T09:23:51.338340 [PHY     ] [I] [    70.7] PUSCH: rnti=0x4607 h_id=0 prb=[2, 8) symb=[0, 14) mod=64QAM rv=0 tbs=544 crc=OK iter=2.0 ack=1 sinr=29.3dB t=88.2us uci_t=37.0us ret_t=3.7us
2026-04-24T09:23:51.338348 [MAC     ] [I] [   70.15] UL rnti=0x4607 ue=0 subPDUs: [lcid=1: len=3, lcid=1: len=84, SBSR: lcg=0 bs=0, SE_PHR: ph=[-11..-10)dB p_cmax=[23..24)dBm, PAD: len=447]
2026-04-24T09:23:51.338350 [RLC     ] [I] du=0 ue=0 SRB1 UL: RX status PDU. ack_sn=2 n_nack=0
2026-04-24T09:23:51.338352 [RLC     ] [I] du=0 ue=0 SRB1 UL: RX PDU. pdu_len=84 dc=data p=1 si=full sn=2
2026-04-24T09:23:51.338353 [RLC     ] [I] du=0 ue=0 SRB1 UL: RX SDU. sn=2 sdu_len=82
2026-04-24T09:23:51.338360 [RLC     ] [I] du=0 ue=0 SRB1 DL: Handled status report. t=2us ack_sn=2 n_nack=0
2026-04-24T09:23:51.338365 [DU-F1   ] [I] Tx PDU du=0 ue=0 cu_ue=6 du_ue=6: ULRRCMessageTransfer
2026-04-24T09:23:51.338369 [CU-CP-F1] [I] Rx PDU du=0 ue=6 cu_ue=6 du_ue=6: ULRRCMessageTransfer
2026-04-24T09:23:51.338371 [PDCP    ] [I] ue=6 SRB1 UL: RX PDU. type=data pdu_len=82 sn=2 count=2
2026-04-24T09:23:51.338373 [PDCP    ] [I] ue=6 SRB1 UL: RX SDU. count=2
2026-04-24T09:23:51.338376 [RRC     ] [I] ue=6 c-rnti=0x4607: DCCH UL ulInformationTransfer
2026-04-24T09:23:51.338383 [NGAP    ] [I] Tx PDU ue=6 ran_ue=6 amf_ue=7: UplinkNASTransport
2026-04-24T09:23:51.338394 [PHY     ] [I] [    70.8] PUCCH: rnti=0x4607 format=2 prb=[43, 44) prb2=na symb=[0, 2) csi1=1011 sinr=35.4dB t=9.1us
2026-04-24T09:23:51.338604 [NGAP    ] [I] Rx PDU ue=6 ran_ue=6 amf_ue=7: DownlinkNASTransport
2026-04-24T09:23:51.338609 [RRC     ] [I] ue=6 c-rnti=0x4607: DCCH DL dlInformationTransfer
2026-04-24T09:23:51.338612 [PDCP    ] [I] ue=6 SRB1 DL: TX PDU. type=data pdu_len=13 sn=2 count=2 is_retx=false
2026-04-24T09:23:51.338615 [CU-CP-F1] [I] Tx PDU du=0 ue=6 cu_ue=6 du_ue=6: DLRRCMessageTransfer
2026-04-24T09:23:51.338619 [DU-F1   ] [I] Rx PDU du=0 ue=0 cu_ue=6 du_ue=6: DLRRCMessageTransfer
2026-04-24T09:23:51.338622 [NGAP    ] [I] Rx PDU ue=6 ran_ue=6 amf_ue=7: UEContextReleaseCommand
2026-04-24T09:23:51.338622 [RLC     ] [I] du=0 ue=0 SRB1 DL: TX SDU. sdu_len=13 pdcp_sn=2 is_retx=false queued_sdus=1 queued_bytes=13
2026-04-24T09:23:51.338633 [PDCP    ] [I] ue=6 SRB1 DL: TX PDU. type=data pdu_len=8 sn=3 count=3 is_retx=false
2026-04-24T09:23:51.338635 [RRC     ] [I] ue=6 c-rnti=0x4607: DCCH DL rrcRelease
2026-04-24T09:23:51.338642 [CU-CP-F1] [I] Tx PDU du=0 ue=6 cu_ue=6 du_ue=6: UEContextReleaseCommand
2026-04-24T09:23:51.338645 [DU-F1   ] [I] Rx PDU du=0 ue=0 cu_ue=6 du_ue=6: UEContextReleaseCommand
2026-04-24T09:23:51.338653 [DU-MNG  ] [I] ue=0: DRB traffic stopped
2026-04-24T09:23:51.338659 [RLC     ] [I] du=0 ue=0 SRB1 DL: TX SDU. sdu_len=8 pdcp_sn=3 is_retx=false queued_sdus=2 queued_bytes=21
2026-04-24T09:23:51.338809 [SCHED   ] [I] [   70.16] Slot decisions pci=1 t=23us (1 PDSCH, 0 PUSCHs, 0 PUCCHs): DL: ue=0 c-rnti=0x4607 h_id=3 ss_id=2 rb=[0..2) k1=11 newtx=true rv=0 tbs=46 ri=1 dl_bo=0
2026-04-24T09:23:51.338823 [RLC     ] [I] du=0 ue=0 SRB1 DL: TX status PDU. pdu_len=3 grant_len=28
2026-04-24T09:23:51.338826 [RLC     ] [I] du=0 ue=0 SRB1 DL: TX PDU. dc=data p=0 si=full sn=2 pdu_len=15 grant_len=23
2026-04-24T09:23:51.338827 [RLC     ] [I] du=0 ue=0 SRB1 DL: TX PDU. dc=data p=0 si=first sn=3 pdu_len=6 grant_len=6
2026-04-24T09:23:51.338828 [MAC     ] [I] [   70.16] DL PDU: ue=0 rnti=0x4607 size=46: SDU: lcid=1 nof_sdus=3 total_size=30
2026-04-24T09:23:51.338836 [PHY     ] [I] [   70.16] PDCCH: rnti=0x4607 ss_id=2 format=1_1 cce=0 al=2 t=10.4us
2026-04-24T09:23:51.338851 [PHY     ] [I] [   70.16] PDSCH: rnti=0x4607 h_id=3 k1=11 prb=[0, 2) symb=[2, 8) mod=64QAM rv=0 tbs=46 t=17.2us
2026-04-24T09:23:51.340730 [SCHED   ] [I] [    71.0] Slot decisions pci=1 t=10us (1 PDSCH, 0 PUSCHs, 0 PUCCHs): DL: ue=0 c-rnti=0x4607 h_id=2 ss_id=2 rb=[20..22) k1=7 newtx=true rv=0 tbs=96 ri=1 dl_bo=0
2026-04-24T09:23:51.340741 [RLC     ] [I] du=0 ue=0 SRB1 DL: TX PDU. dc=data p=1 si=last sn=3 so=4 pdu_len=8 grant_len=8
2026-04-24T09:23:51.340743 [MAC     ] [I] [    71.0] DL PDU: ue=0 rnti=0x4607 size=96: SDU: lcid=1 nof_sdus=1 total_size=10
2026-04-24T09:23:51.340758 [PHY     ] [I] [    71.0] PDCCH: rnti=0x4607 ss_id=2 format=1_1 cce=10 al=2 t=11.1us
2026-04-24T09:23:51.340772 [PHY     ] [I] [    71.0] PDSCH: rnti=0x4607 h_id=2 k1=7 prb=[20, 22) symb=[2, 14) mod=64QAM rv=0 tbs=96 t=15.7us
2026-04-24T09:23:51.348275 [PHY     ] [I] [    71.7] PUCCH: rnti=0x4607 format=1 prb1=4 prb2=na symb=[0, 14) cs=0 occ=0 ack=22 metric=0.1 sinr=-31.7dB t=14.9us
2026-04-24T09:23:51.348297 [PHY     ] [I] [    71.7] PUCCH: rnti=0x4607 format=1 prb1=0 prb2=na symb=[0, 14) cs=0 occ=0 ack=10 metric=639.5 sinr=13.8dB t=28.3us
2026-04-24T09:23:51.350755 [SCHED   ] [I] [    72.0] Slot decisions pci=1 t=7us (1 PDSCH, 0 PUSCHs, 0 PUCCHs): DL: ue=0 c-rnti=0x4607 h_id=2 ss_id=2 rb=[20..22) k1=7 newtx=false rv=2 tbs=96
2026-04-24T09:23:51.350780 [PHY     ] [I] [    72.0] PDCCH: rnti=0x4607 ss_id=2 format=1_1 cce=10 al=2 t=11.0us
2026-04-24T09:23:51.350795 [PHY     ] [I] [    72.0] PDSCH: rnti=0x4607 h_id=2 k1=7 prb=[20, 22) symb=[2, 14) mod=64QAM rv=2 tbs=96 t=20.8us
2026-04-24T09:23:51.358313 [PHY     ] [I] [    72.7] PUCCH: rnti=0x4607 format=1 prb1=0 prb2=na symb=[0, 14) cs=0 occ=0 ack=1 metric=638.4 sinr=13.8dB t=13.0us
2026-04-24T09:23:51.358366 [PHY     ] [I] [    72.8] PUCCH: rnti=0x4607 format=2 prb=[43, 44) prb2=na symb=[0, 2) csi1=1011 sinr=35.0dB t=9.6us
2026-04-24T09:23:51.368286 [PHY     ] [I] [    73.7] PUCCH: rnti=0x4607 format=1 prb1=4 prb2=na symb=[0, 14) cs=0 occ=0 sr=yes metric=715.6 sinr=14.3dB t=12.2us
2026-04-24T09:23:51.372276 [PHY     ] [I] [    74.3] PDCCH: rnti=0x4607 ss_id=2 format=0_1 cce=10 al=2 t=9.4us
2026-04-24T09:23:51.374299 [SCHED   ] [I] [    74.7] Slot decisions pci=1 t=1us (0 PDSCHs, 1 PUSCH, 0 PUCCHs): UL: ue=0 rnti=0x4607 h_id=0 ss_id=2 rb=[0..6) newtx=true rv=0 tbs=544 k2=4
2026-04-24T09:23:51.378370 [PHY     ] [I] [    74.7] PUSCH: rnti=0x4607 h_id=0 prb=[0, 6) symb=[0, 14) mod=64QAM rv=0 tbs=544 crc=OK iter=2.0 sinr=28.4dB t=85.4us uci_t=0.0us ret_t=3.6us
2026-04-24T09:23:51.378391 [MAC     ] [I] [   74.15] UL rnti=0x4607 ue=0 subPDUs: [lcid=1: len=3, SBSR: lcg=0 bs=0, SE_PHR: ph=[-11..-10)dB p_cmax=[23..24)dBm, PAD: len=533]
2026-04-24T09:23:51.378392 [PHY     ] [I] [    74.8] PUCCH: rnti=0x4607 format=2 prb=[43, 44) prb2=na symb=[0, 2) csi1=1011 sinr=35.3dB t=13.7us
2026-04-24T09:23:51.378393 [RLC     ] [I] du=0 ue=0 SRB1 UL: RX status PDU. ack_sn=4 n_nack=0
2026-04-24T09:23:51.378400 [RLC     ] [I] du=0 ue=0 SRB1 DL: Handled status report. t=3us ack_sn=4 n_nack=0
2026-04-24T09:23:51.378406 [DU-MNG  ] [I] ue=0 proc="UE Delete": Procedure started....
2026-04-24T09:23:51.378411 [DU-MNG  ] [I] ue=0: SRB and DRB traffic stopped
2026-04-24T09:23:51.378414 [DU-F1   ] [I] ue=0 c-rnti=0x4607 du_ue=6 cu_ue=6: F1 UE context removed.
2026-04-24T09:23:51.388344 [PHY     ] [I] [    75.7] PUCCH: rnti=0x4607 format=1 prb1=4 prb2=na symb=[0, 14) cs=0 occ=0 sr=no metric=0.3 sinr=-20.2dB t=30.3us
2026-04-24T09:23:51.394747 [MAC     ] [I] [    76.8] ue=0 crnti=0x4607 proc="MAC UE Removal": finished successfully
2026-04-24T09:23:51.454771 [DU-MNG  ] [I] ue=0 proc="UE Delete": Procedure finished successfully.
2026-04-24T09:23:51.454778 [DU-F1   ] [I] Tx PDU du=0 cu_ue=6 du_ue=6: UEContextReleaseComplete
2026-04-24T09:23:51.454791 [CU-CP-F1] [I] Rx PDU du=0 ue=6 cu_ue=6 du_ue=6: UEContextReleaseComplete
2026-04-24T09:23:51.454840 [CU-CP   ] [I] ue=6: "UE Removal Routine" finished successfully
2026-04-24T09:23:51.454851 [NGAP    ] [I] Tx PDU ran_ue=6 amf_ue=7: UEContextReleaseComplete
2026-04-24T09:33:57.339673 [DU      ] [I] Stopping DU...
2026-04-24T09:33:57.339674 [DU      ] [I] Stopping DU-High...
2026-04-24T09:33:57.339725 [SCHED   ] [I] [   254.6] cell=0: Cell scheduling was deactivated.
2026-04-24T09:33:57.339805 [MAC     ] [I] [   254.6] cell=0: Cell was stopped.
2026-04-24T09:33:57.339990 [DU-F1   ] [I] Tx PDU du=0 tid=8: F1RemovalRequest
2026-04-24T09:33:57.340002 [CU-CP-F1] [I] Rx PDU du=0 tid=8: F1RemovalRequest
2026-04-24T09:33:57.340006 [CU-CP-F1] [I] Tx PDU du=0 tid=8: F1RemovalResponse
2026-04-24T09:33:57.340009 [DU-F1   ] [I] Rx PDU du=0 tid=8: F1RemovalResponse
2026-04-24T09:33:57.340020 [DU-F1   ] [I] F1 Removal: F1 TNL association shut down
2026-04-24T09:33:57.340025 [CU-CP   ] [I] Removed DU 0
2026-04-24T09:33:57.340099 [DU      ] [I] DU-High stopped successfully
2026-04-24T09:33:57.340099 [DU      ] [I] DU stopped successfully
2026-04-24T09:33:57.340128 [CU-UP-E1] [I] Tx PDU tid=1: E1ReleaseRequest
2026-04-24T09:33:57.340133 [CU-CP-E1] [I] Rx PDU tid=1: E1ReleaseRequest
2026-04-24T09:33:57.340137 [CU-CP-E1] [I] Tx PDU tid=1: E1ReleaseResponse
2026-04-24T09:33:57.340139 [CU-CP-E1] [I] "E1 Release Procedure" finished successfully
2026-04-24T09:33:57.340141 [CU-UP-E1] [I] Rx PDU tid=1: E1ReleaseResponse
2026-04-24T09:33:57.340148 [CU-CP   ] [I] Removed CU-UP 0
2026-04-24T09:33:57.340150 [CU-UP-E1] [I] E1AP CU-UP Release Procedure: E1 TNL association shut down
2026-04-24T09:33:57.340469 [CU-UP   ] [I] CU-UP stopped successfully
2026-04-24T09:33:57.340476 [CU-CP   ] [I] Stopping CU-CP...
2026-04-24T09:33:57.341043 [CU-CP   ] [I] CU-CP stopped successfully.
2026-04-24T09:33:57.374860 [GNB     ] [I] Closing PCAP files...
2026-04-24T09:33:57.374863 [GNB     ] [I] PCAP files successfully closed.
(END)